face_id,trace_id,x_face,y0,z0,y1,z1,length,local_orientation_2d,confidence
1,1,0.0,-1.2065991163253784,4.27580451965332,-1.8115664720535278,2.3113207817077637,2.0555247160151726,-1.869532780200467,1.0
1,2,0.0,-0.0799592137336731,0.7021306753158569,-0.33933777088521916,0.0,0.748508330701482,-1.9246627860779668,1.0
1,3,0.0,-2.6372792720794678,5.490011215209961,-1.149937629699707,1.866565465927124,3.916828341803197,-1.1812906902120286,1.0
1,4,0.0,-0.6117432117462158,0.8970434069633484,-0.7705922167738576,0.0,0.9109993854963258,-1.7460600745086385,1.0
1,5,0.0,-1.1438299417495728,7.071079730987549,-1.5644551515579224,5.153356075286865,1.9633108736927813,-1.7867128861293433,1.0
1,6,0.0,-4.228809833526611,2.149129867553711,-3.939204445253179,0.0,2.168554926334225,-1.4368484988650483,1.0
1,7,0.0,4.081119060516357,0.6707949638366699,4.434253142720614,0.0,0.7580696297325741,-1.0862202237711218,1.0
1,8,0.0,-2.1267356872558594,2.9309449195861816,-2.61117594079646,0.0,2.9707104337007553,-1.7346000547877192,1.0
1,9,0.0,2.9957627383081338,7.064123863294397,4.509979380075484,0.0,7.224589814942475,-1.3596385951757775,1.0
1,10,0.0,-1.8883883953094482,3.673999071121216,-2.168225049972534,1.9295713901519775,1.7667304512643522,-1.7298586005164376,1.0
1,11,0.0,2.533064365386963,0.9841594099998474,2.4784573704380324,0.0,0.9856732055750528,-1.6262254151995603,1.0
1,12,0.0,0.898905109588835,7.87986869482869,0.30485397577285767,5.185352325439453,2.759223661556743,-1.7877917432944417,1.0
1,13,0.0,1.9543790944473811,7.604268591601312,1.952142596244812,7.52137565612793,0.08292310097677516,-1.597770347436957,1.0
1,14,0.0,5.524267172995504,1.9603175565158562,3.756850180087839,0.0,2.6394332249941597,-2.3044932076679876,1.0
1,15,0.0,4.485837998923853,5.635752523667496,1.2183528748533503,0.0,6.5144581926701,-2.096213959507904,1.0
1,16,0.0,0.25815895199775696,4.060215950012207,-0.2566545307636261,0.7664450407028198,3.333760598040251,-1.7258410142103535,1.0
1,17,0.0,3.578344016492605,6.636751942826843,2.7082505226135254,2.462423324584961,4.264045274286365,-1.776293125343553,1.0
1,18,0.0,-3.214807884652653,6.903435993004286,-1.9602372646331787,1.4908170700073242,5.556112943974487,-1.3430321012481723,1.0
1,19,0.0,0.13882090612199044,7.94878028948302,0.10671082139015198,7.508492469787598,0.44145715727988205,-1.6435971988188165,1.0
1,20,0.0,-1.7516822814941406,3.3557558059692383,-1.002950668334961,4.83637809753418,1.6591688879746287,1.1026093843347888,1.0
1,21,0.0,-4.150763034820557,4.874759674072266,-4.311370647219299,5.887534149154524,1.0254301256246416,1.7280684962035628,1.0
1,22,0.0,-4.90278434753418,2.4138123989105225,-3.5533945560455322,2.1778604984283447,1.3698635365301637,-0.17310809861641385,1.0
1,23,0.0,2.254875659942627,2.6041884422302246,3.963590145111084,3.974048137664795,2.1900275744840747,0.675770716155902,1.0
1,24,0.0,-2.553356272139765,0.0,-2.86796236038208,0.9200220108032227,0.9723258153116868,1.9002861710680208,1.0
1,25,0.0,-0.6598343616248136,0.0,0.9329904317855835,1.824187994003296,2.4217251412925958,0.8530041748653933,1.0
1,26,0.0,5.446254755515328,3.3504570231043598,1.8915606446827067,7.62173852247891,5.556950230880912,2.2648838639748776,1.0
1,27,0.0,-3.3558897972106934,4.156856060028076,-3.3239965438842773,4.559129238128662,0.40353548719646537,1.491679244511421,1.0
1,28,0.0,-4.69330914227626,0.0,-4.022540092468262,2.1928224563598633,2.2931204598311945,1.2739419130993177,1.0
1,29,0.0,-3.474865354562702,0.0,-3.9672794342041016,0.8369649648666382,0.9710725916445687,2.102592953873847,1.0
1,30,0.0,1.2170944213867188,1.6727758646011353,1.0797476768493652,3.807218074798584,2.138856628413316,1.6350555723452045,1.0
1,31,0.0,1.311514105044826,0.0,0.5509194135665894,1.9228652715682983,2.067828604432268,1.947463018650172,1.0
1,32,0.0,-3.8932414054870605,4.906388282775879,-4.284019517481985,5.916481489601118,1.0830493152616887,1.9399356351017558,1.0
1,33,0.0,0.18015575408935547,4.479738712310791,-0.32196033000946045,7.825463771820068,3.3831932749606675,1.719761492754951,1.0
1,34,0.0,-3.8468918800354004,0.5270676612854004,-2.6308953384057014,7.276215433257928,6.857816214887733,1.3925383572514585,1.0
1,35,0.0,0.581230640411377,7.196677207946777,0.3222584681520499,7.932149270365221,0.7797344038855496,1.9093558155257964,1.0
1,36,0.0,4.4815850257873535,2.807926654815674,4.940777436783086,4.893607951939481,2.1356320243637765,1.354089381649843,1.0
1,37,0.0,4.457611006038565,0.0,3.9339713405462584,6.286958462500869,6.308727701247549,1.653894349520289,1.0
1,38,0.0,-1.6076954836415258,0.0,-2.4862060546875,2.3405275344848633,2.4999699924441727,1.9298713996969095,1.0
1,39,0.0,-2.7677197456359863,5.823640823364258,-1.553714604511661,7.715694151616019,2.2480378732630064,1.0003250276330906,1.0
1,40,0.0,5.177183628082275,3.86872935295105,4.179667949676514,5.682812213897705,2.0702497808346,2.0735422365375653,1.0
1,41,0.0,0.19245392084121704,2.021822452545166,1.9842817783355713,6.348455905914307,4.682990936432162,1.1781608491480666,1.0
1,42,0.0,-2.544891423320004,0.0,-2.1441855430603027,2.0008811950683594,2.0406103888917375,1.3731462568340513,1.0
1,43,0.0,2.114727020263672,2.030106544494629,3.070918083190918,3.5046944618225098,1.7574728660071295,0.9955141214172161,1.0
1,44,0.0,2.0279102325439453,4.530066013336182,3.2291174410381873,6.89293874082244,2.650672798373439,1.1004773125864271,1.0
1,45,0.0,-1.8444687128067017,3.5738914012908936,-1.8067034608787509,7.645337467392005,4.071621210700155,1.5615209567431396,1.0
1,46,0.0,-1.7500016689300537,3.1927478313446045,-0.5124828815460205,4.458066463470459,1.7698824791305472,0.7965050380835194,1.0
1,47,0.0,1.7872763872146606,4.724354267120361,2.01737380027771,6.476317882537842,1.7670091480365904,1.4402068983182013,1.0
1,48,0.0,-3.072521686553955,6.01967716217041,-3.1302800561584627,6.965444199840406,0.9475290596084379,1.631790971862453,1.0
1,49,0.0,1.0660579204559326,7.591538429260254,0.9818068076560772,7.872352569395076,0.2931805438764203,1.862275568171438,1.0
1,50,0.0,4.792112023926685,0.0,4.379284858703613,0.34847086668014526,0.5402390334573474,2.4405289422686103,1.0
1,51,0.0,-4.597929954528809,5.312917232513428,-4.575199408740149,5.4982584417500195,0.1867298625103453,1.4487641014537294,1.0
1,52,0.0,0.1761641502380371,2.389240264892578,2.5861928462982178,5.941235542297363,4.292424579015854,0.974646114630011,1.0
1,53,0.0,-2.6064008513868195,0.0,-3.1310527324676514,1.2947129011154175,1.396975695077175,1.9558001075378348,1.0
1,54,0.0,3.433772563934326,5.944455146789551,3.511964056759223,6.685447175464978,0.7451060972175106,1.4656626794727379,1.0
1,55,0.0,2.1450625054256403,0.0,1.9827818870544434,4.379344463348389,4.382350160331683,1.6078352952558834,1.0
1,56,0.0,2.7416560649871826,5.612231254577637,1.9754017075491768,7.594537866336085,2.125249454373296,1.9396516277125921,1.0
1,57,0.0,4.2894182205200195,5.80023193359375,4.305418251696861,5.8938339262136665,0.0949596441657129,1.4014957607156415,1.0
1,58,0.0,4.554756164550781,0.6596683263778687,3.892685890197754,2.924135208129883,2.3592683837862922,1.8552417975047684,1.0
1,59,0.0,3.9655380249023438,2.033412456512451,2.2947921752929688,5.689826488494873,4.020044187227909,1.9994029342421635,1.0
1,60,0.0,-0.2158469706773758,4.661108016967773,-0.43655598163604736,5.580636024475098,0.9456448720892768,1.8063642270004379,1.0
1,61,0.0,1.8154637813568115,0.4455878734588623,1.3172051906585693,2.024407148361206,1.6555760103383237,1.8764932354674013,1.0
1,62,0.0,-4.241310119628906,4.373115539550781,-4.59696220229052,5.4647735703125715,1.1481313775122832,1.8857432609775084,1.0
1,63,0.0,5.506744792957642,1.8256551023959864,2.835295965975033,0.0,3.235684686135418,-2.5420980479328716,1.0
1,64,0.0,4.738423106638909,5.24711768047621,-5.43653627153925,1.2860907410535796,10.918769745827936,-2.770351542609846,1.0
1,65,0.0,2.010066051081784,7.577704082367906,-1.6043758392333984,4.515997886657715,4.736901414143571,-2.438798699403882,1.0
1,66,0.0,4.423519097250859,5.731638210668724,-2.122152328491211,1.0870704650878906,8.026071514574614,-2.5244772093910597,1.0
1,67,0.0,-3.5818636417388916,4.621236801147461,-5.308126692106194,3.960358429657887,1.8484437619159897,-2.7759684462231666,1.0
1,68,0.0,3.8705764549270287,6.354053070812029,3.727311849594116,6.26264762878418,0.16994028943573575,-2.5736865771066517,1.0
1,69,0.0,4.590651411325751,5.474483538090136,-5.49450849582938,1.7316170894621736,10.757299828728126,-2.7862225636749742,1.0
1,70,0.0,4.709846879715013,5.291085900020236,-3.5897083282470703,4.760202884674072,8.316516904689943,-3.077714442132441,1.0
1,71,0.0,2.6928024506523514,7.246151948782195,0.6473827362060547,7.153120040893555,2.0475343084136512,-3.096140937825849,1.0
1,72,0.0,-2.5874924659729004,3.196218967437744,-5.067586944904489,0.0877257668030648,3.976631564882392,-2.244221611244391,1.0
1,73,0.0,4.364073276519775,4.492532730102539,-0.7762885093688965,2.34356427192688,5.571479581229608,-2.74561675554374,1.0
1,74,0.0,1.7760889530181885,4.436831474304199,-2.251195192337036,1.5116567611694336,4.977515915574014,-2.51340715569431,1.0
1,75,0.0,4.670270423991609,5.3519793937153715,2.170307159423828,2.2021560668945312,4.0213434713256095,-2.2416739497972684,1.0
1,76,0.0,3.1368558332080902,6.960620319342524,-4.71992301940918,1.6017918586730957,9.510311057468867,-2.543005758363022,1.0
1,77,0.0,-1.8063273429870605,2.1503891944885254,-2.67664919023034,0.0,2.319834866011364,-1.955371561372568,1.0
1,78,0.0,-2.875936508178711,1.5101029872894287,-4.527232707460325,0.0,2.237675170792749,-2.400826451661153,1.0
1,79,0.0,1.7420377731323242,3.4477579593658447,-4.553571834800076,0.0,7.1778642562994515,-2.6405594441714895,1.0
1,80,0.0,-0.6829037666320801,6.8337297439575195,-5.514972775889317,2.7695886768813773,6.313963376779993,-2.442301840300188,1.0
1,81,0.0,2.217958450317383,2.2616474628448486,-2.9012099909135727,0.0,5.596510946642338,-2.7255789259247933,1.0
1,82,0.0,4.666922471422764,5.357130651576039,-5.389249142021594,1.0499815400626533,10.939749585244384,-2.736922569727282,1.0
1,83,0.0,1.656447410583496,6.302737712860107,-4.866523480280057,0.0,9.070482452447738,-2.3733640317205458,1.0
1,84,0.0,1.4936767209038744,7.732390801733849,-5.36595344543457,2.917623996734619,8.380722248437952,-2.5295934024331577,1.0
1,85,0.0,2.697983741760254,2.051609754562378,-0.4356496593911275,0.0,3.7454987488753853,-2.5619160233652787,1.0
1,86,0.0,5.267210350209632,4.118877494605976,-2.937523365020752,0.13495302200317383,9.12081737243114,-2.6895602833903065,1.0
1,87,0.0,5.491293718324659,1.7069109806288036,-5.399769259724562,1.0814525804453272,10.909007791829394,-3.0842270720450835,1.0
1,88,0.0,5.053208945799139,4.626771763503772,1.985426902770996,1.781167984008789,4.184345532266911,-2.393748915321022,1.0
1,89,0.0,-0.6689610481262207,0.9673185348510742,-1.941619284150546,0.0,1.5985506352902856,-2.4916732578297056,1.0
1,90,0.0,5.532170479038507,2.401301791851057,-4.972219467163086,0.5968539714813232,10.65824751440396,-2.9714726603332293,1.0
1,91,0.0,5.08911479271286,0.1521265450888541,4.030822182185491,0.0,1.0691705828433107,-2.9988235022972383,1.0
1,92,0.0,5.093179084879149,4.53190974789361,-3.1609895679437083,0.0,9.416448699605208,-2.639482969772367,1.0
1,93,0.0,-3.607095718383789,1.1292537450790405,-5.403974069591843,1.094031312439678,1.7972235333428088,-3.1219931507191245,1.0
1,94,0.0,2.6101090908050537,5.255729675292969,1.1447014808654785,5.936784744262695,1.615937953709293,2.7065366921995575,1.0
1,95,0.0,-4.456881974538097,0.0,-5.416025350075114,1.130082842038526,1.4822426402942315,2.274556828190446,1.0
1,96,0.0,-3.639097574404648,0.0,-4.508790969848633,1.160966396331787,1.4505893890038295,2.2137286174962836,1.0
1,97,0.0,1.3466203915238668,0.0,-5.014011972482466,4.719798807697797,7.9204889277866135,2.5032099850381924,1.0
1,98,0.0,4.539143438077126,0.0,3.7232282161712646,1.4190757274627686,1.6369158712687943,2.0926023677451346,1.0
1,99,0.0,-3.438917398452759,5.172364234924316,-4.068695769144125,6.144371522270209,1.158196426710164,2.145704616322293,1.0
1,100,0.0,4.184530735015869,5.889050483703613,3.527877554002693,6.673773298989764,1.023222017435779,2.2675748679345316,1.0
2,1,3.0,-0.3568059206008911,0.35723233222961426,-0.37016249086081354,0.0,0.35748193962677016,-1.60816794850454,1.0
2,2,3.0,4.447415828704834,4.848629951477051,3.7283778190612793,1.7814929485321045,3.1502928521244296,-1.8010708563381521,1.0
2,3,3.0,0.41793766617774963,1.1569210290908813,0.2130694042197094,0.0,1.174920113161066,-1.7460600458440907,1.0
2,4,3.0,3.931243896484375,4.57320499420166,4.712244987487793,1.7600717544555664,2.9195344369801295,-1.2999896738128007,1.0
2,5,3.0,1.581599234653218,7.707939382707439,1.5207535028457642,7.469029426574707,0.2465363466479707,-1.8201753891191161,1.0
2,6,3.0,-2.6675777435302734,5.776332378387451,-2.610285758972168,3.7265524864196777,2.0505804000355665,-1.542853291272057,1.0
2,7,3.0,-4.816259860992432,4.245217800140381,-4.244196890623996,0.0,4.283588473779372,-1.4368485347750033,1.0
2,8,3.0,5.3690032958984375,2.031879425048828,5.4842804836522765,1.6530130860356662,0.3960158239940293,-1.2754278627677142,1.0
2,9,3.0,-4.092595100402832,4.04342794418335,-3.9323551654815674,2.352034568786621,1.698966858734893,-1.4763398281635558,1.0
2,10,3.0,-4.05038098330865,6.163755158188643,-3.9054722785949707,5.568617820739746,0.6125250877536023,-1.3319560843213871,1.0
2,11,3.0,-4.766573135973419,5.203805221023576,-4.51218318939209,4.541083335876465,0.7098693837422437,-1.2042839573376263,1.0
2,12,3.0,2.6519512946202157,7.265990187889436,3.1128792762756348,3.883199691772461,3.4140483512821356,-1.435373566024931,1.0
2,13,3.0,-2.2430005073547363,6.661684036254883,-2.0155689926206337,0.0,6.665565189298459,-1.5366693382085528,1.0
2,14,3.0,1.5124238792411875,7.727177181188752,1.0130295753479004,5.462007999420166,2.3195659276673357,-1.78779171296814,1.0
2,15,3.0,5.126941530198739,4.451780589260137,4.967581272125244,4.073822975158691,0.4101800213449066,-1.969813563411747,1.0
2,16,3.0,-3.4070301055908203,1.3088500499725342,-4.290323704023914,0.0,1.5790174268658304,-2.1644514116832503,1.0
2,17,3.0,2.378683567047119,6.062905788421631,1.931774616241455,4.437441349029541,1.6857823863234722,-1.8391089047012843,1.0
2,18,3.0,4.221824261975723,5.982306457439524,4.21721076965332,5.935251235961914,0.047280843686590274,-1.6685281873646134,1.0
2,19,3.0,-0.6198455691337585,1.7677295207977295,-0.46438982517615324,0.0,1.774551815819753,-1.4830810699835817,1.0
2,20,3.0,-2.607449411734055,7.287601301972073,-1.0451042652130127,0.547144889831543,6.919152766114088,-1.3430320928171482,1.0
2,21,3.0,0.4534113541465172,7.920258542369332,0.3705616593360901,6.784238338470459,1.1390373021093814,-1.643597211718129,1.0
2,22,3.0,1.091890519858249,0.0,0.6713106632232666,0.6039721965789795,0.7359822212849573,2.1790726805159957,1.0
2,23,3.0,-5.508470460556825,1.8389171497547845,-4.260899543762207,2.6520559787750244,1.4891702211943971,0.5776238653869261,1.0
2,24,3.0,-1.0634288787841797,6.877694129943848,0.9415200352668762,5.951199531555176,2.2086675595928633,-0.43287377032950775,1.0
2,25,3.0,4.4738281643032956,5.6542312068992056,2.767423629760742,3.914794445037842,2.4366896979349124,-2.346608669860887,1.0
2,26,3.0,0.061454325914382935,4.715563774108887,-0.6552486419677734,4.88089656829834,0.735525714714029,2.914873553651592,1.0
2,27,3.0,2.3266735076904297,4.951544284820557,0.9778932332992554,7.346217632293701,2.7483938345304457,2.083749159185248,1.0
2,28,3.0,-3.9303689002990723,3.4557113647460938,-5.051665355645699,4.630435200174287,1.6239710066057325,2.3329291295691963,1.0
2,29,3.0,0.7417115749119924,0.0,0.30740422010421753,1.2700719833374023,1.3422763207695834,1.9002861307754333,1.0
2,30,3.0,-2.159679889678955,3.8769915103912354,-1.0273971557617188,5.896516799926758,2.315285421843412,1.0597998009961198,1.0
2,31,3.0,4.675665855407715,3.1998209953308105,-0.6442947064364618,7.902952464780472,7.100804602191581,2.4176577747513965,1.0
2,32,3.0,-4.4127349853515625,2.4055707454681396,-5.537150329761725,2.294658846868247,1.1298722564945374,-3.0432710958706117,1.0
2,33,3.0,3.3372204303741455,5.736194133758545,3.840925833131937,6.385434101570141,0.821724813165205,0.9109625747851153,1.0
2,34,3.0,-2.4989144802093506,3.2131707668304443,-2.277888059616089,4.180253505706787,0.9920190030603436,1.3461058566065314,1.0
2,35,3.0,-0.8793848856772261,0.0,0.44003355503082275,7.335173606872559,7.4528945292845945,1.3928239284332598,1.0
2,36,3.0,4.456340789794922,4.3668365478515625,4.329965924220407,5.867853652618562,1.5063276388130447,1.6547910586961947,1.0
2,37,3.0,3.8174679279327393,2.5672593116760254,3.797978162765503,4.147838115692139,1.580698961425382,1.583126479150547,1.0
2,38,3.0,-4.162765026092529,2.197112798690796,-3.3912529945373535,4.608560562133789,2.5318592240977003,1.2611502798741097,1.0
2,39,3.0,-1.9362797737121582,3.0828990936279297,-3.4587087631225586,5.345463752746582,2.727084315618033,2.16308646341163,1.0
2,40,3.0,-1.7975019216537476,4.158901214599609,-2.290171051246331,7.441678801613877,3.31954086539942,1.7197614950669784,1.0
2,41,3.0,-1.2746831178665161,0.5575704574584961,-1.4270509481430054,3.2807610034942627,2.7274498539334764,1.6266900014099164,1.0
2,42,3.0,-5.432068298231503,1.2517536105231832,-4.702172844373509,5.302893395515791,4.116367443646464,1.3925383463419014,1.0
2,43,3.0,4.150458853628005,0.0,4.006142616271973,2.658987283706665,2.6629007775879203,1.6250180152579876,1.0
2,44,3.0,3.165928602218628,0.4922780990600586,2.599631083050707,7.291398058022678,6.822662610490101,1.6538943513666753,1.0
2,45,3.0,2.9569281345661707,0.0,3.7023520469665527,2.0240933895111084,2.1569911586839803,1.2179341426506405,1.0
2,46,3.0,-3.1119813036035686,0.0,-3.3289785385131836,0.5781241655349731,0.617507368971357,1.9298712781833318,1.0
2,47,3.0,1.7323811301824037,0.0,2.596285820007324,0.660241425037384,1.0873132264609346,0.6525605597762796,1.0
2,48,3.0,-2.26524212868809,0.0,-1.4208581447601318,1.7904199361801147,1.9795423360426665,1.130115712859772,1.0
2,49,3.0,-1.5053164958953857,2.755849599838257,-1.4590666994416195,7.7420159148157985,4.986380808190318,1.5615209702985167,1.0
2,50,3.0,2.8258843421936035,4.463016033172607,3.1908254623413086,5.954892635345459,1.5358638667816475,1.330888664443071,1.0
2,51,3.0,0.39077794551849365,1.7839739322662354,1.3689857721328735,3.906304121017456,2.336915912508283,1.1389049774898479,1.0
2,52,3.0,-3.429598331451416,1.502042293548584,-3.6300015449523926,3.0534372329711914,1.5642850462903473,1.699261079814093,1.0
2,53,3.0,-1.7716620838906882,0.0,-1.6541179418563843,0.41858285665512085,0.4347737724519984,1.297032483689729,1.0
2,54,3.0,-3.3175381510800754,0.0,-2.9036781787872314,2.393641471862793,2.4291561441141885,1.3995892417704623,1.0
2,55,3.0,1.738138068754242,0.0,1.5777473449707031,0.38527631759643555,0.4173284380155239,1.9652754062270577,1.0
2,56,3.0,3.299746513366699,5.571277618408203,0.46115899085998535,7.787274360656738,3.601141580747267,2.4787506716524317,1.0
2,57,3.0,5.423911530531771,3.4491130384576625,0.37688485941335786,0.0,6.113007358987821,-2.5420980991639075,1.0
2,58,3.0,4.623705228673608,5.423625966802326,-5.463927184226727,1.4965945376330703,10.825059054965038,-2.770351529697982,1.0
2,59,3.0,2.27913299727133,7.447039128598563,-5.363551586963504,0.9731070396242293,10.016108243562085,-2.438798771191073,1.0
2,60,3.0,-2.5765159130096436,3.848545789718628,-5.509603160536878,2.8845783877052606,3.087431611186115,-2.824060457339538,1.0
2,61,3.0,3.925367593765259,1.7374356985092163,2.1024013983288756,0.0,2.518310655212738,-2.3802125792234414,1.0
2,62,3.0,4.60079002714603,5.458883966899518,-1.4538030624389648,1.1627674102783203,7.423928538753937,-2.524477215939191,1.0
2,63,3.0,-2.0095021724700928,4.166006088256836,-5.512386662470445,2.8249700058361147,3.7508102490847683,-2.7759683826122625,1.0
2,64,3.0,3.9822137483288143,6.235900629955841,-5.517745204000402,2.7102174396792624,10.133097357379867,-2.786222553309443,1.0
2,65,3.0,1.1770977973937988,4.933650970458984,-5.535926823039591,2.0499239390804846,7.3062015538888545,-2.735855911183047,1.0
2,66,3.0,3.7179443865577726,6.515592739870933,-0.7428874969482422,6.230254650115967,4.46994842457593,-3.0777144596824804,1.0
2,67,3.0,-1.5113048553466797,3.0400218963623047,-3.9367696764071813,0.0,3.8890375067057805,-2.244221571390309,1.0
2,68,3.0,5.430727700905322,3.4190163890474445,-1.8519930839538574,0.37441837787628174,7.893516268422287,-2.7456168007099655,1.0
2,69,3.0,-3.436411142349243,5.768870830535889,-4.503275172635147,0.0,5.866691530882267,-1.7536648918645277,1.0
2,70,3.0,1.191725492477417,0.9292793869972229,-1.8346505165100098,0.2322360873222351,3.1056112295965925,-2.9152177357018996,1.0
2,71,3.0,5.197629756104433,4.284014658401158,2.801624298095703,1.2651729583740234,3.8541208290128037,-2.241673984071838,1.0
2,72,3.0,2.798855117433649,7.194650391276385,-2.95198917388916,3.272204875946045,6.961162897373918,-2.54300577476456,1.0
2,73,3.0,1.3350061178207397,0.3783985376358032,0.5563904591898674,0.0,0.8656949792797123,-2.6892166517537412,1.0
2,74,3.0,-0.8921554088592529,2.899916172027588,-2.0658314092371453,0.0,3.1284227909044175,-1.9553715323475898,1.0
2,75,3.0,-3.3216370145099305,6.825067923005088,-4.99755143826496,4.758864957824694,2.6604292603018793,-2.2522740302808693,1.0
2,76,3.0,0.09848785400390625,0.6318833827972412,-1.0553318441283852,0.0,1.3155137799557164,-2.6405594390963474,1.0
2,77,3.0,-3.8967108726501465,5.002064228057861,-4.786743038735642,5.1727712179974645,0.9062550044447084,2.952095276265068,1.0
2,78,3.0,-1.7540225058416448,7.659988141620862,-4.877824339569034,5.032630861397439,4.081806484185846,-2.4423018258601252,1.0
2,79,3.0,3.427187204360962,4.711699962615967,-2.5373356342315674,1.7150622606277466,6.674980914509728,-2.6760186651337126,1.0
2,80,3.0,0.7875227928161621,2.1144862174987793,-3.998550674594759,0.0,5.232356180483807,-2.725578919112683,1.0
2,81,3.0,4.724429429408998,5.268648762039621,-5.356173659920747,0.9510358949413603,10.96632753088913,-2.736922608802167,1.0
2,82,3.0,0.4786090850830078,4.208574295043945,-3.877022950675414,0.0,6.056701084569858,-2.3733640076295477,1.0
2,83,3.0,1.9802138394139395,7.592200986996033,-5.2872090339660645,2.4912052154541016,8.878940988756234,-2.5295934284479116,1.0
2,84,3.0,2.5312411785125732,4.558679580688477,-4.431696413733216,0.0,8.322503195126792,-2.561916026107116,1.0
2,85,3.0,5.278580302562742,4.090819858685196,-2.9134984016418457,0.11303997039794922,9.1067494934002,-2.6895602601540483,1.0
2,86,3.0,1.8299689809845392,7.63886728180796,-2.115878564145769,7.526319148902374,3.9474523343077133,-3.1130772017112243,1.0
2,87,3.0,5.518473079560531,1.9157889685233913,-5.436609573462915,1.286654078734368,10.973132945705391,-3.0842270784245263,1.0
2,88,3.0,4.914354360313181,4.956318424063161,-0.030104637145996094,0.3699522018432617,6.7440662735381425,-2.393748889503799,1.0
2,89,3.0,5.493877368568833,3.1401804292810236,3.071009874343872,1.7093799114227295,2.8138011686107998,-2.6081579678834514,1.0
2,90,3.0,-1.0092558860778809,1.4403696060180664,-2.9042863163891193,0.0,2.380295135848964,-2.4916732098218035,1.0
2,91,3.0,5.4035407409895395,3.53905980877915,-5.48628288939533,1.668401912834346,11.049326661138648,-2.971472647758457,1.0
2,92,3.0,5.282156469875613,0.7296127091280384,4.741103172302246,0.6518378257751465,0.5466146753386429,-2.9988234758297816,1.0
2,93,3.0,5.206796376710421,4.262259314861398,-2.5562463248652305,0.0,8.856166577792546,-2.6394829897457592,1.0
2,94,3.0,5.354003485248097,3.757790465010945,2.4422290325164795,2.4350991249084473,3.1981155146058518,-2.715204984704962,1.0
2,95,3.0,-0.9084973335266113,0.9231089949607849,-5.3179451296875255,0.8366748532963154,4.410294857253154,-3.121993130535008,1.0
2,96,3.0,-2.59418336916464,0.0,-5.359964847564697,2.0523009300231934,3.444050855262575,2.503209999992036,1.0
2,97,3.0,3.5012478828430176,0.8635113835334778,1.2757631540298462,1.1228082180023193,2.240539472213377,3.025603105921527,1.0
2,98,3.0,5.041445193758583,0.009522449196221413,3.9755918979644775,0.4469078779220581,1.1521064453499255,2.7521857668793506,1.0
2,99,3.0,2.555222511291504,2.5712804794311523,1.1007273197174072,3.7977185249328613,1.902552638369362,2.441056516557614,1.0
2,100,3.0,-3.6008448600769043,2.149256706237793,-5.387378954188741,3.6104218206610366,2.3079661091600743,2.456045769424075,1.0
2,101,3.0,-0.15857736766338348,6.97303581237793,-0.6184239983558655,7.88438606262207,1.0207929282568946,2.038099051553432,1.0
2,102,3.0,5.358650237525947,0.9584446023365366,5.214656352996826,1.7863227128982544,0.8403073275469074,1.743004824902475,1.0
3,1,6.0,-0.6602182984352112,7.216527938842773,-0.2217177152633667,5.317391395568848,1.949102965838512,-1.3438783463605977,1.0
3,2,6.0,-5.054247856140137,3.7479851245880127,-4.549189322516123,0.0,3.7818615279408974,-1.4368485363932235,1.0
3,3,6.0,-4.028577419785662,6.186831176704539,-3.0624005794525146,3.6698031425476074,2.6960949188646994,-1.20428400443674,1.0
3,4,6.0,2.68271088845984,7.251052638093978,2.3696820735931396,6.834444999694824,0.5211036013206695,-2.215177239358204,1.0
3,5,6.0,-2.144373893737793,3.5473251342773438,-2.422422409057617,1.5039891004562378,2.0621670940986636,-1.7060414144465539,1.0
3,6,6.0,-0.9693567156791687,7.34816837310791,-0.7184884385261057,0.0,7.352449478372844,-1.5366693354845988,1.0
3,7,6.0,-2.9174538623375943,7.121569950160559,-2.627201557159424,5.58502197265625,1.5637218703573295,-1.3840972779705398,1.0
3,8,6.0,-2.9526660442352295,4.862921237945557,-3.6556341648101807,1.8424381017684937,3.101206628793816,-1.7994594823879781,1.0
3,9,6.0,-2.993666521915327,7.065661612719338,-3.070361614227295,5.6253557205200195,1.4423464217339799,-1.623995252676699,1.0
3,10,6.0,-1.9815031537837844,7.591574866973059,-0.3073568344116211,0.3687725067138672,7.4142861985516255,-1.343032091229605,1.0
3,11,6.0,-4.455782890319824,2.3500442504882812,-5.544410496508455,2.1391831898716065,1.1088608802912912,-2.950267466402291,1.0
3,12,6.0,3.1802403926849365,5.490569114685059,4.26358991535301,5.938103362397442,1.17214892020623,0.39175024117675367,1.0
3,13,6.0,-4.526940822601318,4.863109111785889,-4.276754231290954,5.924170777569608,1.0901583321092494,1.339236859518122,1.0
3,14,6.0,-4.368244520103837,5.8166852936750235,-3.3043370246887207,5.572844982147217,1.0914931315983825,-0.22530194216698657,1.0
3,15,6.0,0.337791383266449,7.0818023681640625,1.6169982740495032,7.698094842230826,1.419924886400045,0.44896322947018563,1.0
3,16,6.0,5.293346881866455,2.5362961292266846,5.506592048073335,2.9490610235580985,0.4645948330567433,1.0939363859554334,1.0
3,17,6.0,-5.149909019470215,0.7796392440795898,-4.738734126178698,0.0,0.8814205260727054,-1.08547662144462,1.0
3,18,6.0,-2.80161190032959,3.2421984672546387,-4.241990566253662,2.109804153442383,1.8322138475635261,-2.4753366412876057,1.0
3,19,6.0,-3.0967724323272705,2.184218168258667,-2.1962597370147705,4.399025917053223,2.3908777631948044,1.1846241760878018,1.0
3,20,6.0,-2.357717275619507,2.4376399517059326,-0.7603704333305359,4.114070892333984,2.315585807795859,0.8095502976364444,1.0
3,21,6.0,-5.213186162280987,0.5232873241084983,-4.757840633392334,1.3034203052520752,0.9032978572690471,1.0424656448137353,1.0
3,22,6.0,-3.75419804587482,0.0,-3.705457925796509,0.21544957160949707,0.22089390487735058,1.3483160382542734,1.0
3,23,6.0,1.377653431488954,7.764657100151959,1.0227701663970947,7.364583969116211,0.5347902785382377,-2.2964082413587428,1.0
3,24,6.0,5.446811954706753,3.3479967224080864,3.021167278289795,0.7284411191940308,3.5701293610400286,-2.3177786658445045,1.0
3,25,6.0,-4.718029746974479,0.0,-3.516015770001106,6.6824749061281326,6.789720794839177,1.3928239170056385,1.0
3,26,6.0,-1.9053953886032104,5.171602725982666,0.1483854055404663,7.819833278656006,3.3512893952187977,0.9111555638129121,1.0
3,27,6.0,-1.4289512634277344,4.252950668334961,-0.9647839069366455,4.891899108886719,0.7897508749697266,0.9425350175345757,1.0
3,28,6.0,1.718043034020079,0.0,1.8973749876022339,0.17368894815444946,0.2496553630238918,0.76941462008499,1.0
3,29,6.0,5.539688810290531,2.2402975709145,3.256193672706717,6.8730760683327485,5.164976926328888,2.0287475799459713,1.0
3,30,6.0,-3.715956211090088,2.295562744140625,-4.4366021156311035,4.288576602935791,2.119300535809241,1.917755231922602,1.0
3,31,6.0,4.40957416203478,0.0,3.5126967430114746,1.0068079233169556,1.3483513263269729,2.2985123965898397,1.0
3,32,6.0,5.099023743155132,0.1817692723209509,5.019521713256836,0.5023448467254639,0.3302866507486081,1.8138896590284246,1.0
3,33,6.0,5.116390603550423,0.2337224139351586,4.13955545425415,2.4054036140441895,2.3812614606144513,1.9934888782541293,1.0
3,34,6.0,-4.576136589050293,2.8044862747192383,-4.403512954711914,4.903909206390381,2.1065079076896067,1.4887565551309987,1.0
3,35,6.0,-4.252810955047607,5.4750542640686035,-4.443706076662499,5.700577933009762,0.29546890311680096,2.273227400370523,1.0
3,36,6.0,-1.4218120574951172,5.55443811416626,-1.7137153148651123,7.655459880828857,2.1212024834167145,1.7088465605119083,1.0
3,37,6.0,0.19792038202285767,5.550382614135742,0.5936353922717295,7.90754539554691,2.390147850532744,1.4044696016911151,1.0
3,38,6.0,-3.3775293809656683,0.0,-3.0329909324645996,0.19836366176605225,0.39756117114824024,0.522388259768563,1.0
3,39,6.0,2.988459642429054,0.0,1.5974254608154297,3.226994037628174,3.514038504812557,1.9777902335388198,1.0
3,40,6.0,-3.228766441345215,5.467679977416992,-3.2618045806884766,5.888132095336914,0.42174815010218203,1.6492128487387197,1.0
3,41,6.0,-2.7430360317230225,5.9022297859191895,-2.4682029278749416,7.3552225227636345,1.4787566156381113,1.3838552059682476,1.0
3,42,6.0,1.838842480991029,0.0,1.611324667930603,0.479946106672287,0.5311427497101747,2.013468176370816,1.0
3,43,6.0,1.320957285159716,0.0,1.7930524349212646,0.8969830274581909,1.0136332581246734,1.0863194283356536,1.0
3,44,6.0,2.0923848152160645,6.25886869430542,1.9711719751358032,6.809074878692627,0.5633998561752144,1.7876369547843665,1.0
3,45,6.0,2.6321306228637695,6.346414566040039,1.3751344680786133,7.327712059020996,1.594673666577391,2.4787507699659987,1.0
3,46,6.0,2.9645890023933195,0.0,4.646035194396973,5.115220069885254,5.384490473569481,1.2532086103321614,1.0
3,47,6.0,1.3531529903411865,0.26769304275512695,-0.5108584761619568,2.392944812774658,2.826877046004362,2.290802007434699,1.0
3,48,6.0,4.97172611753771,4.820156763016114,-2.0815248373587263,0.0,8.542965542058417,-2.5420981008898287,1.0
3,49,6.0,-4.615106582641602,4.044767379760742,-5.381144198594541,3.637951245982503,0.8673597844938034,-2.653402619904024,1.0
3,50,6.0,4.508987750715053,5.600133637666348,-5.491318013693408,1.7070976946466732,10.731348668052128,-2.7703515251764346,1.0
3,51,6.0,2.5482005691711223,7.316373870970269,-5.270135340478991,0.693651376815218,10.246308097588699,-2.438798738218828,1.0
3,52,6.0,-3.2904694080352783,2.2379119396209717,-5.4672969076329005,1.5224914319248273,2.291376107459586,-2.824060454749287,1.0
3,53,6.0,4.650749206542969,2.6002819538116455,1.9224604853072333,0.0,3.7689555032847806,-2.38021259183624,1.0
3,54,6.0,5.409453909642816,3.5129503434770872,-1.0273926258087158,0.8491606712341309,6.966259307469298,-2.7492170982821427,1.0
3,55,6.0,4.778060139202695,5.186130981480589,-0.19766712188720703,1.6555380821228027,6.101061218980583,-2.524477235743434,1.0
3,56,6.0,-3.237978458404541,2.638509511947632,-5.499839147869872,1.7725840519570246,2.421949768432146,-2.77596837542231,1.0
3,57,6.0,3.1832298843283335,6.926601087985,-5.3538995939427085,3.7582491947702854,9.106098695270202,-2.786222563742405,1.0
3,58,6.0,3.8326570987701416,5.601459503173828,-5.477644687231472,1.602015868241371,10.132979262557807,-2.7358559833293157,1.0
3,59,6.0,-0.9303069114685059,2.2631635665893555,-2.73595973431364,0.0,2.8952187215797793,-2.244221616117358,1.0
3,60,6.0,5.521289979412124,1.9374373203001365,0.8869130579957397,0.0,5.023058114321253,-2.745616793548484,1.0
3,61,6.0,-2.6321494579315186,5.542448043823242,-3.657140242206469,0.0,5.63642940400469,-1.7536649214796325,1.0
3,62,6.0,-2.8717122077941895,1.487084150314331,-5.085424752787879,0.14108775267496337,2.5907970847444983,-2.595292040978319,1.0
3,63,6.0,5.50695285710463,2.941334338600589,3.652667999267578,0.6050319671630859,2.9827304780667454,-2.2416739161378647,1.0
3,64,6.0,2.4010007429971414,7.3878574134650385,1.4549751281738281,6.742607116699219,1.1451254994009201,-2.543005767817387,1.0
3,65,6.0,1.4708647727966309,0.023295044898986816,1.4229314820418315,0.0,0.05329408484466118,-2.6892166603982672,1.0
3,66,6.0,1.521446704864502,7.030210971832275,-2.625091552734375,6.660848140716553,4.162956692393155,-3.0527497453145163,1.0
3,67,6.0,-0.34910106658935547,2.7324886322021484,-1.4550145674952975,0.0,2.947802367289911,-1.9553715450585059,1.0
3,68,6.0,-2.7145912647247314,6.5513014793396,-5.498662403424851,3.118873474770495,4.419571711364488,-2.252274067761637,1.0
3,69,6.0,5.194498563409125,4.291445987317631,2.8700456619262695,3.2483222484588623,2.547781078857201,-2.719769583422455,1.0
3,70,6.0,-4.540978357324267,5.55091195355506,-5.315263310440044,3.9288468493720043,1.797390439172827,-2.0161563767212853,1.0
3,71,6.0,-3.513554096221924,4.818058967590332,-4.850609506539239,5.074504400430243,1.3614262485655455,2.9520952928030018,1.0
3,72,6.0,3.1323005341228467,6.963962010864831,-5.522150601501474,2.6158763460509213,9.685317413872884,-2.676018639009493,1.0
3,73,6.0,2.0529589653015137,4.216090679168701,-1.6331645703133177,0.0,5.600261363078226,-2.2892291176749757,1.0
3,74,6.0,-2.020206928253174,1.3588370084762573,-5.045677920228006,0.022184693993201308,3.3075843349934537,-2.725578950111074,1.0
3,75,6.0,4.7819366628729725,5.1801664486450845,-5.323097859871036,0.8520892986727717,10.992905645094963,-2.736922602074796,1.0
3,76,6.0,-2.6007134914398193,0.27712583541870117,-2.8875227418353036,0.0,0.39882110622299394,-2.3733639546845575,1.0
3,77,6.0,2.3858394017263915,7.395220101391887,-4.628178119659424,2.4720892906188965,8.569344127194888,-2.529593431802724,1.0
3,78,6.0,-0.2728980779647827,1.3461300134658813,-1.659590549428952,0.0,1.9326101581977313,-2.371036098054691,1.0
3,79,6.0,0.19934630393981934,5.6482110023498535,-5.517145614428062,1.9055871744685566,6.832679779544052,-2.5619160056489223,1.0
3,80,6.0,5.285431574851937,4.06056821754342,-2.1338539123535156,0.45802879333496094,8.247671637718954,-2.689560234835696,1.0
3,81,6.0,2.935182265990997,7.1085646885775065,-3.1726672952841364,6.934349627345887,6.11033363661337,-3.1130772428593954,1.0
3,82,6.0,5.545089845359969,2.124635010373292,-5.463385781213407,1.4924337639091751,11.026613897153144,-3.084227071744255,1.0
3,83,6.0,4.736657323315208,5.249834566405568,-0.9230726222030133,0.0,7.719670072666474,-2.393748937369356,1.0
3,84,6.0,5.500397294697851,3.0817209726452615,3.0128533840179443,1.6127262115478516,2.888913345133828,-2.608157901422009,1.0
3,85,6.0,-2.1312294006347656,1.3192830085754395,-3.866951549087942,0.0,2.1801924303480122,-2.491673205906459,1.0
3,86,6.0,5.0485092088684755,4.637925753165601,-5.512443105086897,2.823761293532183,10.715638406750964,-2.971472629455142,1.0
3,87,6.0,5.3029891186172105,3.983043271679617,-1.9515051030347976,0.0,8.27600870686194,-2.6394829975304925,1.0
3,88,6.0,-0.9574933052062988,0.6631057262420654,-5.231916166816489,0.5793183254477783,4.275243984661893,-3.1219931253043685,1.0
3,89,6.0,-0.7576470971107483,5.614739418029785,-1.3270902633666992,7.245676040649414,1.727489446160967,1.9067146060080276,1.0
3,90,6.0,1.5428336068084827,0.0,0.5115811824798584,0.9385279417037964,1.3943874138998922,2.40323327952203,1.0
3,91,6.0,4.516819000244141,1.222161889076233,1.9993226528167725,4.486766338348389,4.1225514028957475,2.2276959491857187,1.0
3,92,6.0,1.0575447082519531,6.278555393218994,-0.3123703598976135,7.806670665740967,2.052267911374666,2.30165974640577,1.0
3,93,6.0,5.451510157885469,1.4011675901309748,4.118631839752197,2.286165952682495,1.5999333463206056,2.55545557669149,1.0
