trace_id,fracture_id,set_id,face_id,face_x_m,p0_x,p0_y,p0_z,p1_x,p1_y,p1_z,observed_length_m,censoring_class,radius_m,nx,ny,nz
0,53326,1,1,0.0000,0.000000,-1.267870,-3.913117,0.000000,0.910117,2.845559,7.100939,0,3.591495,-0.500206,0.824170,-0.265589
1,218188,1,1,0.0000,0.000000,-5.423530,-2.813866,0.000000,-5.140049,-2.501785,0.421611,1,0.508330,-0.186388,0.727238,-0.660594
2,295259,1,1,0.0000,0.000000,-5.524993,-2.034107,0.000000,-5.407250,-1.731774,0.324451,1,1.129450,-0.339054,0.876634,-0.341402
3,586987,1,1,0.0000,0.000000,4.859712,-1.000442,0.000000,4.695104,0.344062,1.354544,0,0.721710,-0.375212,0.920069,0.112644
4,784962,1,1,0.0000,0.000000,-0.416266,-3.802663,0.000000,-0.364187,-2.793189,1.010816,0,0.506318,-0.258435,0.964746,-0.049772
5,940707,1,1,0.0000,0.000000,-2.274021,-2.510014,0.000000,-2.069696,-1.498763,1.031687,0,0.631637,-0.557809,0.813529,-0.164374
6,1043014,1,1,0.0000,0.000000,2.289470,0.118413,0.000000,1.655428,0.860906,0.976374,0,0.523427,-0.313347,0.722162,0.616681
7,1199099,1,1,0.0000,0.000000,1.578618,3.163484,0.000000,1.671442,3.682954,0.527698,1,1.146138,-0.309701,0.936008,-0.167256
8,1254923,1,1,0.0000,0.000000,-4.502876,-1.900566,0.000000,-4.603134,-1.602995,0.314007,0,1.288798,-0.596228,0.760795,0.256326
9,1415722,1,1,0.0000,0.000000,-2.156312,2.048911,0.000000,-2.391463,2.708149,0.699922,0,0.579378,-0.359614,0.878863,0.313491
10,1433166,1,1,0.0000,0.000000,3.794787,1.762395,0.000000,4.025147,2.190462,0.486114,1,0.603513,-0.649907,0.669260,-0.360155
11,1752218,1,1,0.0000,0.000000,-4.838846,-0.556355,0.000000,-5.042100,-0.172229,0.434586,0,0.604126,-0.330300,0.834282,0.441447
12,1904337,1,1,0.0000,0.000000,4.255549,-2.743007,0.000000,4.493031,-1.557266,1.209289,0,0.604934,-0.307657,0.932969,-0.186857
13,2020992,1,1,0.0000,0.000000,4.686120,-4.000000,0.000000,4.166077,-1.964099,2.101271,1,1.971783,-0.262644,0.934875,0.238801
14,2142890,1,1,0.0000,0.000000,1.738599,-3.120740,0.000000,1.844694,-1.992395,1.133322,0,0.644221,-0.369777,0.925040,-0.086979
15,2376152,1,1,0.0000,0.000000,-1.651932,-3.197729,0.000000,-1.343606,-2.549753,0.717592,0,0.908763,-0.498198,0.782947,-0.372549
16,2465669,1,1,0.0000,0.000000,-2.745003,-4.000000,0.000000,-0.908853,1.241543,5.553847,1,3.161315,-0.443942,0.845668,-0.296244
17,2474786,1,1,0.0000,0.000000,2.721414,-1.046013,0.000000,3.967193,2.251798,3.525269,1,4.754917,-0.128120,0.927768,-0.350473
18,2593770,1,1,0.0000,0.000000,4.500211,-1.425708,0.000000,5.259791,0.136486,1.737070,1,3.215019,-0.047273,0.898322,-0.436788
19,2931224,1,1,0.0000,0.000000,0.755848,0.803123,0.000000,2.272658,3.409512,3.015621,0,1.742920,-0.304247,0.823322,-0.479139
20,3157478,1,1,0.0000,0.000000,4.538484,-0.387198,0.000000,4.461750,0.262351,0.654065,0,0.539536,0.011535,0.993028,0.117310
21,3202830,1,1,0.0000,0.000000,1.646073,-4.000000,0.000000,1.849204,-3.425358,0.609489,1,0.689511,-0.431247,0.850651,-0.300698
22,3268897,1,1,0.0000,0.000000,0.164329,-4.000000,0.000000,0.055331,-3.182355,0.824878,1,0.989213,-0.443609,0.888362,0.118424
23,3309776,1,1,0.0000,0.000000,-0.857324,-0.959018,0.000000,-0.396654,1.056422,2.067417,0,1.052777,-0.119074,0.967923,-0.221239
24,3312798,1,1,0.0000,0.000000,3.536534,0.887598,0.000000,3.501279,2.693285,1.806031,1,1.048137,-0.141005,0.989820,0.019326
25,3629180,1,1,0.0000,0.000000,3.553142,-1.751937,0.000000,3.414432,-0.387044,1.371923,0,0.860650,-0.133749,0.985937,0.100198
26,4126927,1,1,0.0000,0.000000,1.052171,3.381326,0.000000,0.944543,3.875731,0.505985,1,1.000604,-0.497064,0.847856,0.184572
27,4131752,1,1,0.0000,0.000000,-4.507961,-0.252618,0.000000,-3.686153,2.247145,2.631384,0,1.738293,-0.119984,0.943117,-0.310054
28,4644946,1,1,0.0000,0.000000,-3.815745,-2.147273,0.000000,-3.555431,-1.523002,0.676371,0,0.668241,-0.385451,0.851651,-0.355130
29,4843610,1,1,0.0000,0.000000,-0.135803,2.766524,0.000000,-0.215220,3.650178,0.887216,0,0.523144,-0.052560,0.994609,0.089389
30,5028850,1,1,0.0000,0.000000,-5.543895,-1.849778,0.000000,-5.233138,-1.421149,0.529427,1,1.123707,-0.508031,0.697348,-0.505579
31,5096091,1,1,0.0000,0.000000,-0.454936,0.295579,0.000000,-0.326626,0.564570,0.298025,0,0.605517,-0.234055,0.877505,-0.418574
32,5265131,1,1,0.0000,0.000000,3.707222,-4.000000,0.000000,4.738875,-2.427940,1.880341,1,1.809353,-0.289732,0.800191,-0.525119
33,5362111,1,1,0.0000,0.000000,2.063942,-0.092127,0.000000,1.868321,1.016897,1.126145,0,0.563989,-0.629497,0.765190,0.134972
34,5587065,2,1,0.0000,0.000000,0.008293,-3.860618,0.000000,0.072850,-4.000000,0.153607,1,1.382323,0.832490,-0.502733,-0.232850
35,5933508,2,1,0.0000,0.000000,2.715864,-2.487970,0.000000,1.773171,-4.000000,1.781826,1,1.534035,0.853875,-0.441670,0.275364
36,6220896,2,1,0.0000,0.000000,-3.343378,-1.831152,0.000000,-5.329361,-3.129175,2.372549,1,1.733454,0.940318,-0.186177,0.284851
37,6568777,2,1,0.0000,0.000000,-3.919627,1.017354,0.000000,-4.601014,0.384332,0.930056,0,1.011335,0.848963,-0.359680,0.387160
38,6610156,2,1,0.0000,0.000000,-1.235808,-1.924241,0.000000,0.715531,-1.368502,2.028933,0,1.049210,0.986356,0.045093,-0.158332
39,6641919,2,1,0.0000,0.000000,-4.616704,1.042911,0.000000,-2.592706,0.161270,2.207681,0,1.109300,0.826668,-0.224711,-0.515873
40,7052010,2,1,0.0000,0.000000,-3.227911,-1.814596,0.000000,-4.607444,-3.086783,1.876584,0,0.993422,0.864731,-0.340479,0.369208
41,7181834,2,1,0.0000,0.000000,2.760593,-2.012000,0.000000,2.802984,-1.603416,0.410777,0,1.858999,0.985737,0.167396,-0.017368
42,7187464,2,1,0.0000,0.000000,-4.685591,-3.497663,0.000000,-4.806331,-4.000000,0.516644,1,1.646618,0.784052,-0.603507,0.145057
43,7231507,2,1,0.0000,0.000000,2.130741,3.519102,0.000000,1.586129,2.437051,1.211377,1,1.004546,0.912857,-0.364691,0.183554
44,7320447,3,1,0.0000,0.000000,-1.732734,3.665909,0.000000,-1.663530,3.278544,0.393498,1,1.112071,-0.419981,-0.893388,-0.159606
45,7361143,3,1,0.0000,0.000000,-3.082720,-1.616226,0.000000,-3.513496,-4.000000,2.422384,1,1.708175,-0.319804,-0.932382,0.168492
46,7416805,3,1,0.0000,0.000000,1.659984,-2.170121,0.000000,1.954449,-4.000000,1.853420,1,1.186499,-0.508538,-0.850103,-0.136799
47,7458524,3,1,0.0000,0.000000,1.795466,3.648463,0.000000,1.458202,3.105175,0.639459,1,0.865138,-0.699156,-0.607441,0.377090
48,7481028,3,1,0.0000,0.000000,-1.510642,-3.003156,0.000000,-1.788998,-4.000000,1.034978,1,1.078532,-0.072018,-0.960654,0.268250
49,7535565,3,1,0.0000,0.000000,4.418555,-1.485089,0.000000,4.363453,-4.000000,2.515514,1,1.376095,0.165745,-0.985932,0.021602
50,7586313,3,1,0.0000,0.000000,1.247313,-2.531698,0.000000,1.072705,-4.000000,1.478648,1,1.223956,-0.469950,-0.876517,0.104234
51,7610064,3,1,0.0000,0.000000,3.112688,-0.100630,0.000000,2.640318,-1.781130,1.745627,0,0.898210,-0.668105,-0.716307,0.201346
52,7776987,3,1,0.0000,0.000000,0.708467,3.897134,0.000000,-0.249231,1.846477,2.263268,1,1.566985,-0.503656,-0.782750,0.365560
53,7999682,3,1,0.0000,0.000000,-1.240327,-0.395490,0.000000,-1.425641,-1.587272,1.206104,0,0.930322,-0.166390,-0.974351,0.151505
54,8074336,3,1,0.0000,0.000000,3.711079,-2.325670,0.000000,5.124746,-3.741283,2.000603,1,2.835334,-0.378588,-0.654923,-0.654023
55,8164975,3,1,0.0000,0.000000,3.417091,-2.214721,0.000000,3.474771,-3.321151,1.107933,0,1.046360,-0.517119,-0.854753,-0.044560
56,8190119,3,1,0.0000,0.000000,-2.022894,-0.132273,0.000000,-1.898947,-2.660308,2.531072,0,1.306534,0.318520,-0.946779,-0.046420
57,8282191,3,1,0.0000,0.000000,-0.457784,-1.697473,0.000000,-0.134322,-3.352102,1.685949,0,0.953391,-0.528450,-0.833193,-0.162880
58,8355274,3,1,0.0000,0.000000,2.093253,-2.611020,0.000000,2.222670,-4.000000,1.394996,1,1.008457,-0.776227,-0.627734,-0.058489
59,8356373,3,1,0.0000,0.000000,2.218983,2.207433,0.000000,3.369241,-0.694559,3.121642,0,3.779806,-0.649907,-0.706536,-0.280049
60,8371848,3,1,0.0000,0.000000,-3.966935,1.026221,0.000000,-2.976237,-0.772831,2.053794,0,1.055088,-0.630210,-0.680121,-0.374528
61,8401566,3,1,0.0000,0.000000,-4.979130,0.802584,0.000000,-5.295837,-0.529781,1.369489,1,1.490345,-0.680842,-0.712576,0.169381
62,8427726,3,1,0.0000,0.000000,-3.927429,0.072179,0.000000,-4.220722,-2.121706,2.213402,0,1.106702,-0.562742,-0.819343,0.109535
63,8523310,3,1,0.0000,0.000000,0.219378,3.941477,0.000000,0.711184,1.645015,2.348533,1,1.494171,0.049537,-0.976627,-0.209153
64,8524592,3,1,0.0000,0.000000,3.789983,-2.762957,0.000000,3.118476,-3.610977,1.081694,0,1.070026,-0.768590,-0.501541,0.397147
65,8729640,3,1,0.0000,0.000000,2.418571,0.889928,0.000000,4.898865,-3.343494,4.906497,0,2.454092,-0.352489,-0.807440,-0.473066
66,8783933,3,1,0.0000,0.000000,-0.601129,-2.893391,0.000000,-0.287895,-4.000000,1.150086,1,0.936627,-0.540435,-0.809578,-0.229157
67,8786468,3,1,0.0000,0.000000,-1.387824,-0.132990,0.000000,-1.589048,-1.692525,1.572463,0,0.898588,-0.534960,-0.837931,0.108117
68,8852008,3,1,0.0000,0.000000,-0.591860,-1.317832,0.000000,-1.914367,-3.454874,2.513159,0,1.437504,-0.285561,-0.814933,0.504321
69,8930748,3,1,0.0000,0.000000,-1.718596,-3.664828,0.000000,-1.678702,-4.000000,0.337538,1,1.471550,-0.579967,-0.808930,-0.096284
70,8936231,3,1,0.0000,0.000000,-0.834933,2.024645,0.000000,-1.175585,1.142581,0.945559,0,1.249325,-0.379715,-0.862983,0.333283
71,9011264,3,1,0.0000,0.000000,4.142767,-3.378737,0.000000,4.117275,-4.000000,0.621786,1,1.790408,-0.016206,-0.999028,0.040992
72,9013342,3,1,0.0000,0.000000,-4.623420,-3.850128,0.000000,-4.686692,-4.000000,0.162680,1,1.366883,-0.780329,-0.576131,0.243228
73,9126295,3,1,0.0000,0.000000,-3.687145,-3.610658,0.000000,-3.755388,-4.000000,0.395278,1,0.965980,0.048738,-0.983813,0.172441
74,9233166,3,1,0.0000,0.000000,-1.564334,3.712741,0.000000,-1.092711,1.776894,1.992469,1,2.791368,-0.497763,-0.842666,-0.205296
75,9281961,3,1,0.0000,0.000000,2.336940,-2.362445,0.000000,0.596845,-3.991030,2.383321,0,1.296107,-0.774437,-0.432307,0.461907
76,9392296,3,1,0.0000,0.000000,2.740734,3.222875,0.000000,1.811975,0.965825,2.440670,1,2.203207,-0.550924,-0.771769,0.317577
77,9393320,3,1,0.0000,0.000000,-0.116144,3.950836,0.000000,-1.231706,2.366607,1.937592,1,1.973861,-0.708283,-0.577187,0.406436
78,9488131,3,1,0.0000,0.000000,-1.462587,1.100391,0.000000,-2.662226,-0.503235,2.002686,0,1.200151,-0.492553,-0.696868,0.521312
79,9508484,4,1,0.0000,0.000000,-5.390662,-0.404072,0.000000,-0.510762,3.915059,6.516772,2,17.460003,-0.129226,0.657214,-0.742543
80,9508916,4,1,0.0000,0.000000,-0.224924,-4.000000,0.000000,5.489341,-0.839788,6.529913,2,17.468466,-0.063114,0.482994,-0.873346
81,9510405,4,1,0.0000,0.000000,-2.764663,-1.462030,0.000000,-0.066281,0.230956,3.185508,0,1.771004,-0.024211,0.531309,-0.846832
82,9528969,4,1,0.0000,0.000000,-5.452377,-2.592173,0.000000,-0.851241,-0.696246,4.976443,1,3.531012,-0.420088,0.345733,-0.839044
83,9529147,4,1,0.0000,0.000000,-1.516609,-4.000000,0.000000,5.116147,0.477400,8.002534,2,16.603292,0.371107,0.519544,-0.769645
84,9550500,4,1,0.0000,0.000000,3.050770,-0.034229,0.000000,5.180466,0.324750,2.159739,1,4.268848,0.026506,0.166155,-0.985743
85,9550739,4,1,0.0000,0.000000,2.942066,0.405442,0.000000,4.637465,1.402454,1.966828,1,10.762087,0.368800,0.471181,-0.801233
86,9558747,4,1,0.0000,0.000000,-4.766315,-1.073972,0.000000,-1.834104,-0.698051,2.956210,0,4.582115,0.355806,0.118842,-0.926973
87,9571201,4,1,0.0000,0.000000,4.775135,1.140979,0.000000,4.806328,1.142638,0.031237,1,4.359771,0.213975,0.051862,-0.975461
88,9576857,4,1,0.0000,0.000000,-5.504079,-0.997120,0.000000,-1.136793,1.182728,4.881079,1,13.524506,-0.148879,0.441614,-0.884767
89,9635444,4,1,0.0000,0.000000,-4.991184,0.773977,0.000000,-1.412082,3.755082,4.657999,2,11.624279,-0.399210,0.586787,-0.704494
90,9649394,4,1,0.0000,0.000000,-2.120196,-3.733966,0.000000,3.237467,2.886814,8.516999,1,14.220042,0.066313,0.775649,-0.627671
91,9650034,4,1,0.0000,0.000000,-4.930134,-1.221308,0.000000,-0.612043,2.076881,5.433595,0,6.783343,0.736908,0.410327,-0.537213
92,9658563,4,1,0.0000,0.000000,-5.382436,-0.367755,0.000000,-4.592886,-0.589482,0.820093,1,19.190580,-0.156935,-0.267019,-0.950827
93,9666992,4,1,0.0000,0.000000,-5.177397,0.332033,0.000000,1.101694,3.841402,7.193237,2,10.473537,0.029708,0.487655,-0.872531
94,9687430,4,1,0.0000,0.000000,4.794044,-4.000000,0.000000,5.043694,-3.983749,0.250179,2,24.034725,-0.154201,0.064181,-0.985953
95,9691989,4,1,0.0000,0.000000,-0.037693,-4.000000,0.000000,4.123055,-2.396499,4.459040,1,6.400978,-0.181076,0.353662,-0.917679
96,9708566,4,1,0.0000,0.000000,1.471074,3.434127,0.000000,1.932726,3.610291,0.494121,1,12.747355,0.033625,0.356317,-0.933760
97,9716367,4,1,0.0000,0.000000,-5.261779,-3.331346,0.000000,2.088315,3.539705,10.061572,2,23.230341,-0.046025,0.682177,-0.729737
98,9721470,4,1,0.0000,0.000000,5.256459,-2.855499,0.000000,5.432287,-2.746563,0.206839,1,10.046545,-0.167285,0.519245,-0.838093
99,9728802,4,1,0.0000,0.000000,4.120649,-4.000000,0.000000,5.309049,-3.189939,1.438226,2,7.514901,0.423503,0.510233,-0.748537
100,9737943,4,1,0.0000,0.000000,0.280033,-0.199394,0.000000,4.670346,1.351863,4.656313,1,19.659746,-0.205544,0.326038,-0.922741
101,9750274,4,1,0.0000,0.000000,4.872436,-4.000000,0.000000,5.077997,-3.881131,0.237456,2,3.722998,-0.250773,0.484598,-0.838020
102,9750378,4,1,0.0000,0.000000,2.204520,-4.000000,0.000000,2.657908,-3.409630,0.744377,1,10.491266,0.712322,0.556644,-0.427487
103,9758633,4,1,0.0000,0.000000,4.240745,1.061254,0.000000,4.729738,1.260480,0.528021,1,7.520791,-0.123449,0.374421,-0.919005
104,9761161,4,1,0.0000,0.000000,-4.716770,0.004302,0.000000,-0.138907,-0.248570,4.584841,0,4.388101,0.346397,-0.051739,-0.936660
105,9762540,4,1,0.0000,0.000000,1.103075,1.939543,0.000000,2.632647,3.275365,2.030767,1,14.786944,-0.209077,0.643254,-0.736553
106,9772515,4,1,0.0000,0.000000,-4.841183,-1.568765,0.000000,-2.409923,-0.790046,2.552925,0,1.688548,0.161770,0.301012,-0.939799
107,9786651,4,1,0.0000,0.000000,-3.212340,-4.000000,0.000000,4.621489,0.853884,9.215697,1,6.920470,0.052675,0.525966,-0.848873
108,9789910,4,1,0.0000,0.000000,-0.938820,-4.000000,0.000000,4.561433,1.519439,7.792111,2,8.042869,0.211645,0.692291,-0.689884
109,9790703,4,1,0.0000,0.000000,0.261657,-4.000000,0.000000,1.003778,2.633566,6.674949,1,24.859388,-0.378227,0.919974,-0.102921
110,9802243,4,1,0.0000,0.000000,-2.379954,-4.000000,0.000000,4.152716,2.055448,8.907538,2,26.663315,-0.155407,0.671552,-0.724477
111,9817059,4,1,0.0000,0.000000,0.059441,-2.007993,0.000000,3.497969,1.349889,4.806126,0,6.264262,0.040003,0.698108,-0.714874
112,9846541,5,1,0.0000,0.000000,-4.822379,1.117940,0.000000,-4.137242,0.404748,0.988967,1,0.728496,-0.693793,-0.519352,-0.498923
113,10242563,5,1,0.0000,0.000000,1.270639,1.466004,0.000000,2.094529,0.498918,1.270452,0,0.701608,-0.863382,-0.384071,-0.327201
114,10272301,5,1,0.0000,0.000000,2.639040,-1.518595,0.000000,3.466717,-2.032739,0.974367,0,0.513082,-0.882063,-0.248601,-0.400202
115,10862230,5,1,0.0000,0.000000,4.387222,-3.569718,0.000000,4.462699,-4.000000,0.436852,1,0.850613,-0.799443,-0.591708,-0.103793
116,10891040,5,1,0.0000,0.000000,1.007148,3.549973,0.000000,1.463698,2.757746,0.914363,0,0.513810,-0.696608,-0.621617,-0.358230
117,10895527,5,1,0.0000,0.000000,5.437945,-1.522881,0.000000,5.535598,-1.672099,0.178332,1,0.730911,-0.838400,-0.456072,-0.298469
118,11048212,5,1,0.0000,0.000000,3.006577,1.187795,0.000000,4.328612,0.459677,1.509282,0,0.999724,-0.538122,-0.406621,-0.738298
119,11199653,5,1,0.0000,0.000000,-5.486427,-2.330489,0.000000,-4.575197,-2.707928,0.986307,1,0.623698,-0.766100,-0.245956,-0.593798
120,11325124,5,1,0.0000,0.000000,0.069244,1.931982,0.000000,1.007632,1.613618,0.990923,0,0.505273,-0.827523,-0.180377,-0.531667
121,11475465,5,1,0.0000,0.000000,-0.399233,3.925171,0.000000,1.781672,1.894613,2.979851,1,2.157839,-0.488044,-0.594764,-0.638802
122,11477465,5,1,0.0000,0.000000,-3.122823,2.115077,0.000000,-2.734761,1.645828,0.608923,0,0.543132,-0.676994,-0.567169,-0.469040
123,11698618,5,1,0.0000,0.000000,0.244560,-1.904329,0.000000,0.749145,-2.920292,1.134366,0,0.724158,-0.568265,-0.736958,-0.366015
124,11736394,5,1,0.0000,0.000000,-2.161920,2.519670,0.000000,-1.701946,2.157632,0.585361,0,0.555053,-0.857804,-0.317888,-0.403881
125,11749118,5,1,0.0000,0.000000,3.934493,-1.866263,0.000000,4.383199,-3.039486,1.256101,0,0.656889,-0.516950,-0.799536,-0.305787
126,11858311,5,1,0.0000,0.000000,-2.606270,-0.870037,0.000000,-1.974127,-0.978386,0.641361,0,0.535028,-0.843015,-0.090869,-0.530158
127,11912343,5,1,0.0000,0.000000,2.244104,1.572358,0.000000,3.158038,0.593123,1.339469,0,0.715594,-0.843636,-0.392519,-0.366343
128,12121154,5,1,0.0000,0.000000,3.099573,-2.411565,0.000000,4.219372,-2.848641,1.202076,0,0.821980,-0.641788,-0.278840,-0.714393
129,12276860,5,1,0.0000,0.000000,-1.490877,1.988673,0.000000,-0.981348,1.143092,0.987232,0,0.539830,-0.759691,-0.556980,-0.335624
130,12828884,5,1,0.0000,0.000000,0.139581,0.393608,0.000000,0.638269,-0.552239,1.069260,0,0.876834,-0.792053,-0.539994,-0.284707
131,12914427,5,1,0.0000,0.000000,-3.496356,-0.691850,0.000000,-2.920935,-1.054494,0.680162,0,0.621891,-0.818028,-0.306670,-0.486605
132,12914530,5,1,0.0000,0.000000,-2.535012,-3.850161,0.000000,-2.399128,-4.000000,0.202278,1,0.512247,-0.802467,-0.442009,-0.400842
133,13239841,5,1,0.0000,0.000000,3.121821,-1.630632,0.000000,3.747207,-3.510357,1.981028,0,1.413700,-0.874021,-0.461042,-0.153389
134,13826806,5,1,0.0000,0.000000,1.638161,-0.045615,0.000000,2.343903,-0.755821,1.001232,0,0.507153,-0.747146,-0.471464,-0.468501
135,13854109,5,1,0.0000,0.000000,0.663236,3.901235,0.000000,0.918065,3.208583,0.738041,1,1.611512,-0.652392,-0.711272,-0.261679
136,14471626,5,1,0.0000,0.000000,-2.392337,3.392065,0.000000,-2.262653,3.079240,0.338640,1,1.061472,-0.826632,-0.519843,-0.215505
137,14645586,5,1,0.0000,0.000000,0.028205,-0.442208,0.000000,0.649119,-0.964127,0.811131,0,0.539367,-0.647850,-0.490156,-0.583127
138,14696102,5,1,0.0000,0.000000,0.929707,1.735626,0.000000,1.142752,1.558561,0.277020,0,0.595333,-0.702284,-0.455028,-0.547491
139,15461223,5,1,0.0000,0.000000,-4.370198,1.813680,0.000000,-4.282586,1.736323,0.116876,1,0.852283,-0.840138,-0.358982,-0.406571
140,15634871,5,1,0.0000,0.000000,1.822634,-0.780191,0.000000,2.466734,-1.568005,1.017603,0,0.524555,-0.805499,-0.458781,-0.375089
141,16267106,5,1,0.0000,0.000000,-1.751188,-0.588356,0.000000,-1.463694,-1.053505,0.546824,0,0.585139,-0.369169,-0.790551,-0.488614
142,16516938,5,1,0.0000,0.000000,2.145112,1.780845,0.000000,2.725731,1.419808,0.683716,0,0.587599,-0.532543,-0.446945,-0.718776
143,16540267,5,1,0.0000,0.000000,3.385109,1.652501,0.000000,3.844724,1.071901,0.740501,0,0.597812,-0.764167,-0.505735,-0.400351
144,16803105,5,1,0.0000,0.000000,-0.516761,3.579566,0.000000,0.358490,3.079780,1.007894,0,0.510764,-0.493964,-0.431151,-0.755055
145,17172763,5,1,0.0000,0.000000,-0.966212,-0.513847,0.000000,0.923258,-1.432788,2.101083,0,1.173700,-0.928575,-0.162326,-0.333765
146,17318612,5,1,0.0000,0.000000,-1.966684,-1.680291,0.000000,-1.622035,-2.115699,0.555305,0,0.574314,-0.730292,-0.535638,-0.423986
147,17987075,5,1,0.0000,0.000000,3.650197,-0.115435,0.000000,3.106574,-3.989793,3.912310,0,2.067047,-0.747348,-0.657987,0.092324
148,18082830,5,1,0.0000,0.000000,-5.519795,-1.333668,0.000000,-4.638533,-1.998233,1.103752,1,0.908884,-0.703596,-0.427850,-0.567360
149,18164947,5,1,0.0000,0.000000,2.828999,2.079778,0.000000,3.220015,1.573326,0.639833,0,0.633970,-0.902647,-0.340663,-0.263015
150,18177221,5,1,0.0000,0.000000,3.260807,-0.790483,0.000000,4.493526,-0.850816,1.234195,0,0.648652,-0.831663,-0.027145,-0.554617
151,18406942,5,1,0.0000,0.000000,-2.864504,-1.810724,0.000000,-1.989125,-2.656347,1.217115,0,0.766185,-0.892008,-0.314053,-0.325104
152,18446161,5,1,0.0000,0.000000,0.074031,2.985345,0.000000,0.818966,2.202580,1.080578,0,0.644296,-0.729725,-0.495298,-0.471361
153,53326,1,2,1.0000,1.000000,-0.600041,-3.724109,1.000000,1.341937,2.302189,6.331472,0,3.591495,-0.500206,0.824170,-0.265589
154,172382,1,2,1.0000,1.000000,-3.107009,2.415898,1.000000,-3.035543,3.034941,0.623155,1,0.782145,-0.303507,0.946542,-0.109274
155,295259,1,2,1.0000,1.000000,-5.428130,-2.778511,1.000000,-5.173036,-2.123493,0.702938,1,1.129450,-0.339054,0.876634,-0.341402
156,543607,1,2,1.0000,1.000000,2.777387,-0.275712,1.000000,3.006809,0.662891,0.966235,0,0.572855,-0.109188,0.965595,-0.236019
157,722085,1,2,1.0000,1.000000,2.232772,3.375154,1.000000,2.190577,3.490044,0.122393,1,0.505080,-0.551791,0.782857,0.287510
158,995198,1,2,1.0000,1.000000,-2.441157,-0.391215,1.000000,-1.955715,0.401032,0.929144,0,0.546419,-0.444109,0.763962,-0.468112
159,1068544,1,2,1.0000,1.000000,5.177931,-2.597701,1.000000,5.459233,-1.667402,0.971899,0,0.607495,0.026764,0.956854,-0.289333
160,1254923,1,2,1.0000,1.000000,-3.437853,-2.735584,1.000000,-4.260557,-0.293731,2.576720,0,1.288798,-0.596228,0.760795,0.256326
161,1295106,1,2,1.0000,1.000000,-3.759615,-2.803855,1.000000,-3.798012,-2.162102,0.642902,0,0.869912,-0.543754,0.837747,0.050124
162,1303390,1,2,1.0000,1.000000,-0.140622,-0.123725,1.000000,-0.093572,0.948967,1.073723,0,0.545611,0.049923,0.997794,-0.043764
163,1482619,1,2,1.0000,1.000000,-1.838064,2.476930,1.000000,-1.562880,2.995069,0.586681,0,0.538266,-0.741750,0.592322,-0.314582
164,1634820,1,2,1.0000,1.000000,-4.586617,-4.000000,1.000000,-4.584878,-3.957138,0.042897,1,0.599934,-0.129267,0.990795,-0.040196
165,1752218,1,2,1.0000,1.000000,-4.469702,-0.505772,1.000000,-4.792627,0.104519,0.690460,0,0.604126,-0.330300,0.834282,0.441447
166,1869264,1,2,1.0000,1.000000,0.111687,-2.105322,1.000000,0.235210,-0.574609,1.535689,0,0.893043,0.023667,0.996481,-0.080412
167,1927232,1,2,1.0000,1.000000,-0.352144,2.408497,1.000000,-0.528948,3.570899,1.175771,0,0.659171,-0.078402,0.985586,0.149910
168,2020992,1,2,1.0000,1.000000,4.967061,-4.000000,1.000000,4.502122,-2.179826,1.878617,1,1.971783,-0.262644,0.934875,0.238801
169,2135022,1,2,1.0000,1.000000,-0.981304,-3.441873,1.000000,-0.583116,-2.521538,1.002781,0,0.593206,-0.623091,0.717843,-0.310579
170,2247538,1,2,1.0000,1.000000,3.991091,-2.108340,1.000000,3.497750,-0.693599,1.498292,0,0.749482,-0.622712,0.738818,0.257637
171,2287129,1,2,1.0000,1.000000,4.183017,-4.000000,1.000000,4.187624,-3.949330,0.050879,1,0.947920,-0.105348,0.990351,-0.090035
172,2299318,1,2,1.0000,1.000000,-3.377643,1.667090,1.000000,-3.263171,2.727892,1.066961,0,0.617664,-0.193021,0.975531,-0.105270
173,2376152,1,2,1.0000,1.000000,-1.344649,-3.889210,1.000000,-0.613213,-2.352028,1.702330,0,0.908763,-0.498198,0.782947,-0.372549
174,2465669,1,2,1.0000,1.000000,-2.220043,-4.000000,1.000000,-0.551057,0.764349,5.048221,1,3.161315,-0.443942,0.845668,-0.296244
175,2474786,1,2,1.0000,1.000000,2.794302,-1.218630,1.000000,4.065846,2.147388,3.598181,1,4.754917,-0.128120,0.927768,-0.350473
176,2568930,1,2,1.0000,1.000000,0.076697,-2.743374,1.000000,0.501985,-2.377325,0.561126,0,0.509485,-0.394887,0.599331,-0.696324
177,2593770,1,2,1.0000,1.000000,4.751258,-1.017619,1.000000,5.282276,0.074500,1.214374,1,3.215019,-0.047273,0.898322,-0.436788
178,2613612,1,2,1.0000,1.000000,-0.181542,-2.379762,1.000000,-0.760689,-1.241739,1.276914,0,0.641660,-0.372507,0.827088,0.420909
179,2682829,1,2,1.0000,1.000000,5.289209,-1.813842,1.000000,5.248284,-0.865851,0.948873,0,0.501436,-0.361274,0.931592,0.040218
180,2687506,1,2,1.0000,1.000000,1.444466,-1.867060,1.000000,1.215926,-0.966558,0.929050,0,0.573792,-0.637928,0.746432,0.189438
181,2918263,1,2,1.0000,1.000000,-4.910909,-4.000000,1.000000,-4.421621,-1.605729,2.443754,1,1.807055,-0.124206,0.972164,-0.198669
182,3309776,1,2,1.0000,1.000000,-0.660538,-0.636290,1.000000,-0.359616,0.680249,1.350492,0,1.052777,-0.119074,0.967923,-0.221239
183,3334219,1,2,1.0000,1.000000,1.679313,-0.672757,1.000000,1.121557,1.131398,1.888404,0,1.478916,-0.163679,0.942502,0.291375
184,3378978,1,2,1.0000,1.000000,2.595103,-4.000000,1.000000,2.597707,-3.987564,0.012706,1,4.259476,-0.392881,0.900077,-0.188431
185,3413883,1,2,1.0000,1.000000,-3.930824,1.893579,1.000000,-3.970696,2.248090,0.356746,1,0.508642,-0.678703,0.729812,0.082082
186,3424368,1,2,1.0000,1.000000,0.016842,-4.000000,1.000000,0.019558,-3.883750,0.116282,1,1.235198,-0.284195,0.958505,-0.022398
187,3426583,1,2,1.0000,1.000000,0.477556,3.693023,1.000000,0.491848,3.916774,0.224207,1,0.537982,-0.271675,0.960432,-0.061348
188,3629180,1,2,1.0000,1.000000,3.689643,-1.760258,1.000000,3.546469,-0.351432,1.416082,0,0.860650,-0.133749,0.985937,0.100198
189,3949917,1,2,1.0000,1.000000,-4.945346,-1.011494,1.000000,-4.733823,1.009046,2.031582,0,1.325468,-0.534124,0.840811,-0.088021
190,4131752,1,2,1.0000,1.000000,-4.523640,-0.687287,1.000000,-3.440851,2.606325,3.467033,0,1.738293,-0.119984,0.943117,-0.310054
191,4165764,1,2,1.0000,1.000000,-3.313557,-1.598139,1.000000,-2.743423,-0.838430,0.949848,0,0.518009,-0.153885,0.790295,-0.593088
192,4242178,1,2,1.0000,1.000000,4.881147,-2.024629,1.000000,5.164245,-1.054649,1.010448,0,0.529763,0.029335,0.959537,-0.280050
193,4274016,1,2,1.0000,1.000000,-5.079367,-3.252752,1.000000,-4.727927,-1.662777,1.628352,0,0.857936,-0.620269,0.765902,-0.169291
194,4416826,1,2,1.0000,1.000000,1.100346,-1.762962,1.000000,2.095422,-0.855043,1.347032,0,0.673924,-0.419492,0.611843,-0.670578
195,4568715,1,2,1.0000,1.000000,3.211509,1.100662,1.000000,2.748829,2.884134,1.842511,0,0.942332,-0.208928,0.946596,0.245572
196,4644946,1,2,1.0000,1.000000,-3.467397,-2.397264,1.000000,-3.132674,-1.594553,0.869703,0,0.668241,-0.385451,0.851651,-0.355130
197,4921749,1,2,1.0000,1.000000,1.442085,-2.618092,1.000000,1.667573,-1.508106,1.132657,0,0.574620,-0.330785,0.924817,-0.187872
198,5028850,1,2,1.0000,1.000000,-5.437348,-2.707668,1.000000,-4.603313,-1.557277,1.420920,1,1.123707,-0.508031,0.697348,-0.505579
199,5265131,1,2,1.0000,1.000000,4.069301,-4.000000,1.000000,4.867092,-2.784305,1.454093,1,1.809353,-0.289732,0.800191,-0.525119
200,5270328,1,2,1.0000,1.000000,-1.088200,-0.855239,1.000000,-0.305767,0.246909,1.351640,0,0.679274,-0.117268,0.809789,-0.574883
201,5301963,1,2,1.0000,1.000000,0.328215,-3.983115,1.000000,0.717832,-2.933208,1.119869,0,0.576785,0.116810,0.931109,-0.345531
202,5390693,1,2,1.0000,1.000000,-0.944501,-1.622770,1.000000,-1.660900,-0.423276,1.397145,0,0.703397,-0.575467,0.702129,0.419347
203,5428692,1,2,1.0000,1.000000,-1.398440,-3.636591,1.000000,-1.516043,-3.231662,0.421661,0,0.501004,-0.258320,0.927725,0.269437
204,5729509,2,2,1.0000,1.000000,-5.444816,-2.650279,1.000000,-4.210119,-4.000000,1.829269,2,5.661396,0.904026,-0.315413,-0.288533
205,5951119,2,2,1.0000,1.000000,-4.092372,1.510622,1.000000,-4.295682,-1.070076,2.588694,0,1.567336,0.869476,-0.492450,0.038796
206,6242203,2,2,1.0000,1.000000,2.387667,3.394333,1.000000,3.042632,1.339827,2.156380,1,1.160982,0.651988,-0.722409,-0.230300
207,6338510,2,2,1.0000,1.000000,3.654304,-0.413237,1.000000,2.328502,0.626538,1.684898,0,1.570093,0.943106,0.205186,0.261630
208,6358365,2,2,1.0000,1.000000,3.265411,-3.240175,1.000000,3.686804,-4.000000,0.868853,1,1.445952,0.927302,-0.327344,-0.181542
209,6568777,2,2,1.0000,1.000000,-3.031220,-0.350091,1.000000,-3.302557,-0.602169,0.370361,0,1.011335,0.848963,-0.359680,0.387160
210,6722490,2,2,1.0000,1.000000,4.204119,0.498716,1.000000,2.681648,-0.267379,1.704352,0,1.593386,0.952056,-0.137511,0.273278
211,7096361,2,2,1.0000,1.000000,3.285006,1.879409,1.000000,4.539239,1.553588,1.295862,1,1.052447,0.986306,-0.041467,-0.159627
212,7361143,3,2,1.0000,1.000000,-3.490272,-1.973454,1.000000,-3.856493,-4.000000,2.059370,1,1.708175,-0.319804,-0.932382,0.168492
213,7481028,3,2,1.0000,1.000000,-1.518051,-2.761217,1.000000,-1.863966,-4.000000,1.286173,1,1.078532,-0.072018,-0.960654,0.268250
214,7535565,3,2,1.0000,1.000000,4.583290,-1.639130,1.000000,4.531563,-4.000000,2.361436,1,1.376095,0.165745,-0.985932,0.021602
215,7586313,3,2,1.0000,1.000000,0.628499,-3.226784,1.000000,0.536549,-4.000000,0.778664,1,1.223956,-0.469950,-0.876517,0.104234
216,7633359,3,2,1.0000,1.000000,-4.613248,-2.423736,1.000000,-5.098385,-3.820140,1.478277,1,1.004929,-0.100726,-0.939812,0.326508
217,7776987,3,2,1.0000,1.000000,0.091160,3.953101,1.000000,-0.689010,2.282572,1.843728,1,1.566985,-0.503656,-0.782750,0.365560
218,7826564,3,2,1.0000,1.000000,-0.462330,-3.544276,1.000000,-0.547774,-4.000000,0.463664,1,13.202673,-0.423534,-0.890366,0.166934
219,7884370,3,2,1.0000,1.000000,2.284504,2.461563,1.000000,2.743369,1.279273,1.268214,0,1.351972,-0.765527,-0.599812,-0.232797
220,7886919,3,2,1.0000,1.000000,1.912823,-1.048190,1.000000,2.076874,-2.915713,1.874714,0,1.389488,-0.472186,-0.878118,-0.077138
221,7933854,3,2,1.0000,1.000000,3.265743,2.866071,1.000000,3.565320,2.497453,0.475001,1,1.018791,-0.544448,-0.650935,-0.529018
222,7999682,3,2,1.0000,1.000000,-1.364721,-0.097240,1.000000,-1.634725,-1.833669,1.757296,0,0.930322,-0.166390,-0.974351,0.151505
223,8074336,3,2,1.0000,1.000000,4.298867,-3.493128,1.000000,4.805041,-4.000000,0.716332,1,2.835334,-0.378588,-0.654923,-0.654023
224,8190119,3,2,1.0000,1.000000,-1.678358,-0.297707,1.000000,-1.572247,-2.461963,2.166856,0,1.306534,0.318520,-0.946779,-0.046420
225,8282191,3,2,1.0000,1.000000,-1.024024,-2.045353,1.000000,-0.789884,-3.243071,1.220390,0,0.953391,-0.528450,-0.833193,-0.162880
226,8355274,3,2,1.0000,1.000000,0.908656,-3.168653,1.000000,0.971264,-3.840594,0.674852,0,1.008457,-0.776227,-0.627734,-0.058489
227,8356373,3,2,1.0000,1.000000,0.847759,3.346207,1.000000,3.150554,-2.463524,6.249466,0,3.779806,-0.649907,-0.706536,-0.280049
228,8395765,3,2,1.0000,1.000000,-1.693677,3.676771,1.000000,-1.935395,2.333845,1.364506,1,1.067082,-0.567497,-0.810353,0.145859
229,8512133,3,2,1.0000,1.000000,-0.910609,3.251049,1.000000,0.071279,1.188475,2.284364,0,1.218681,-0.766323,-0.580080,-0.276147
230,8523310,3,2,1.0000,1.000000,0.271105,3.936787,1.000000,0.787374,1.526096,2.465353,1,1.494171,0.049537,-0.976627,-0.209153
231,8534037,3,2,1.0000,1.000000,1.075942,0.773032,1.000000,1.339947,0.106307,0.717092,0,0.938926,-0.283274,-0.891678,-0.353080
232,8589677,3,2,1.0000,1.000000,0.637520,3.903567,1.000000,0.607227,3.039404,0.864694,1,2.468194,-0.045020,-0.998373,0.034997
233,8674529,3,2,1.0000,1.000000,3.590758,2.627645,1.000000,4.915646,0.953252,2.135163,2,1.338075,-0.307719,-0.746148,-0.590400
234,8729640,3,2,1.0000,1.000000,2.233251,0.461120,1.000000,4.434196,-3.295503,4.353892,0,2.454092,-0.352489,-0.807440,-0.473066
235,8832613,3,2,1.0000,1.000000,2.504353,2.467665,1.000000,1.948235,-0.025705,2.554635,0,2.363868,-0.240285,-0.947423,0.211312
236,8852008,3,2,1.0000,1.000000,-0.772173,-1.042971,1.000000,-2.240803,-3.416134,2.790838,0,1.437504,-0.285561,-0.814933,0.504321
237,8936231,3,2,1.0000,1.000000,-0.938886,2.894791,1.000000,-1.837421,0.568182,2.494088,0,1.249325,-0.379715,-0.862983,0.333283
238,9011264,3,2,1.0000,1.000000,4.109888,-3.784712,1.000000,4.101054,-4.000000,0.215469,1,1.790408,-0.016206,-0.999028,0.040992
239,9126295,3,2,1.0000,1.000000,-3.702577,-3.981338,1.000000,-3.705848,-4.000000,0.018946,1,0.965980,0.048738,-0.983813,0.172441
240,9233166,3,2,1.0000,1.000000,-2.110279,3.529039,1.000000,-1.896140,2.650076,0.904671,1,2.791368,-0.497763,-0.842666,-0.205296
241,9281961,3,2,1.0000,1.000000,1.163485,-1.784097,1.000000,0.097365,-2.781897,1.460212,0,1.296107,-0.774437,-0.432307,0.461907
242,9392296,3,2,1.0000,1.000000,2.145778,3.511799,1.000000,1.119059,1.016690,2.698097,1,2.203207,-0.550924,-0.771769,0.317577
243,9393320,3,2,1.0000,1.000000,-1.497928,3.731208,1.000000,-2.147945,2.808109,1.128997,1,1.973861,-0.708283,-0.577187,0.406436
244,9488131,3,2,1.0000,1.000000,-1.858667,1.515762,1.000000,-3.172532,-0.240558,2.193377,0,1.200151,-0.492553,-0.696868,0.521312
245,9508484,4,2,1.0000,1.000000,-5.439957,-0.621734,1.000000,-0.291696,3.934920,6.875150,2,17.460003,-0.129226,0.657214,-0.742543
246,9508916,4,2,1.0000,1.000000,-0.094252,-4.000000,1.000000,5.499836,-0.906250,6.392582,2,17.468466,-0.063114,0.482994,-0.873346
247,9510405,4,2,1.0000,1.000000,-2.890523,-1.569586,1.000000,0.085322,0.297482,3.513061,0,1.771004,-0.024211,0.531309,-0.846832
248,9528969,4,2,1.0000,1.000000,-3.467617,-2.275016,1.000000,-2.667283,-1.945233,0.865616,0,3.531012,-0.420088,0.345733,-0.839044
249,9529147,4,2,1.0000,1.000000,-2.230903,-4.000000,1.000000,4.957970,0.852804,8.673500,2,16.603292,0.371107,0.519544,-0.769645
250,9550500,4,2,1.0000,1.000000,4.629010,0.258686,1.000000,5.169887,0.349856,0.548507,1,4.268848,0.026506,0.166155,-0.985743
251,9550739,4,2,1.0000,1.000000,3.060211,0.935210,1.000000,4.421031,1.735467,1.578684,1,10.762087,0.368800,0.471181,-0.801233
252,9576857,4,2,1.0000,1.000000,-5.512124,-1.169405,1.000000,-0.509794,1.327414,5.590832,1,13.524506,-0.148879,0.441614,-0.884767
253,9635444,4,2,1.0000,1.000000,-5.312881,-0.060632,1.000000,-0.543216,3.912117,6.207450,2,11.624279,-0.399210,0.586787,-0.704494
254,9649394,4,2,1.0000,1.000000,-2.420970,-4.000000,1.000000,3.183820,2.926168,8.909853,2,14.220042,0.066313,0.775649,-0.627671
255,9658563,4,2,1.0000,1.000000,-5.417581,-0.522936,1.000000,-4.731121,-0.715713,0.713015,1,19.190580,-0.156935,-0.267019,-0.950827
256,9666992,4,2,1.0000,1.000000,-5.158632,0.376569,1.000000,0.763916,3.686668,6.784786,1,10.473537,0.029708,0.487655,-0.872531
257,9691989,4,2,1.0000,1.000000,0.474310,-4.000000,1.000000,4.569931,-2.421598,4.389244,1,6.400978,-0.181076,0.353662,-0.917679
258,9708566,4,2,1.0000,1.000000,1.390790,3.439501,1.000000,1.878140,3.625471,0.521627,1,12.747355,0.033625,0.356317,-0.933760
259,9716367,4,2,1.0000,1.000000,-5.245716,-3.379400,1.000000,2.132717,3.518142,10.100364,2,23.230341,-0.046025,0.682177,-0.729737
260,9728802,4,2,1.0000,1.000000,3.290631,-4.000000,1.000000,5.461759,-2.520072,2.627543,2,7.514901,0.423503,0.510233,-0.748537
261,9750378,4,2,1.0000,1.000000,0.924846,-4.000000,1.000000,1.361083,-3.431962,0.716220,1,10.491266,0.712322,0.556644,-0.427487
262,9755797,4,2,1.0000,1.000000,-0.275839,1.787995,1.000000,1.362247,3.768942,2.570501,1,13.648430,0.050383,0.769667,-0.636454
263,9758633,4,2,1.0000,1.000000,3.008917,0.425054,1.000000,4.798765,1.154274,1.932696,1,7.520791,-0.123449,0.374421,-0.919005
264,9772515,4,2,1.0000,1.000000,-5.281244,-1.537581,1.000000,-2.069869,-0.508996,3.372078,0,1.688548,0.161770,0.301012,-0.939799
265,9786651,4,2,1.0000,1.000000,-3.312490,-4.000000,1.000000,4.292041,0.711810,8.945951,1,6.920470,0.052675,0.525966,-0.848873
266,9789910,4,2,1.0000,1.000000,-1.244536,-4.000000,1.000000,4.440753,1.705121,8.054249,2,8.042869,0.211645,0.692291,-0.689884
267,9790703,4,2,1.0000,1.000000,0.672786,-4.000000,1.000000,1.246632,1.129417,5.161417,1,24.859388,-0.378227,0.919974,-0.102921
268,9802243,4,2,1.0000,1.000000,-2.148540,-4.000000,1.000000,4.260765,1.941094,8.739323,2,26.663315,-0.155407,0.671552,-0.724477
269,9817059,4,2,1.0000,1.000000,-1.142396,-3.125685,1.000000,4.157733,2.050138,7.408138,1,6.264262,0.040003,0.698108,-0.714874
270,10208926,5,2,1.0000,1.000000,-2.050165,0.614892,1.000000,-0.371154,-0.907420,2.266387,0,1.771260,-0.759442,-0.436985,-0.481966
271,10873469,5,2,1.0000,1.000000,1.776804,0.296890,1.000000,2.566892,-0.188508,0.927281,0,0.932574,-0.880514,-0.248132,-0.403888
272,11019880,5,2,1.0000,1.000000,4.297108,0.456285,1.000000,4.413876,-0.338122,0.802943,0,0.580941,-0.955577,-0.291607,-0.042862
273,11172824,5,2,1.0000,1.000000,-3.528670,-1.251943,1.000000,-3.272017,-1.448219,0.323102,0,0.537629,-0.869759,-0.299773,-0.391989
274,11410437,5,2,1.0000,1.000000,0.733843,3.894834,1.000000,1.097048,3.129480,0.847162,1,0.543459,-0.878337,-0.431879,-0.204952
275,11475465,5,2,1.0000,1.000000,-1.123358,3.835377,1.000000,0.939161,1.915044,2.818096,1,2.157839,-0.488044,-0.594764,-0.638802
276,11483711,5,2,1.0000,1.000000,2.298481,3.198398,1.000000,3.222128,2.367118,1.242639,0,0.655145,-0.786504,-0.413142,-0.459048
277,11917400,5,2,1.0000,1.000000,0.053480,-0.837571,1.000000,1.096845,-1.519439,1.246417,0,0.623210,-0.434903,-0.492618,-0.753782
278,11923466,5,2,1.0000,1.000000,-2.109359,-3.483090,1.000000,-1.529330,-4.000000,0.776936,1,0.506927,-0.860618,-0.338814,-0.380187
279,11987196,5,2,1.0000,1.000000,-0.494933,-3.101256,1.000000,0.322097,-3.794035,1.071205,0,0.730213,-0.889888,-0.295025,-0.347938
280,11998919,5,2,1.0000,1.000000,1.660334,1.106874,1.000000,2.225815,0.332877,0.958562,0,0.507513,-0.824981,-0.456343,-0.333403
281,12267606,5,2,1.0000,1.000000,2.298913,-2.525619,1.000000,2.687858,-3.020682,0.629576,0,0.734597,-0.856166,-0.406304,-0.319212
282,12372506,5,2,1.0000,1.000000,-4.241288,-1.878897,1.000000,-3.382282,-2.770999,1.238442,0,0.620024,-0.716840,-0.502250,-0.483617
283,12509489,5,2,1.0000,1.000000,-4.788314,1.170354,1.000000,-3.926634,0.592333,1.037594,1,1.595221,-0.913024,-0.227235,-0.338749
284,12681426,5,2,1.0000,1.000000,-0.872159,2.921219,1.000000,0.004284,1.691184,1.510344,0,0.813832,-0.774330,-0.515343,-0.367200
285,13009221,5,2,1.0000,1.000000,-2.795479,3.196290,1.000000,-2.512521,2.995708,0.346840,1,0.615964,-0.709542,-0.407516,-0.574875
286,13333014,5,2,1.0000,1.000000,3.943430,-3.404019,1.000000,4.563060,-4.000000,0.859729,1,0.634895,-0.559609,-0.574510,-0.597307
287,13339772,5,2,1.0000,1.000000,3.081794,3.001013,1.000000,3.135904,2.888045,0.125258,1,0.579514,-0.803242,-0.537208,-0.257313
288,13415024,5,2,1.0000,1.000000,0.464729,1.587883,1.000000,1.184253,0.931931,0.973646,0,0.622700,-0.682700,-0.492277,-0.539986
289,13502197,5,2,1.0000,1.000000,-5.425830,-2.796186,1.000000,-5.303682,-2.798478,0.122170,1,0.580734,-0.847736,-0.009951,-0.530325
290,13597654,5,2,1.0000,1.000000,0.549812,1.639275,1.000000,0.617609,1.296189,0.349721,0,0.533791,-0.715181,-0.685680,-0.135496
291,13622707,5,2,1.0000,1.000000,2.691523,2.702618,1.000000,4.481398,1.642584,2.080223,1,1.301592,-0.942397,-0.170451,-0.287808
292,13698426,5,2,1.0000,1.000000,2.717532,0.581290,1.000000,5.050270,-0.691508,2.657382,0,1.331996,-0.752981,-0.315180,-0.577651
293,14331176,5,2,1.0000,1.000000,-1.583733,-3.902539,1.000000,-1.524771,-4.000000,0.113909,1,0.797029,-0.836956,-0.468249,-0.283280
294,14471626,5,2,1.0000,1.000000,-3.648146,2.585546,1.000000,-3.428795,2.056425,0.572787,1,1.061472,-0.826632,-0.519843,-0.215505
295,14637476,5,2,1.0000,1.000000,-2.022004,-0.931673,1.000000,-0.749709,-2.074340,1.710094,0,0.891254,-0.708421,-0.471602,-0.525102
296,14842539,5,2,1.0000,1.000000,-0.231282,-0.284098,1.000000,-0.082420,-0.544086,0.299589,0,0.588275,-0.782621,-0.540214,-0.309313
297,15011860,5,2,1.0000,1.000000,-4.820093,-0.319690,1.000000,-3.721512,-0.944899,1.264029,0,0.662447,-0.714862,-0.345868,-0.607740
298,15023691,5,2,1.0000,1.000000,1.096900,2.308142,1.000000,1.956954,1.786481,1.005894,0,0.525259,-0.776232,-0.326952,-0.539041
299,16000525,5,2,1.0000,1.000000,0.906897,1.570328,1.000000,2.049018,0.416714,1.623350,0,0.942709,-0.728568,-0.486768,-0.481919
300,16039914,5,2,1.0000,1.000000,-4.462086,1.309557,1.000000,-3.101854,-0.013657,1.897664,0,0.990780,-0.724046,-0.480954,-0.494410
301,16095246,5,2,1.0000,1.000000,0.839805,-1.666750,1.000000,1.354505,-2.753775,1.202722,0,0.693307,-0.827299,-0.507723,-0.240404
302,16563029,5,2,1.0000,1.000000,2.401784,-2.037584,1.000000,2.720325,-2.340997,0.439918,0,0.506288,-0.522876,-0.587910,-0.617221
303,16940957,5,2,1.0000,1.000000,3.198311,-1.969333,1.000000,4.260388,-3.204607,1.629083,0,0.981037,-0.851498,-0.397602,-0.341854
304,17161942,5,2,1.0000,1.000000,-5.373162,-0.326806,1.000000,-5.176402,-0.395490,0.208404,1,0.605663,-0.489261,-0.287432,-0.823412
305,17854230,5,2,1.0000,1.000000,-4.017111,-0.120187,1.000000,-3.769982,-1.281038,1.186864,0,0.736691,-0.581271,-0.795875,-0.169431
306,18347259,5,2,1.0000,1.000000,3.168232,-3.851818,1.000000,3.385756,-4.000000,0.263201,1,0.908341,-0.811210,-0.329216,-0.483275
307,18390853,5,2,1.0000,1.000000,3.685142,2.550309,1.000000,3.686644,2.547266,0.003394,1,0.703921,-0.871213,-0.440215,-0.217253
308,53326,1,3,2.0000,2.000000,0.250852,-2.967022,2.000000,1.590693,1.190739,4.368311,0,3.591495,-0.500206,0.824170,-0.265589
309,172382,1,3,2.0000,2.000000,-2.815008,2.167751,2.000000,-2.690376,3.247330,1.086749,1,0.782145,-0.303507,0.946542,-0.109274
310,269839,1,3,2.0000,2.000000,-3.683268,-4.000000,2.000000,-3.344264,-3.395959,0.692668,1,0.724107,0.087382,0.868714,-0.487545
311,645028,1,3,2.0000,2.000000,2.411403,0.183402,2.000000,2.267608,1.535799,1.360020,0,0.734327,-0.567826,0.818534,0.087032
312,780553,1,3,2.0000,2.000000,3.602899,-0.595376,2.000000,3.833980,0.276635,0.902110,0,0.635453,-0.675535,0.712728,-0.188871
313,872367,1,3,2.0000,2.000000,1.570122,-4.000000,2.000000,1.529430,-3.582510,0.419469,1,0.888228,-0.371056,0.924231,0.090085
314,1100734,1,3,2.0000,2.000000,1.674901,-4.000000,2.000000,1.750274,-3.668776,0.339691,1,0.658551,0.162744,0.962074,-0.218927
315,1254923,1,3,2.0000,2.000000,-3.005513,-1.692745,2.000000,-3.285297,-0.862324,0.876287,0,1.288798,-0.596228,0.760795,0.256326
316,1295106,1,3,2.0000,2.000000,-3.085419,-3.223850,2.000000,-3.178705,-1.664715,1.561923,0,0.869912,-0.543754,0.837747,0.050124
317,1586546,1,3,2.0000,2.000000,-4.017473,-3.837391,2.000000,-4.315486,-1.706271,2.151856,0,1.137436,-0.319220,0.938549,0.131245
318,1763646,1,3,2.0000,2.000000,-1.372156,-0.256830,2.000000,-1.166635,0.738629,1.016453,0,0.531429,-0.549803,0.818042,-0.168892
319,1869264,1,3,2.0000,2.000000,0.092902,-2.043787,2.000000,0.206801,-0.632336,1.416039,0,0.893043,0.023667,0.996481,-0.080412
320,2218697,1,3,2.0000,2.000000,-1.610825,-3.321685,2.000000,-0.689336,-2.328694,1.354686,0,0.872887,-0.361077,0.683553,-0.634333
321,2282784,1,3,2.0000,2.000000,-1.749711,2.957414,2.000000,-1.784671,3.651465,0.694930,1,0.501946,-0.582188,0.812024,0.040902
322,2287129,1,3,2.0000,2.000000,4.289392,-4.000000,2.000000,4.347386,-3.362093,0.640537,1,0.947920,-0.105348,0.990351,-0.090035
323,2311474,1,3,2.0000,2.000000,-3.823853,1.481375,2.000000,-4.241420,1.961567,0.636354,1,0.508510,-0.152147,0.745814,0.648547
324,2465669,1,3,2.0000,2.000000,-1.626339,-3.803759,2.000000,-0.400068,-0.303200,3.709131,0,3.161315,-0.443942,0.845668,-0.296244
325,2467651,1,3,2.0000,2.000000,1.826147,-1.947454,2.000000,2.328191,-1.456228,0.702390,0,0.509337,-0.825673,0.394546,-0.403235
326,2474786,1,3,2.0000,2.000000,2.943703,-1.188699,2.000000,4.164498,2.042978,3.454573,1,4.754917,-0.128120,0.927768,-0.350473
327,2760034,1,3,2.0000,2.000000,-4.797674,-1.344474,2.000000,-3.989530,0.456775,1.974233,0,1.295233,-0.215358,0.890971,-0.399741
328,2918263,1,3,2.0000,2.000000,-4.783147,-4.000000,2.000000,-4.201278,-1.152694,2.906153,1,1.807055,-0.124206,0.972164,-0.198669
329,3334219,1,3,2.0000,2.000000,1.994207,-1.129587,2.000000,1.123693,1.686238,2.947315,0,1.478916,-0.163679,0.942502,0.291375
330,3378978,1,3,2.0000,2.000000,3.031600,-4.000000,2.000000,3.314134,-2.650422,1.378835,1,4.259476,-0.392881,0.900077,-0.188431
331,3412323,1,3,2.0000,2.000000,1.368447,-4.000000,2.000000,1.367068,-3.944139,0.055878,1,0.847614,0.008825,0.999656,0.024683
332,3471879,1,3,2.0000,2.000000,5.178905,-3.282326,2.000000,5.303036,-2.445418,0.846063,0,0.602038,-0.219918,0.964962,-0.143124
333,3472115,1,3,2.0000,2.000000,-4.061219,-4.000000,2.000000,-4.057739,-3.401880,0.598130,1,0.517651,-0.365395,0.930837,-0.005416
334,3512449,1,3,2.0000,2.000000,-4.433778,1.416107,2.000000,-4.411968,1.749412,0.334018,1,0.556920,-0.233928,0.970179,-0.063486
335,3764268,1,3,2.0000,2.000000,-2.438682,-2.242315,2.000000,-2.426850,-1.093376,1.149001,0,0.772025,-0.407844,0.913003,-0.009402
336,4131752,1,3,2.0000,2.000000,-4.335889,-0.503164,2.000000,-3.398980,2.346712,2.999932,0,1.738293,-0.119984,0.943117,-0.310054
337,4234137,1,3,2.0000,2.000000,-3.873953,-0.106451,2.000000,-4.087667,0.892648,1.021700,0,0.517872,-0.286143,0.936990,0.200428
338,4311025,1,3,2.0000,2.000000,-5.200504,-3.514650,2.000000,-4.816610,0.033278,3.568636,1,2.154213,-0.687293,0.722165,-0.078140
339,4568715,1,3,2.0000,2.000000,3.301600,1.604176,2.000000,3.072334,2.487917,0.912995,0,0.942332,-0.208928,0.946596,0.245572
340,4682886,1,3,2.0000,2.000000,1.469961,-1.114383,2.000000,1.133771,-0.121799,1.047973,0,0.576139,-0.314814,0.898988,0.304488
341,4735160,1,3,2.0000,2.000000,-3.325922,-0.617007,2.000000,-3.024048,0.462554,1.120972,0,1.289346,-0.465529,0.852337,-0.238337
342,4973813,1,3,2.0000,2.000000,-1.604044,-1.889464,2.000000,-1.498161,-0.423889,1.469395,0,1.121696,-0.598733,0.798867,-0.057716
343,5055257,1,3,2.0000,2.000000,-4.413097,1.295190,2.000000,-4.223696,1.525595,0.298260,0,0.534144,-0.683764,0.563692,-0.463377
344,5157950,1,3,2.0000,2.000000,1.697048,-4.000000,2.000000,1.711296,-3.873372,0.127427,1,0.577724,-0.677624,0.730797,-0.082225
345,5299137,1,3,2.0000,2.000000,2.341190,-3.069476,2.000000,1.268496,-2.018500,1.501740,0,0.754529,0.082496,0.697454,0.711866
346,5729509,2,3,2.0000,2.000000,-5.218207,0.235177,2.000000,-1.343956,-4.000000,5.739908,2,5.661396,0.904026,-0.315413,-0.288533
347,5788406,2,3,2.0000,2.000000,0.511997,1.964136,2.000000,2.327181,0.027230,2.654524,0,1.853846,0.941077,-0.246766,-0.231259
348,5797885,2,3,2.0000,2.000000,1.130479,2.740756,2.000000,0.119173,0.687374,2.288912,0,1.144556,0.903230,-0.384996,0.189613
349,5951119,2,3,2.0000,2.000000,-2.354872,1.153763,2.000000,-2.523736,-0.989694,2.150098,0,1.567336,0.869476,-0.492450,0.038796
350,5972923,2,3,2.0000,2.000000,3.815396,-1.179918,2.000000,4.365651,-3.829941,2.706548,0,1.393527,0.835280,-0.538342,-0.111782
351,6014082,2,3,2.0000,2.000000,-1.259185,-3.436571,2.000000,-4.179091,-4.000000,2.973769,1,3.065922,0.908161,-0.079315,0.411039
352,6100073,2,3,2.0000,2.000000,-0.442035,-0.729662,2.000000,-1.377509,-1.942237,1.531486,0,2.413102,0.905710,-0.335627,0.258928
353,6203250,2,3,2.0000,2.000000,-0.151642,-3.786711,2.000000,-0.159769,-4.000000,0.213443,1,1.450395,0.955265,-0.295538,0.011260
354,6323305,2,3,2.0000,2.000000,1.625086,-3.701216,2.000000,1.696415,-4.000000,0.307180,1,1.218244,0.964678,-0.256233,-0.061170
355,7243460,2,3,2.0000,2.000000,-0.581415,-3.772662,2.000000,-0.577367,-4.000000,0.227374,1,1.768672,0.879871,-0.475137,-0.008461
356,7405610,3,3,2.0000,2.000000,4.167788,2.039496,2.000000,4.965753,-0.032758,2.220582,1,2.752051,-0.701224,-0.665319,-0.256195
357,7416806,3,3,2.0000,2.000000,2.436781,-3.276130,2.000000,2.645580,-4.000000,0.753382,1,1.052636,-0.679800,-0.704668,-0.203260
358,7441216,3,3,2.0000,2.000000,5.491580,-0.995513,2.000000,5.504641,-1.009147,0.018880,1,3.011590,-0.290319,-0.691027,-0.661964
359,7585926,3,3,2.0000,2.000000,0.381108,3.916829,2.000000,-0.033947,3.243623,0.790871,0,0.858271,-0.784346,-0.528032,0.325550
360,7633359,3,3,2.0000,2.000000,-4.743103,-2.489013,2.000000,-5.150941,-3.662920,1.242734,1,1.004929,-0.100726,-0.939812,0.326508
361,7826564,3,3,2.0000,2.000000,-0.775004,-2.674830,2.000000,-1.023460,-4.000000,1.348261,1,13.202673,-0.423534,-0.890366,0.166934
362,7850095,3,3,2.0000,2.000000,-3.626445,2.601466,2.000000,-3.655563,2.436076,0.167933,1,1.324855,-0.683362,-0.719022,0.126588
363,7884370,3,3,2.0000,2.000000,0.933250,2.654740,2.000000,1.876232,0.225102,2.606215,0,1.351972,-0.765527,-0.599812,-0.232797
364,7886919,3,3,2.0000,2.000000,1.340024,-0.648914,2.000000,1.582458,-3.408737,2.770452,0,1.389488,-0.472186,-0.878118,-0.077138
365,7933854,3,3,2.0000,2.000000,2.091122,3.282226,2.000000,2.829008,2.374287,1.169970,0,1.018791,-0.544448,-0.650935,-0.529018
366,8143501,3,3,2.0000,2.000000,-4.924284,-2.059700,2.000000,-3.874502,-3.390063,1.694670,0,1.452934,0.003162,-0.785024,-0.619458
367,8356373,3,3,2.0000,2.000000,-0.156143,3.558263,2.000000,2.564544,-3.305770,7.383569,0,3.779806,-0.649907,-0.706536,-0.280049
368,8395765,3,3,2.0000,2.000000,-2.450296,3.363919,2.000000,-2.471245,3.247531,0.118258,1,1.067082,-0.567497,-0.810353,0.145859
369,8452521,3,3,2.0000,2.000000,0.966791,2.267017,2.000000,1.556655,1.246789,1.178476,0,1.106018,-0.411627,-0.788975,-0.456160
370,8512133,3,3,2.0000,2.000000,-1.691166,2.115649,2.000000,-1.302149,1.298471,0.905049,0,1.218681,-0.766323,-0.580080,-0.276147
371,8523310,3,3,2.0000,2.000000,0.382568,3.653161,2.000000,0.677587,2.275588,1.408809,0,1.494171,0.049537,-0.976627,-0.209153
372,8534037,3,3,2.0000,2.000000,0.593695,1.188617,2.000000,1.272940,-0.526767,1.844970,0,0.938926,-0.283274,-0.891678,-0.353080
373,8572632,3,3,2.0000,2.000000,-2.431788,-1.192366,2.000000,-3.209218,-1.633914,0.894070,0,1.083571,-0.909571,-0.205224,0.361335
374,8589677,3,3,2.0000,2.000000,0.592570,3.907642,2.000000,0.541600,2.453640,1.454895,1,2.468194,-0.045020,-0.998373,0.034997
375,8674529,3,3,2.0000,2.000000,3.488827,2.235262,2.000000,4.670699,0.741612,1.904681,0,1.338075,-0.307719,-0.746148,-0.590400
376,8729640,3,3,2.0000,2.000000,2.460533,-0.671925,2.000000,3.556927,-2.543276,2.168878,0,2.454092,-0.352489,-0.807440,-0.473066
377,8832613,3,3,2.0000,2.000000,2.450600,3.363771,2.000000,1.514341,-0.833974,4.300889,1,2.363868,-0.240285,-0.947423,0.211312
378,8852008,3,3,2.0000,2.000000,-1.564500,-1.757065,2.000000,-1.955225,-2.388438,0.742495,0,1.437504,-0.285561,-0.814933,0.504321
379,8895245,3,3,2.0000,2.000000,-1.478402,0.551396,2.000000,-0.795934,-1.059170,1.749196,0,0.901787,-0.340867,-0.865604,-0.366795
380,8898108,3,3,2.0000,2.000000,-4.066029,0.842240,2.000000,-2.145280,-0.290786,2.230027,0,1.278361,-0.729360,-0.347591,-0.589249
381,8936231,3,3,2.0000,2.000000,-1.503923,2.571034,2.000000,-2.038171,1.187686,1.482927,0,1.249325,-0.379715,-0.862983,0.333283
382,9024239,3,3,2.0000,2.000000,-0.593011,-1.886660,2.000000,-0.163917,-2.598307,0.831002,0,1.056175,-0.607342,-0.680338,-0.410215
383,9050367,3,3,2.0000,2.000000,2.088358,3.539684,2.000000,2.359827,3.111012,0.507400,1,0.872052,-0.924166,-0.322721,-0.204373
384,9122158,3,3,2.0000,2.000000,2.526332,3.326994,2.000000,3.290758,2.296454,1.283106,1,1.591224,-0.417481,-0.729820,-0.541361
385,9189247,3,3,2.0000,2.000000,-4.780443,-3.122711,2.000000,-4.756987,-4.000000,0.877603,1,1.344463,-0.733224,-0.679745,-0.018175
386,9207156,3,3,2.0000,2.000000,-1.873755,1.836435,2.000000,-2.080855,0.039930,1.808403,0,0.927889,-0.234053,-0.965828,0.111340
387,9317745,3,3,2.0000,2.000000,-1.403639,0.735618,2.000000,-0.526002,-0.753725,1.728695,0,0.901146,-0.827443,-0.483798,-0.285091
388,9392296,3,3,2.0000,2.000000,1.519723,3.725147,2.000000,0.701873,1.737627,2.149213,1,2.203207,-0.550924,-0.771769,0.317577
389,9508484,4,3,2.0000,2.000000,-5.489252,-0.839396,2.000000,-0.072630,3.954781,7.233528,2,17.460003,-0.129226,0.657214,-0.742543
390,9508916,4,3,2.0000,2.000000,0.036419,-4.000000,2.000000,5.503125,-0.976697,6.247018,2,17.468466,-0.063114,0.482994,-0.873346
391,9510405,4,3,2.0000,2.000000,-2.472124,-1.335669,2.000000,-0.307335,0.022537,2.555589,0,1.771004,-0.024211,0.531309,-0.846832
392,9523808,4,3,2.0000,2.000000,-2.924132,2.828863,2.000000,-0.884057,3.881215,2.295507,1,15.187327,-0.829187,0.256255,-0.496771
393,9529147,4,3,2.0000,2.000000,-2.945197,-4.000000,2.000000,4.765680,1.205179,9.303306,2,16.603292,0.371107,0.519544,-0.769645
394,9550739,4,3,2.0000,2.000000,3.295353,1.533781,2.000000,4.163332,2.044213,1.006940,1,10.762087,0.368800,0.471181,-0.801233
395,9575885,4,3,2.0000,2.000000,-3.818793,2.408859,2.000000,-2.689748,3.247635,1.406517,2,22.393486,-0.041039,0.595848,-0.802048
396,9576857,4,3,2.0000,2.000000,-5.520169,-1.341689,2.000000,0.014937,1.421054,6.186288,1,13.524506,-0.148879,0.441614,-0.884767
397,9635444,4,3,2.0000,2.000000,-5.471053,-0.759039,2.000000,0.176980,3.945321,7.350597,2,11.624279,-0.399210,0.586787,-0.704494
398,9649394,4,3,2.0000,2.000000,-2.506464,-4.000000,2.000000,3.130173,2.965523,8.960479,2,14.220042,0.066313,0.775649,-0.627671
399,9650868,4,3,2.0000,2.000000,-5.426880,-2.788119,2.000000,-3.656051,-2.014745,1.932341,1,3.929238,0.010690,0.400203,-0.916364
400,9658563,4,3,2.0000,2.000000,-5.452726,-0.678117,2.000000,-4.922033,-0.827150,0.551222,1,19.190580,-0.156935,-0.267019,-0.950827
401,9666992,4,3,2.0000,2.000000,-5.139866,0.421106,2.000000,-0.090285,3.243305,5.784728,1,10.473537,0.029708,0.487655,-0.872531
402,9691989,4,3,2.0000,2.000000,0.986312,-4.000000,2.000000,4.842823,-2.513748,4.132992,1,6.400978,-0.181076,0.353662,-0.917679
403,9708566,4,3,2.0000,2.000000,1.384121,3.472966,2.000000,1.823554,3.640651,0.470340,1,12.747355,0.033625,0.356317,-0.933760
404,9716367,4,3,2.0000,2.000000,-5.229652,-3.427454,2.000000,2.177119,3.496580,10.139157,2,23.230341,-0.046025,0.682177,-0.729737
405,9728802,4,3,2.0000,2.000000,2.460613,-4.000000,2.000000,5.542543,-1.899233,3.729814,2,7.514901,0.423503,0.510233,-0.748537
406,9750378,4,3,2.0000,2.000000,-0.354828,-4.000000,2.000000,-0.147526,-3.730066,0.340350,1,10.491266,0.712322,0.556644,-0.427487
407,9755797,4,3,2.0000,2.000000,-2.252406,-0.523116,2.000000,1.309026,3.783743,5.588634,1,13.648430,0.050383,0.769667,-0.636454
408,9758633,4,3,2.0000,2.000000,2.210635,-0.034510,2.000000,4.867791,1.048068,2.869225,1,7.520791,-0.123449,0.374421,-0.919005
409,9772515,4,3,2.0000,2.000000,-5.073168,-1.298803,2.000000,-2.377952,-0.435541,2.830091,0,1.688548,0.161770,0.301012,-0.939799
410,9786651,4,3,2.0000,2.000000,-3.412639,-4.000000,2.000000,3.799288,0.468551,8.484093,1,6.920470,0.052675,0.525966,-0.848873
411,9789910,4,3,2.0000,2.000000,-1.550253,-4.000000,2.000000,4.314021,1.884730,8.307812,2,8.042869,0.211645,0.692291,-0.689884
412,9790703,4,3,2.0000,2.000000,1.083914,-4.000000,2.000000,1.459680,-0.641158,3.379796,1,24.859388,-0.378227,0.919974,-0.102921
413,9802243,4,3,2.0000,2.000000,-1.917125,-4.000000,2.000000,4.364380,1.822631,8.565065,2,26.663315,-0.155407,0.671552,-0.724477
414,9817059,4,3,2.0000,2.000000,-1.849235,-3.759987,2.000000,4.130234,2.079242,8.357670,1,6.264262,0.040003,0.698108,-0.714874
415,10016758,5,3,2.0000,2.000000,0.357600,-0.635705,2.000000,0.259210,-1.658185,1.027204,0,0.585678,-0.594324,-0.800528,0.077033
416,10083787,5,3,2.0000,2.000000,-4.127710,0.890273,2.000000,-3.213317,0.080842,1.221186,0,0.636984,-0.672423,-0.490601,-0.554219
417,10208926,5,3,2.0000,2.000000,-3.300480,0.172801,2.000000,-0.689023,-2.194934,3.525036,0,1.771260,-0.759442,-0.436985,-0.481966
418,10224950,5,3,2.0000,2.000000,-0.997221,-1.360484,2.000000,-0.779441,-1.708205,0.410290,0,0.541721,-0.605317,-0.674596,-0.422505
419,10390818,5,3,2.0000,2.000000,-1.188246,2.189165,2.000000,-0.586451,1.594218,0.846238,0,0.634749,-0.843989,-0.377088,-0.381428
420,10646214,5,3,2.0000,2.000000,-2.207152,0.835243,2.000000,-1.556274,0.095463,0.985351,0,0.513796,-0.742117,-0.503224,-0.442750
421,10731158,5,3,2.0000,2.000000,1.989897,-1.886557,2.000000,3.120308,-3.164443,1.706113,0,0.920730,-0.628771,-0.582419,-0.515204
422,10777286,5,3,2.0000,2.000000,0.935507,3.876550,2.000000,1.367618,3.391553,0.649571,1,0.815232,-0.639115,-0.574251,-0.511633
423,12319352,5,3,2.0000,2.000000,-3.309715,0.547752,2.000000,-2.049533,-0.279606,1.507508,0,0.760185,-0.719336,-0.381248,-0.580694
424,12374920,5,3,2.0000,2.000000,-4.566089,-1.524457,2.000000,-3.671011,-1.848346,0.951876,0,0.633933,-0.785548,-0.210555,-0.581878
425,12535819,5,3,2.0000,2.000000,-3.703600,-2.894326,2.000000,-2.937811,-3.721947,1.127560,0,0.579165,-0.842327,-0.395598,-0.366043
426,13199690,5,3,2.0000,2.000000,4.250558,-1.875398,2.000000,4.775234,-2.629678,0.918817,0,0.696128,-0.567319,-0.676031,-0.470246
427,13214679,5,3,2.0000,2.000000,-1.265645,-0.347622,2.000000,-0.736822,-1.730106,1.480174,0,0.741538,-0.890311,-0.425299,-0.162684
428,13494883,5,3,2.0000,2.000000,-0.582471,1.982955,2.000000,-0.141892,0.638292,1.415001,0,0.729969,-0.499273,-0.823375,-0.269779
429,13729893,5,3,2.0000,2.000000,-5.050846,0.632379,2.000000,-4.916928,0.550747,0.156837,1,0.719380,-0.701022,-0.371182,-0.608927
430,13737025,5,3,2.0000,2.000000,0.519716,-0.629961,2.000000,0.770329,-1.757883,1.155429,0,0.578224,-0.719824,-0.677631,-0.150563
431,13889487,5,3,2.0000,2.000000,-4.914038,-0.567715,2.000000,-4.781639,-0.901332,0.358928,0,0.520669,-0.821925,-0.529427,-0.210109
432,14012199,5,3,2.0000,2.000000,-0.193831,0.558207,2.000000,1.233077,0.680790,1.432163,0,0.762364,-0.642310,0.065602,-0.763632
433,14200067,5,3,2.0000,2.000000,1.528736,-2.736119,2.000000,1.748003,-3.531856,0.825394,0,0.812059,-0.807885,-0.568165,-0.156559
434,14728431,5,3,2.0000,2.000000,-1.188289,1.722497,2.000000,-0.753853,1.027570,0.819548,0,0.629479,-0.539978,-0.713693,-0.446168
435,14743079,5,3,2.0000,2.000000,-5.539834,-1.762816,2.000000,-4.912440,-2.432579,0.917718,1,0.521347,-0.537793,-0.615289,-0.576366
436,14784712,5,3,2.0000,2.000000,-1.391644,3.760767,2.000000,-0.893138,3.021803,0.891389,1,0.547362,-0.763050,-0.535816,-0.361462
437,14834643,5,3,2.0000,2.000000,4.438913,-3.316462,2.000000,5.110402,-3.784194,0.818333,1,1.022811,-0.908091,-0.239357,-0.343627
438,15218455,5,3,2.0000,2.000000,-4.586627,-0.032377,2.000000,-3.808777,-0.715434,1.035190,0,0.603386,-0.592135,-0.531722,-0.605514
439,15225132,5,3,2.0000,2.000000,2.972094,2.517897,2.000000,3.619219,1.981365,0.840618,0,0.586880,-0.755289,-0.418310,-0.504535
440,15320723,5,3,2.0000,2.000000,-5.073439,-2.811400,2.000000,-4.251650,-3.663377,1.183724,0,0.620047,-0.871412,-0.353071,-0.340561
441,15656652,5,3,2.0000,2.000000,-3.894513,0.049855,2.000000,-3.512429,-0.905917,1.029314,0,0.517521,-0.620289,-0.728331,-0.291162
442,15684524,5,3,2.0000,2.000000,-1.839851,-0.756476,2.000000,-0.560979,-1.714104,1.597675,0,0.835510,-0.688971,-0.434430,-0.580163
443,15729694,5,3,2.0000,2.000000,-0.772292,-2.816005,2.000000,-0.649468,-3.919938,1.110745,0,0.556033,-0.845739,-0.530325,-0.059004
444,16072654,5,3,2.0000,2.000000,-5.494320,-2.269832,2.000000,-4.963675,-2.805722,0.754163,1,0.536423,-0.821152,-0.405532,-0.401563
445,16536271,5,3,2.0000,2.000000,2.182168,1.051033,2.000000,3.167847,0.604290,1.082193,0,0.813988,-0.340675,-0.388119,-0.856332
446,17167885,5,3,2.0000,2.000000,3.432857,1.403374,2.000000,4.393854,0.543657,1.289430,0,0.644721,-0.516717,-0.570835,-0.638084
447,17442763,5,3,2.0000,2.000000,1.164751,3.823866,2.000000,1.387735,3.422366,0.459265,1,0.538124,-0.900667,-0.379859,-0.210965
448,17718068,5,3,2.0000,2.000000,-4.663208,-2.501919,2.000000,-3.708726,-3.359154,1.282922,0,0.646571,-0.821666,-0.380848,-0.424052
449,17836868,5,3,2.0000,2.000000,-0.001520,1.950505,2.000000,0.349558,1.046518,0.969768,0,1.150703,-0.682757,-0.681085,-0.264510
450,17904350,5,3,2.0000,2.000000,1.320783,0.477405,2.000000,1.854890,-0.247707,0.900588,0,0.549734,-0.847712,-0.427100,-0.314596
451,17990087,5,3,2.0000,2.000000,-0.865455,3.882901,2.000000,-0.425723,3.761340,0.456225,1,0.714217,-0.708316,-0.188087,-0.680376
452,18427191,5,3,2.0000,2.000000,0.020291,-3.549293,2.000000,0.517708,-4.000000,0.671238,1,0.710712,-0.912416,-0.274802,-0.303283
453,31633,1,4,3.0000,3.000000,-2.498362,1.967485,3.000000,-2.105355,3.105246,1.203725,0,0.627531,-0.338562,0.889380,-0.307211
454,190710,1,4,3.0000,3.000000,-3.484867,-2.085855,3.000000,-3.142401,-1.128376,1.016882,0,0.512513,-0.609283,0.746631,-0.267052
455,218440,1,4,3.0000,3.000000,3.419428,-3.286400,3.000000,3.359403,-1.993178,1.294614,0,0.662622,0.133727,0.989952,0.045949
456,269839,1,4,3.0000,3.000000,-3.783856,-4.000000,3.000000,-3.502943,-3.499465,0.573975,1,0.724107,0.087382,0.868714,-0.487545
457,467840,1,4,3.0000,3.000000,3.327706,-4.000000,3.000000,3.296887,-2.083078,1.917170,1,3.092469,-0.377971,0.925698,0.014883
458,588633,1,4,3.0000,3.000000,-1.878357,3.342492,3.000000,-1.771750,3.655058,0.330247,1,1.143456,-0.244170,0.917816,-0.313040
459,775361,1,4,3.0000,3.000000,2.992679,-4.000000,3.000000,3.018028,-3.643294,0.357606,1,0.641045,-0.384368,0.920858,-0.065439
460,872367,1,4,3.0000,3.000000,1.971598,-4.000000,3.000000,1.872051,-2.978698,1.026142,1,0.888228,-0.371056,0.924231,0.090085
461,1131792,1,4,3.0000,3.000000,0.761064,-0.364408,3.000000,0.617489,1.044155,1.415861,0,0.708223,-0.735792,0.673717,0.068672
462,1327827,1,4,3.0000,3.000000,-1.279069,-4.000000,3.000000,-0.983246,-3.019355,1.024293,1,0.672202,-0.637629,0.737518,-0.222480
463,1586546,1,4,3.0000,3.000000,-3.707256,-3.623545,3.000000,-3.958508,-1.826817,1.814210,0,1.137436,-0.319220,0.938549,0.131245
464,1825189,1,4,3.0000,3.000000,-4.152132,0.333436,3.000000,-4.207823,1.324851,0.992978,0,0.509843,-0.041397,0.997570,0.056037
465,1880564,1,4,3.0000,3.000000,4.715028,-0.759744,3.000000,4.500981,0.092062,0.878288,0,0.504551,-0.196539,0.950932,0.238957
466,2207323,1,4,3.0000,3.000000,-0.351918,-4.000000,3.000000,-0.321393,-3.761156,0.240786,1,0.507912,-0.350552,0.928987,-0.118728
467,2218697,1,4,3.0000,3.000000,-1.342268,-3.601513,3.000000,-0.390255,-2.575629,1.399560,0,0.872887,-0.361077,0.683553,-0.634333
468,2474786,1,4,3.0000,3.000000,3.173864,-0.944982,3.000000,4.263151,1.938568,3.082435,1,4.754917,-0.128120,0.927768,-0.350473
469,2507425,1,4,3.0000,3.000000,1.270435,-0.206770,3.000000,1.323371,0.695894,0.904214,0,0.573778,-0.358941,0.931759,-0.054642
470,2641030,1,4,3.0000,3.000000,-0.383017,-3.246801,3.000000,-0.536561,-2.069257,1.187512,0,0.662773,-0.363860,0.923635,0.120436
471,2760034,1,4,3.0000,3.000000,-4.717129,-1.703693,3.000000,-3.667657,0.635446,2.563779,0,1.295233,-0.215358,0.890971,-0.399741
472,2824256,1,4,3.0000,3.000000,0.890329,-4.000000,3.000000,1.207475,-3.286923,0.780423,1,0.596049,-0.211962,0.892945,-0.397142
473,2918263,1,4,3.0000,3.000000,-4.655385,-4.000000,3.000000,-4.109128,-1.326961,2.728284,1,1.807055,-0.124206,0.972164,-0.198669
474,2961707,1,4,3.0000,3.000000,3.801813,1.252664,3.000000,4.244149,1.958679,0.833138,1,0.746520,-0.460364,0.752278,-0.471321
475,3176273,1,4,3.0000,3.000000,-0.998587,1.838143,3.000000,-0.696081,2.914446,1.118006,0,0.562049,-0.085269,0.959192,-0.269591
476,3334219,1,4,3.0000,3.000000,2.066532,-0.801789,3.000000,1.368396,1.456449,2.363691,0,1.478916,-0.163679,0.942502,0.291375
477,3344202,1,4,3.0000,3.000000,-4.117376,-2.520835,3.000000,-4.567480,-1.456767,1.155351,0,0.587909,-0.052311,0.919731,0.389049
478,3378978,1,4,3.0000,3.000000,3.468097,-4.000000,3.000000,3.872853,-2.066607,1.975306,1,4.259476,-0.392881,0.900077,-0.188431
479,3401075,1,4,3.0000,3.000000,-4.759791,-3.394034,3.000000,-5.357717,-2.440575,1.125432,0,0.664183,0.191404,0.831530,0.521462
480,3507406,1,4,3.0000,3.000000,-5.401995,-1.991270,3.000000,-5.441528,-0.628673,1.363170,1,0.933641,-0.357365,0.933572,0.027086
481,3515395,1,4,3.0000,3.000000,0.285096,-4.000000,3.000000,0.340873,-3.849713,0.160303,1,1.703407,-0.057227,0.935980,-0.347372
482,3538630,1,4,3.0000,3.000000,1.026206,2.845590,3.000000,0.923780,3.792390,0.952324,0,0.529409,0.052786,0.992813,0.107404
483,3712678,1,4,3.0000,3.000000,-3.342254,0.176111,3.000000,-3.404114,0.939882,0.766272,0,0.573676,-0.478689,0.875119,0.070878
484,3764268,1,4,3.0000,3.000000,-1.991360,-2.182515,3.000000,-1.980855,-1.162375,1.020194,0,0.772025,-0.407844,0.913003,-0.009402
485,3784075,1,4,3.0000,3.000000,-3.287903,-2.324150,3.000000,-2.786617,0.263359,2.635620,0,1.432768,-0.118420,0.974838,-0.188858
486,3808456,1,4,3.0000,3.000000,4.013263,0.503738,3.000000,4.588725,1.477447,1.131046,1,1.593057,-0.428636,0.777797,-0.459678
487,3966126,1,4,3.0000,3.000000,1.838467,-4.000000,3.000000,1.869318,-3.956428,0.053388,1,0.967089,-0.304698,0.777324,-0.550388
488,3991113,1,4,3.0000,3.000000,-2.686997,2.632453,3.000000,-2.474160,3.336782,0.735784,0,0.506427,-0.261043,0.924058,-0.279236
489,4184167,1,4,3.0000,3.000000,-2.260129,-0.556474,3.000000,-2.067954,0.443276,1.018053,0,0.648395,-0.529074,0.833320,-0.160183
490,4227764,1,4,3.0000,3.000000,-4.204119,-2.648597,3.000000,-4.404792,0.605973,3.260750,0,1.876557,-0.316244,0.946880,0.058384
491,4311025,1,4,3.0000,3.000000,-4.282395,-3.825195,3.000000,-3.932835,-0.594584,3.249467,0,2.154213,-0.687293,0.722165,-0.078140
492,4334829,1,4,3.0000,3.000000,2.594161,-1.607261,3.000000,2.695282,-1.301574,0.321978,0,0.675632,-0.089421,0.945599,-0.312804
493,4426062,1,4,3.0000,3.000000,3.273886,-3.776263,3.000000,2.979055,-2.607690,1.205192,0,0.603487,-0.122722,0.962286,0.242785
494,4500450,1,4,3.0000,3.000000,3.585658,-0.224013,3.000000,3.955466,0.778376,1.068430,0,0.545744,0.232724,0.912429,-0.336620
495,4671552,1,4,3.0000,3.000000,-0.306112,-4.000000,3.000000,-0.178193,-3.386797,0.626403,1,0.560142,-0.671150,0.725699,-0.151387
496,4735160,1,4,3.0000,3.000000,-3.015531,-1.460226,3.000000,-2.321300,1.022471,2.577934,0,1.289346,-0.465529,0.852337,-0.238337
497,4885247,1,4,3.0000,3.000000,-2.704473,-2.009447,3.000000,-2.715599,-1.452811,0.556748,0,0.533725,-0.106048,0.994162,0.019871
498,4973813,1,4,3.0000,3.000000,-0.881006,-2.255419,3.000000,-0.730028,-0.165666,2.095199,0,1.121696,-0.598733,0.798867,-0.057716
499,5042088,1,4,3.0000,3.000000,-1.100650,0.001208,3.000000,-0.975490,0.885207,0.892815,0,0.621362,-0.314968,0.939730,-0.133051
500,5675389,2,4,3.0000,3.000000,-2.859394,-3.485141,3.000000,-1.443626,-4.000000,1.506479,1,1.490476,0.968574,-0.085006,-0.233750
501,5729509,2,4,3.0000,3.000000,-2.892246,0.825704,3.000000,1.522207,-4.000000,6.540246,1,5.661396,0.904026,-0.315413,-0.288533
502,5810012,2,4,3.0000,3.000000,-4.072177,-0.322461,3.000000,-5.343604,-0.196292,1.277672,1,1.210866,0.949527,0.030976,0.312153
503,6100073,2,4,3.0000,3.000000,2.255288,-0.731273,3.000000,-0.266462,-4.000000,4.128413,1,2.413102,0.905710,-0.335627,0.258928
504,6872641,2,4,3.0000,3.000000,1.892074,-0.079124,3.000000,1.821819,-2.414795,2.336728,0,1.217221,0.822179,-0.568972,0.017114
505,7057205,2,4,3.0000,3.000000,3.905137,-2.328567,3.000000,4.441120,-2.889658,0.775952,0,1.216571,0.726207,-0.497114,-0.474869
506,7059008,2,4,3.0000,3.000000,-0.312722,0.180900,3.000000,-1.463967,2.569805,2.651835,0,1.414378,0.917439,0.358427,0.172731
507,7099856,2,4,3.0000,3.000000,-3.279148,2.856237,3.000000,-2.452726,1.893132,1.269072,1,1.211350,0.879369,-0.361346,-0.310064
508,7169771,2,4,3.0000,3.000000,2.197269,3.486794,3.000000,0.513637,1.803531,2.380755,1,2.041795,0.932234,-0.255843,0.255899
509,7228011,2,4,3.0000,3.000000,-2.669479,-4.000000,3.000000,0.654691,-1.892391,3.936003,1,2.330030,0.994482,0.056173,-0.088597
510,7243460,2,4,3.0000,3.000000,1.258682,-3.114065,3.000000,1.274457,-4.000000,0.886075,1,1.768672,0.879871,-0.475137,-0.008461
511,7405610,3,4,3.0000,3.000000,2.639138,3.272213,3.000000,3.726633,0.448069,3.026290,1,2.752051,-0.701224,-0.665319,-0.256195
512,7441216,3,4,3.0000,3.000000,4.839257,-0.753121,3.000000,5.526170,-1.470193,0.992997,1,3.011590,-0.290319,-0.691027,-0.661964
513,7495247,3,4,3.0000,3.000000,1.614435,3.698808,3.000000,0.431390,0.524779,3.387338,1,7.689922,-0.671068,-0.694708,0.258936
514,7735014,3,4,3.0000,3.000000,3.082578,-1.989457,3.000000,2.805211,-2.969918,1.018938,0,1.094747,-0.509007,-0.828258,0.234309
515,7810845,3,4,3.0000,3.000000,2.060333,-0.517650,3.000000,2.013807,-1.909531,1.392658,0,0.863498,-0.355668,-0.934091,0.031224
516,7826564,3,4,3.0000,3.000000,-1.116608,-1.959691,3.000000,-1.499145,-4.000000,2.075861,1,13.202673,-0.423534,-0.890366,0.166934
517,7861519,3,4,3.0000,3.000000,-3.070278,-3.668535,3.000000,-3.079375,-4.000000,0.331590,1,0.898069,-0.362985,-0.931444,0.025564
518,7886919,3,4,3.0000,3.000000,0.873323,-1.457440,3.000000,0.981944,-2.693960,1.241281,0,1.389488,-0.472186,-0.878118,-0.077138
519,7897893,3,4,3.0000,3.000000,-1.824300,3.640444,3.000000,-1.735969,3.146408,0.501870,1,1.107822,-0.820429,-0.562823,-0.100629
520,7954926,3,4,3.0000,3.000000,-2.143662,-3.774242,3.000000,-2.187496,-4.000000,0.229974,1,0.873524,-0.638318,-0.755661,0.146721
521,7995474,3,4,3.0000,3.000000,1.436614,1.364479,3.000000,1.088002,-0.387612,1.786436,0,0.895743,-0.596777,-0.786981,0.156585
522,8119326,3,4,3.0000,3.000000,1.634477,-3.206725,3.000000,1.546005,-3.674926,0.476486,0,1.201907,0.167575,-0.968716,0.183051
523,8143501,3,4,3.0000,3.000000,-5.289992,-1.591143,3.000000,-3.503829,-3.854703,2.883415,0,1.452934,0.003162,-0.785024,-0.619458
524,8289258,3,4,3.0000,3.000000,-3.753339,2.116955,3.000000,-2.955278,-1.046833,3.262890,0,2.075227,-0.089816,-0.965708,-0.243599
525,8290396,3,4,3.0000,3.000000,-0.321333,-0.795121,3.000000,-0.282961,-1.466535,0.672509,0,0.901079,-0.430563,-0.901090,-0.051498
526,8330454,3,4,3.0000,3.000000,-2.859836,-3.232871,3.000000,-2.849813,-4.000000,0.767194,1,0.915892,-0.553806,-0.832575,-0.010878
527,8356373,3,4,3.0000,3.000000,-0.971056,3.293517,3.000000,1.789546,-3.671216,7.491891,0,3.779806,-0.649907,-0.706536,-0.280049
528,8452521,3,4,3.0000,3.000000,0.323027,2.478095,3.000000,1.418386,0.583564,2.188392,0,1.106018,-0.411627,-0.788975,-0.456160
529,8514129,3,4,3.0000,3.000000,0.288973,-1.281081,3.000000,-0.032873,-2.901937,1.652500,0,1.114300,-0.400202,-0.898878,0.178487
530,8589677,3,4,3.0000,3.000000,0.547619,3.911717,3.000000,0.493451,2.366451,1.546216,1,2.468194,-0.045020,-0.998373,0.034997
531,8698974,3,4,3.0000,3.000000,2.309714,-3.030387,3.000000,1.763983,-4.000000,1.112642,1,1.577026,-0.594844,-0.700509,0.394270
532,8832613,3,4,3.0000,3.000000,2.221766,3.474898,3.000000,1.228737,-0.977375,4.561671,1,2.363868,-0.240285,-0.947423,0.211312
533,8895245,3,4,3.0000,3.000000,-1.595003,-0.102748,3.000000,-1.347025,-0.687956,0.635580,0,0.901787,-0.340867,-0.865604,-0.366795
534,8898108,3,4,3.0000,3.000000,-4.479975,-0.151356,3.000000,-2.814669,-1.133700,1.933454,0,1.278361,-0.729360,-0.347591,-0.589249
535,9024239,3,4,3.0000,3.000000,-1.557888,-1.766964,3.000000,-0.508417,-3.507502,2.032452,0,1.056175,-0.607342,-0.680338,-0.410215
536,9122158,3,4,3.0000,3.000000,1.695147,3.676362,3.000000,3.120013,1.755468,2.391668,1,1.591224,-0.417481,-0.729820,-0.541361
537,9147007,3,4,3.0000,3.000000,-0.886566,0.992283,3.000000,-0.930133,-1.235076,2.227785,0,1.129787,-0.250117,-0.968030,0.018935
538,9207156,3,4,3.0000,3.000000,-2.166782,1.396688,3.000000,-2.266138,0.534817,0.867578,0,0.927889,-0.234053,-0.965828,0.111340
539,9380578,3,4,3.0000,3.000000,1.693691,-2.836023,3.000000,1.905645,-4.000000,1.183117,1,0.901399,-0.355088,-0.919709,-0.167474
540,9425037,3,4,3.0000,3.000000,2.388864,3.393752,3.000000,1.685761,0.974288,2.519555,1,1.344937,-0.604643,-0.764855,0.222269
541,9451146,3,4,3.0000,3.000000,4.977535,-1.588607,3.000000,4.971401,-3.026999,1.438405,0,1.271436,-0.283344,-0.959010,0.004090
542,9508484,4,4,3.0000,3.000000,-5.505513,-1.027819,3.000000,0.119224,3.950557,7.511450,2,17.460003,-0.129226,0.657214,-0.742543
543,9508916,4,4,3.0000,3.000000,0.167091,-4.000000,3.000000,5.506415,-1.047145,6.101454,2,17.468466,-0.063114,0.482994,-0.873346
544,9523808,4,4,3.0000,3.000000,-2.370877,1.445101,3.000000,1.863727,3.629479,4.764807,1,15.187327,-0.829187,0.256255,-0.496771
545,9529147,4,4,3.0000,3.000000,-2.292844,-3.077454,3.000000,4.547861,1.540322,8.253429,1,16.603292,0.371107,0.519544,-0.769645
546,9529149,4,4,3.0000,3.000000,3.780240,1.036033,3.000000,4.513756,1.592797,0.920886,1,0.820962,0.404947,0.552806,-0.728302
547,9550739,4,4,3.0000,3.000000,3.667641,2.213003,3.000000,3.883762,2.340097,0.250722,1,10.762087,0.368800,0.471181,-0.801233
548,9575885,4,4,3.0000,3.000000,-3.980996,2.237189,3.000000,-2.490874,3.344213,1.856332,2,22.393486,-0.041039,0.595848,-0.802048
549,9576857,4,4,3.0000,3.000000,-5.528214,-1.513974,3.000000,0.449736,1.469807,6.681230,1,13.524506,-0.148879,0.441614,-0.884767
550,9635444,4,4,3.0000,3.000000,-4.726818,-0.705812,3.000000,0.790527,3.889695,7.180514,1,11.624279,-0.399210,0.586787,-0.704494
551,9649394,4,4,3.0000,3.000000,-2.591957,-4.000000,3.000000,3.076526,3.004877,9.011105,2,14.220042,0.066313,0.775649,-0.627671
552,9650868,4,4,3.0000,3.000000,-5.428316,-2.777080,3.000000,-2.162049,-1.350604,3.564174,1,3.929238,0.010690,0.400203,-0.916364
553,9658563,4,4,3.0000,3.000000,-5.487871,-0.833298,3.000000,-5.166923,-0.923429,0.333364,1,19.190580,-0.156935,-0.267019,-0.950827
554,9666992,4,4,3.0000,3.000000,-5.121101,0.465642,3.000000,-1.228143,2.641408,4.459717,1,10.473537,0.029708,0.487655,-0.872531
555,9691989,4,4,3.0000,3.000000,1.498315,-4.000000,3.000000,4.959828,-2.665975,3.709676,1,6.400978,-0.181076,0.353662,-0.917679
556,9708566,4,4,3.0000,3.000000,1.451165,3.534560,3.000000,1.768969,3.655832,0.340156,1,12.747355,0.033625,0.356317,-0.933760
557,9714055,4,4,3.0000,3.000000,-5.387587,-2.954990,3.000000,-5.145690,-2.882295,0.252584,1,7.385918,-0.175569,0.283331,-0.942814
558,9716367,4,4,3.0000,3.000000,-5.213589,-3.475508,3.000000,2.221521,3.475017,10.177949,2,23.230341,-0.046025,0.682177,-0.729737
559,9734188,4,4,3.0000,3.000000,-1.652745,-4.000000,3.000000,1.464684,-0.060514,5.023735,1,26.797428,0.043349,0.783438,-0.619957
560,9755797,4,4,3.0000,3.000000,-3.429960,-1.867977,3.000000,1.255805,3.798543,7.352949,1,13.648430,0.050383,0.769667,-0.636454
561,9758633,4,4,3.0000,3.000000,1.664676,-0.391274,3.000000,4.922844,0.936169,3.518205,1,7.520791,-0.123449,0.374421,-0.919005
562,9778226,4,4,3.0000,3.000000,-0.210192,3.888743,3.000000,-0.166839,3.946240,0.072010,1,12.304348,0.012393,0.798403,-0.601996
563,9783921,4,4,3.0000,3.000000,-0.095741,3.119244,3.000000,0.386343,3.926339,0.940111,1,5.500073,0.165542,0.846666,-0.505720
564,9786651,4,4,3.0000,3.000000,-3.512789,-4.000000,3.000000,3.089729,0.090957,7.767185,1,6.920470,0.052675,0.525966,-0.848873
565,9789910,4,4,3.0000,3.000000,-1.855969,-4.000000,3.000000,4.165230,2.042203,8.530127,2,8.042869,0.211645,0.692291,-0.689884
566,9790703,4,4,3.0000,3.000000,1.495043,-4.000000,3.000000,1.627678,-2.814417,1.192979,1,24.859388,-0.378227,0.919974,-0.102921
567,9802243,4,4,3.0000,3.000000,-1.685711,-4.000000,3.000000,4.451382,1.688768,8.368153,2,26.663315,-0.155407,0.671552,-0.724477
568,9817059,4,4,3.0000,3.000000,-2.152314,-4.000000,3.000000,4.102735,2.108346,8.742856,2,6.264262,0.040003,0.698108,-0.714874
569,9902039,5,4,3.0000,3.000000,-1.981216,3.591714,3.000000,-1.617271,3.387741,0.417207,1,1.522096,-0.799950,-0.293374,-0.523462
570,10208926,5,4,3.0000,3.000000,-3.112994,-1.572904,3.000000,-2.444693,-2.178834,0.902096,0,1.771260,-0.759442,-0.436985,-0.481966
571,10474417,5,4,3.0000,3.000000,-2.632279,-3.235742,3.000000,-1.325681,-3.800523,1.423438,0,0.711728,-0.744900,-0.264717,-0.612413
572,10677263,5,4,3.0000,3.000000,1.922407,3.220040,3.000000,2.157106,2.985146,0.332052,0,0.618295,-0.760458,-0.459378,-0.458995
573,10684834,5,4,3.0000,3.000000,0.632966,-3.427236,3.000000,1.360312,-3.986719,0.917635,0,0.530391,-0.714761,-0.426406,-0.554342
574,10777286,5,4,3.0000,3.000000,0.102477,3.562366,3.000000,0.656888,2.940102,0.833418,0,0.815232,-0.639115,-0.574251,-0.511633
575,10841850,5,4,3.0000,3.000000,-1.934491,0.164953,3.000000,-1.257806,-0.527998,0.968547,0,0.538990,-0.804233,-0.425204,-0.415223
576,11421426,5,4,3.0000,3.000000,3.199587,-3.602950,3.000000,4.173446,-3.771606,0.988356,0,0.558895,-0.538493,-0.143789,-0.830271
577,11604613,5,4,3.0000,3.000000,4.154900,-1.013868,3.000000,5.493421,-2.276740,1.840240,1,1.065901,-0.688545,-0.497667,-0.527479
578,12004376,5,4,3.0000,3.000000,0.537550,-1.059629,3.000000,1.098647,-2.071914,1.157389,0,0.639746,-0.899076,-0.382906,-0.212240
579,12118425,5,4,3.0000,3.000000,-0.534437,-0.487406,3.000000,1.013228,-1.280883,1.739216,0,0.949041,-0.705172,-0.323482,-0.630945
580,12240953,5,4,3.0000,3.000000,1.300191,2.382582,3.000000,2.240374,1.325898,1.414399,0,0.714910,-0.706421,-0.528785,-0.470485
581,12349587,5,4,3.0000,3.000000,2.180087,3.469486,3.000000,2.896073,2.492253,1.211453,0,0.687070,-0.712411,-0.566084,-0.414752
582,12664812,5,4,3.0000,3.000000,-2.779598,-2.453986,3.000000,-2.214601,-4.000000,1.646020,1,0.872861,-0.704846,-0.666262,-0.243488
583,13199690,5,4,3.0000,3.000000,3.900725,-2.578905,3.000000,3.993972,-2.712959,0.163296,0,0.696128,-0.567319,-0.676031,-0.470246
584,13310061,5,4,3.0000,3.000000,-1.606882,2.175853,3.000000,0.055300,1.155822,1.950208,0,0.993671,-0.778999,-0.327957,-0.534419
585,13342623,5,4,3.0000,3.000000,-1.899322,-0.076195,3.000000,-0.506429,-1.260098,1.828053,0,0.914040,-0.735060,-0.439095,-0.516607
586,13438817,5,4,3.0000,3.000000,2.889618,-3.542505,3.000000,3.248246,-4.000000,0.581305,1,0.801276,-0.959969,-0.220448,-0.172808
587,13530164,5,4,3.0000,3.000000,2.993881,1.772759,3.000000,3.222917,1.217851,0.600318,0,0.599069,-0.870395,-0.455112,-0.187845
588,13951277,5,4,3.0000,3.000000,-3.016171,3.049152,3.000000,-2.502380,1.806071,1.345078,1,0.699126,-0.870453,-0.454925,-0.188030
589,14197466,5,4,3.0000,3.000000,-4.073047,2.139767,3.000000,-3.899003,2.023142,0.209505,1,1.527677,-0.795715,-0.337156,-0.503154
590,14219486,5,4,3.0000,3.000000,-2.418161,1.868153,3.000000,-1.491000,0.552266,1.609716,0,0.997931,-0.933312,-0.293525,-0.206815
591,14437539,5,4,3.0000,3.000000,-1.226058,0.286316,3.000000,-0.639453,-0.276635,0.813031,0,0.921796,-0.861610,-0.351447,-0.366214
592,14563218,5,4,3.0000,3.000000,-0.938359,-3.615015,3.000000,-0.311043,-4.000000,0.736029,1,0.521855,-0.902177,-0.225629,-0.367653
593,14645909,5,4,3.0000,3.000000,-3.634389,-3.808024,3.000000,-3.557410,-4.000000,0.206835,1,0.888898,-0.562981,-0.767097,-0.307594
594,14673350,5,4,3.0000,3.000000,-3.321637,-1.982713,3.000000,-2.369396,-2.658965,1.167938,0,0.680999,-0.755116,-0.379596,-0.534515
595,14794139,5,4,3.0000,3.000000,-2.068992,3.337179,3.000000,-1.922182,2.254831,1.092259,0,0.569947,-0.786265,-0.612282,-0.083050
596,14809043,5,4,3.0000,3.000000,3.419267,1.311395,3.000000,4.318013,0.636028,1.124218,0,0.567290,-0.532324,-0.508554,-0.676760
597,15142998,5,4,3.0000,3.000000,-1.425158,2.909303,3.000000,-0.724393,1.803134,1.309458,0,0.659493,-0.631017,-0.655333,-0.415157
598,15316702,5,4,3.0000,3.000000,-4.754869,1.221813,3.000000,-3.883867,-1.010110,2.395856,1,1.346802,-0.784735,-0.577420,-0.225337
599,15684877,5,4,3.0000,3.000000,-0.504879,-0.245506,3.000000,0.044438,-0.690862,0.707171,0,0.518147,-0.760277,-0.409098,-0.504596
600,15755332,5,4,3.0000,3.000000,4.646353,-0.944133,3.000000,5.543601,-1.843479,1.270384,1,0.905992,-0.863260,-0.357335,-0.356502
601,15875425,5,4,3.0000,3.000000,-3.120580,2.972560,3.000000,-3.064772,2.934081,0.067788,1,0.537674,-0.791138,-0.347193,-0.503544
602,15879679,5,4,3.0000,3.000000,-1.457048,2.664710,3.000000,-0.658723,2.036259,1.016009,0,0.834881,-0.874560,-0.299945,-0.381022
603,15958013,5,4,3.0000,3.000000,-4.793821,-2.157330,3.000000,-4.395507,-2.500655,0.525858,0,0.503025,-0.780108,-0.408475,-0.473899
604,16116700,5,4,3.0000,3.000000,-1.354878,-2.655306,3.000000,-0.393515,-4.000000,1.653003,1,1.218919,-0.933032,-0.292686,-0.209250
605,16232903,5,4,3.0000,3.000000,-4.019763,-0.526410,3.000000,-3.717217,-1.723556,1.234785,0,0.718251,-0.837614,-0.529612,-0.133845
606,16402840,5,4,3.0000,3.000000,2.573355,-1.268916,3.000000,3.439893,-2.159409,1.242525,0,0.624012,-0.838910,-0.390068,-0.379575
607,16536271,5,4,3.0000,3.000000,1.910993,0.776108,3.000000,3.139855,0.219145,1.349189,0,0.813988,-0.340675,-0.388119,-0.856332
608,16583216,5,4,3.0000,3.000000,0.609780,-3.400163,3.000000,1.288409,-4.000000,0.905728,1,0.526473,-0.826795,-0.372530,-0.421464
609,16686978,5,4,3.0000,3.000000,-0.889752,2.697214,3.000000,-0.243564,2.280732,0.768776,0,0.592552,-0.715797,-0.378306,-0.586957
610,16978815,5,4,3.0000,3.000000,-1.433388,3.114748,3.000000,-0.078684,2.273969,1.594406,0,1.397466,-0.690719,-0.381325,-0.614409
611,17049319,5,4,3.0000,3.000000,-1.677638,2.860255,3.000000,-1.285182,2.650079,0.445192,0,0.686300,-0.818068,-0.271516,-0.506994
612,17574019,5,4,3.0000,3.000000,1.939899,-2.871601,3.000000,2.718024,-3.370784,0.924479,0,0.546180,-0.859085,-0.276370,-0.430804
613,17598902,5,4,3.0000,3.000000,1.176487,-1.416211,3.000000,0.763090,-2.505999,1.165563,0,0.623442,-0.821626,-0.532969,0.202175
614,17752268,5,4,3.0000,3.000000,5.156956,-1.547570,3.000000,5.531331,-1.580722,0.375840,1,0.513705,-0.787829,-0.054326,-0.613493
615,17806550,5,4,3.0000,3.000000,-1.646603,-2.211368,3.000000,-1.137604,-3.046865,0.978333,0,0.564095,-0.803938,-0.507886,-0.309413
616,17836868,5,4,3.0000,3.000000,-1.096664,2.189167,3.000000,-0.297445,0.131265,2.207649,0,1.150703,-0.682757,-0.681085,-0.264510
617,17844519,5,4,3.0000,3.000000,1.113864,1.313018,3.000000,1.833074,0.682793,0.956267,0,0.562952,-0.798738,-0.396535,-0.452524
618,17979324,5,4,3.0000,3.000000,0.702073,-1.968217,3.000000,1.434905,-2.824700,1.127212,0,0.601750,-0.910738,-0.313796,-0.268493
619,18076144,5,4,3.0000,3.000000,-0.810319,0.315074,3.000000,0.059969,-0.677130,1.319799,0,0.672683,-0.804645,-0.446377,-0.391529
620,18086482,5,4,3.0000,3.000000,-5.541093,-1.789761,3.000000,-5.005848,-2.214147,0.683075,1,0.508429,-0.577171,-0.507358,-0.639891
621,18221871,5,4,3.0000,3.000000,-1.722433,2.245595,3.000000,-1.158568,1.397881,1.018117,0,0.523023,-0.871004,-0.409051,-0.272084
622,18283780,5,4,3.0000,3.000000,1.373303,2.281683,3.000000,2.284028,2.014105,0.949219,0,0.518545,-0.931027,-0.102876,-0.350150
