block_id,volume_m3,n_cuts,tunnel_rel,touches_boundary,candidate,cx,cy,cz
15,654.6361,9,straddle,1,0,26.286,-1.435,3.317
21,523.8012,8,straddle,1,0,28.271,-0.972,1.326
38,344.6760,12,straddle,1,0,26.155,6.500,-2.123
1,317.2550,7,outside,1,0,24.283,-1.616,6.573
47,222.2238,11,straddle,1,0,30.955,6.664,-1.895
29,173.7248,11,straddle,1,0,25.496,8.660,1.822
55,130.5418,7,outside,1,0,28.999,8.435,6.324
5,128.3028,8,outside,1,0,28.854,-3.538,8.501
12,126.4686,5,straddle,1,0,25.044,7.106,6.800
17,123.2536,9,outside,1,0,29.571,-4.784,4.691
56,97.3245,7,outside,1,0,30.228,7.902,7.994
45,86.2737,9,straddle,1,0,28.598,9.192,-1.414
2,84.2293,7,outside,1,0,26.008,-6.651,8.906
13,79.8000,5,outside,1,0,25.394,10.030,8.863
42,78.3158,9,straddle,1,0,30.719,0.404,0.653
27,64.4682,8,straddle,1,0,28.751,-1.588,-5.551
11,64.0199,5,straddle,1,0,23.410,1.652,4.574
26,55.1255,9,straddle,1,0,25.169,2.737,-5.000
31,51.3108,11,straddle,1,0,24.210,9.180,-3.228
60,50.8595,6,straddle,1,0,31.384,6.829,5.313
53,47.2516,10,straddle,1,0,31.312,2.149,-3.864
33,40.9567,10,outside,1,0,27.612,5.712,7.098
59,39.0371,6,straddle,1,0,31.242,9.242,1.346
44,37.9813,8,outside,1,0,28.049,9.325,2.331
4,33.4433,7,outside,1,0,26.682,-0.076,7.944
20,31.0641,7,outside,1,0,31.800,-5.584,6.574
40,27.4128,12,outside,1,0,29.519,2.513,7.819
7,27.4088,6,outside,1,0,31.335,-7.523,8.351
25,25.4708,10,straddle,1,0,23.486,3.042,-6.308
57,21.2943,7,outside,1,0,30.232,8.257,3.726
30,15.3418,11,outside,1,0,25.513,11.538,0.342
32,13.9246,11,outside,1,0,25.192,11.667,-4.088
3,13.4685,5,outside,1,0,24.853,6.055,9.424
48,12.9534,12,straddle,1,0,31.181,4.504,4.496
51,11.3890,11,straddle,1,0,31.463,2.167,1.314
43,9.0108,9,outside,1,0,31.266,0.044,8.107
49,7.9555,12,straddle,1,0,31.533,2.821,6.227
39,7.2120,12,outside,1,0,25.792,11.057,-5.718
41,6.4937,12,outside,1,0,30.410,1.536,9.145
18,6.3206,10,outside,0,0,29.153,0.228,8.625
23,6.2728,9,outside,1,0,31.154,-1.133,8.621
22,5.5571,9,outside,0,0,28.850,1.177,8.164
52,5.0152,11,straddle,1,0,31.828,0.889,7.165
6,4.5966,8,outside,1,0,30.897,-2.927,9.371
46,4.4365,9,outside,0,0,29.665,6.090,4.733
50,4.4217,10,outside,1,0,30.701,3.906,-5.754
58,4.1390,7,outside,1,0,30.527,5.931,7.097
0,3.7962,6,outside,1,0,22.639,-9.120,0.527
8,2.8253,6,outside,1,0,27.295,3.709,9.750
19,2.3323,10,outside,0,0,31.195,-2.458,8.726
14,2.2445,5,outside,1,0,28.432,11.003,9.601
16,1.7854,9,outside,0,0,27.418,2.096,7.829
10,1.1523,3,outside,1,0,23.321,9.787,9.806
36,1.1002,10,outside,1,0,22.474,6.563,-5.946
61,0.8083,1,outside,1,0,31.859,-9.565,9.286
37,0.4654,10,outside,1,0,22.530,8.576,-7.217
54,0.1926,8,outside,1,0,32.009,12.352,-6.997
35,0.1309,10,outside,1,0,22.298,6.790,-7.262
28,0.0550,8,outside,1,0,22.293,6.664,-4.126
9,0.0295,6,outside,1,0,29.883,0.816,10.006
24,0.0286,10,outside,1,0,22.277,5.822,-7.383
34,0.0233,10,outside,1,0,29.443,2.906,9.867
