face,source_ds,global_set,n_traces
01,1,3,122
01,2,2,165
01,3,1,178
01,4,1,93
02,1,3,188
02,2,1,208
02,3,2,191
02,5,6,66
03,1,2,247
03,2,3,252
03,3,1,151
03,4,1,173
04,1,2,222
04,3,1,207
04,4,3,192
04,5,1,226
05,1,4,272
05,2,2,173
05,3,1,236
05,4,3,155
06,1,4,294
06,2,2,170
06,3,1,206
06,5,3,164
07,1,1,24
07,2,3,14
07,3,2,29
07,4,3,12
08,1,3,270
08,3,2,223
08,4,1,274
08,5,5,95
09,1,4,52
09,2,2,49
09,3,1,44
09,5,3,40
10,1,4,82
10,2,2,78
10,3,1,86
10,5,3,59
11,2,3,68
11,3,2,63
11,4,1,104
11,5,1,16
12,2,2,54
12,3,1,67
12,4,3,66
12,5,6,27
