set_id,lmin_fit,kr_window_mc,loglik,loglik_joint,loglik_length_only,loglik_class_only,mc_accepted_used,max_loglik,delta_loglik,dfn_model,generation_rmin,generation_rmax,estimation_rmin,estimation_rmax,set_likelihood_rmin,set_effective_generation_rmin,set_table_r0,set_rmin_mode,rmin_support_status,p32_label,entrypoint_script
1,0.5,1.5,-696.2518800721571,-696.2518800721571,-582.0184707446454,-189.992884870801,70445.0,-583.5554561562667,112.69642391589036,laxemar,0.5,250.0,0.5,250.0,0.5,0.5,0.328000009059906,effective_generation,matched,P32_r_ge_0p5m,dfn_analysis/estimate_kr.py
1,0.5,1.55,-682.7338690684826,-682.7338690684826,-571.894130403788,-177.9053235621088,70445.0,-583.5554561562667,99.17841291221589,laxemar,0.5,250.0,0.5,250.0,0.5,0.5,0.328000009059906,effective_generation,matched,P32_r_ge_0p5m,dfn_analysis/estimate_kr.py
1,0.5,1.6,-670.3946820123244,-670.3946820123244,-562.5753257548722,-166.9176768811941,70445.0,-583.5554561562667,86.83922585605774,laxemar,0.5,250.0,0.5,250.0,0.5,0.5,0.328000009059906,effective_generation,matched,P32_r_ge_0p5m,dfn_analysis/estimate_kr.py
1,0.5,1.65,-659.2036083930698,-659.2036083930698,-554.0729576264431,-156.99771787543665,70445.0,-583.5554561562667,75.64815223680307,laxemar,0.5,250.0,0.5,250.0,0.5,0.5,0.328000009059906,effective_generation,matched,P32_r_ge_0p5m,dfn_analysis/estimate_kr.py
1,0.5,1.7,-649.1154700815583,-649.1154700815583,-546.3793640973765,-148.09917164147188,70445.0,-583.5554561562667,65.56001392529163,laxemar,0.5,250.0,0.5,250.0,0.5,0.5,0.328000009059906,effective_generation,matched,P32_r_ge_0p5m,dfn_analysis/estimate_kr.py
1,0.5,1.75,-640.0734699776742,-640.0734699776742,-539.4713308469913,-140.16453542156893,70445.0,-583.5554561562667,56.51801382140752,laxemar,0.5,250.0,0.5,250.0,0.5,0.5,0.328000009059906,effective_generation,matched,P32_r_ge_0p5m,dfn_analysis/estimate_kr.py
1,0.5,1.8,-632.0123202889179,-632.0123202889179,-533.3134598125765,-133.12817248815225,70445.0,-583.5554561562667,48.45686413265116,laxemar,0.5,250.0,0.5,250.0,0.5,0.5,0.328000009059906,effective_generation,matched,P32_r_ge_0p5m,dfn_analysis/estimate_kr.py
1,0.5,1.85,-624.86136077263,-624.86136077263,-527.8615735000125,-126.91939335642307,70445.0,-583.5554561562667,41.30590461636325,laxemar,0.5,250.0,0.5,250.0,0.5,0.5,0.328000009059906,effective_generation,matched,P32_r_ge_0p5m,dfn_analysis/estimate_kr.py
1,0.5,1.9,-618.5474313713423,-618.5474313713423,-523.0658945153789,-121.46529111670336,70445.0,-583.5554561562667,34.99197521507563,laxemar,0.5,250.0,0.5,250.0,0.5,0.5,0.328000009059906,effective_generation,matched,P32_r_ge_0p5m,dfn_analysis/estimate_kr.py
1,0.5,1.95,-612.9973382075511,-612.9973382075511,-518.8738213714862,-116.69317147143093,70445.0,-583.5554561562667,29.441882051284438,laxemar,0.5,250.0,0.5,250.0,0.5,0.5,0.328000009059906,effective_generation,matched,P32_r_ge_0p5m,dfn_analysis/estimate_kr.py
1,0.5,2.0,-608.139829248618,-608.139829248618,-515.2322046139451,-112.53249479966556,70445.0,-583.5554561562667,24.584373092351257,laxemar,0.5,250.0,0.5,250.0,0.5,0.5,0.328000009059906,effective_generation,matched,P32_r_ge_0p5m,dfn_analysis/estimate_kr.py
1,0.5,2.05,-603.9070629587848,-603.9070629587848,-512.0890987212643,-108.91631411327606,70445.0,-583.5554561562667,20.351606802518063,laxemar,0.5,250.0,0.5,250.0,0.5,0.5,0.328000009059906,effective_generation,matched,P32_r_ge_0p5m,dfn_analysis/estimate_kr.py
1,0.5,2.1,-600.2356028761815,-600.2356028761815,-509.3950181671974,-105.78224205325702,70445.0,-583.5554561562667,16.680146719914774,laxemar,0.5,250.0,0.5,250.0,0.5,0.5,0.328000009059906,effective_generation,matched,P32_r_ge_0p5m,dfn_analysis/estimate_kr.py
1,0.5,2.15,-597.0670017623326,-597.0670017623326,-507.1037591495815,-103.07301055500662,70445.0,-583.5554561562667,13.511545606065852,laxemar,0.5,250.0,0.5,250.0,0.5,0.5,0.328000009059906,effective_generation,matched,P32_r_ge_0p5m,dfn_analysis/estimate_kr.py
1,0.5,2.2,-594.3480530253594,-594.3480530253594,-505.1728642263381,-100.73670072031035,70445.0,-583.5554561562667,10.792596869092677,laxemar,0.5,250.0,0.5,250.0,0.5,0.5,0.328000009059906,effective_generation,matched,P32_r_ge_0p5m,dfn_analysis/estimate_kr.py
1,0.5,2.25,-592.030788621098,-592.030788621098,-503.56380972597736,-98.72672185515151,70445.0,-583.5554561562667,8.475332464831354,laxemar,0.5,250.0,0.5,250.0,0.5,0.5,0.328000009059906,effective_generation,matched,P32_r_ge_0p5m,dfn_analysis/estimate_kr.py
1,0.5,2.3,-590.07229601835,-590.07229601835,-502.24198988615296,-97.00161197777155,70445.0,-583.5554561562667,6.516839862083316,laxemar,0.5,250.0,0.5,250.0,0.5,0.5,0.328000009059906,effective_generation,matched,P32_r_ge_0p5m,dfn_analysis/estimate_kr.py
1,0.5,2.35,-588.4344159076062,-588.4344159076062,-501.1765611653353,-95.5247211881364,70445.0,-583.5554561562667,4.878959751339494,laxemar,0.5,250.0,0.5,250.0,0.5,0.5,0.328000009059906,effective_generation,matched,P32_r_ge_0p5m,dfn_analysis/estimate_kr.py
1,0.5,2.4,-587.0833699876728,-587.0833699876728,-500.3401980099911,-94.26382695780987,70445.0,-583.5554561562667,3.5279138314060674,laxemar,0.5,250.0,0.5,250.0,0.5,0.5,0.328000009059906,effective_generation,matched,P32_r_ge_0p5m,dfn_analysis/estimate_kr.py
1,0.5,2.45,-585.9893562320758,-585.9893562320758,-499.7087994619212,-93.19071849037996,70445.0,-583.5554561562667,2.433900075809106,laxemar,0.5,250.0,0.5,250.0,0.5,0.5,0.328000009059906,effective_generation,matched,P32_r_ge_0p5m,dfn_analysis/estimate_kr.py
1,0.5,2.5,-585.1261385366531,-585.1261385366531,-499.26117542878586,-92.28077683098563,70445.0,-583.5554561562667,1.5706823803864154,laxemar,0.5,250.0,0.5,250.0,0.5,0.5,0.328000009059906,effective_generation,matched,P32_r_ge_0p5m,dfn_analysis/estimate_kr.py
1,0.5,2.55,-584.4706490008161,-584.4706490008161,-498.9787326723359,-91.51256878475212,70445.0,-583.5554561562667,0.9151928445494377,laxemar,0.5,250.0,0.5,250.0,0.5,0.5,0.328000009059906,effective_generation,matched,P32_r_ge_0p5m,dfn_analysis/estimate_kr.py
1,0.5,2.6,-584.0026143331731,-584.0026143331731,-498.8451736557546,-90.86746597120599,70445.0,-583.5554561562667,0.44715817690644144,laxemar,0.5,250.0,0.5,250.0,0.5,0.5,0.328000009059906,effective_generation,matched,P32_r_ge_0p5m,dfn_analysis/estimate_kr.py
1,0.5,2.6500000000000004,-583.704212819893,-583.704212819893,-498.8462161745224,-90.3292953159475,70445.0,-583.5554561562667,0.1487566636262727,laxemar,0.5,250.0,0.5,250.0,0.5,0.5,0.328000009059906,effective_generation,matched,P32_r_ge_0p5m,dfn_analysis/estimate_kr.py
1,0.5,2.7,-583.559764679266,-583.559764679266,-498.96933791451454,-89.88402368923136,70445.0,-583.5554561562667,0.004308522999281195,laxemar,0.5,250.0,0.5,250.0,0.5,0.5,0.328000009059906,effective_generation,matched,P32_r_ge_0p5m,dfn_analysis/estimate_kr.py
1,0.5,2.75,-583.5554561562667,-583.5554561562667,-499.20354745222755,-89.51947695131238,70445.0,-583.5554561562667,0.0,laxemar,0.5,250.0,0.5,250.0,0.5,0.5,0.328000009059906,effective_generation,matched,P32_r_ge_0p5m,dfn_analysis/estimate_kr.py
1,0.5,2.8,-583.6790961153436,-583.6790961153436,-499.53918146844654,-89.2250920853661,70445.0,-583.5554561562667,0.12363995907685421,laxemar,0.5,250.0,0.5,250.0,0.5,0.5,0.328000009059906,effective_generation,matched,P32_r_ge_0p5m,dfn_analysis/estimate_kr.py
1,0.5,2.85,-583.9199029366436,-583.9199029366436,-499.9677268591068,-88.99170015924803,70445.0,-583.5554561562667,0.3644467803768521,laxemar,0.5,250.0,0.5,250.0,0.5,0.5,0.328000009059906,effective_generation,matched,P32_r_ge_0p5m,dfn_analysis/estimate_kr.py
1,0.5,2.9000000000000004,-584.268319023583,-584.268319023583,-500.48166580955956,-88.81133737085315,70445.0,-583.5554561562667,0.7128628673162893,laxemar,0.5,250.0,0.5,250.0,0.5,0.5,0.328000009059906,effective_generation,matched,P32_r_ge_0p5m,dfn_analysis/estimate_kr.py
1,0.5,2.95,-584.7158500436421,-584.7158500436421,-501.07434160629293,-88.6770812543057,70445.0,-583.5554561562667,1.1603938873754487,laxemar,0.5,250.0,0.5,250.0,0.5,0.5,0.328000009059906,effective_generation,matched,P32_r_ge_0p5m,dfn_analysis/estimate_kr.py
1,0.5,3.0,-585.2549260415534,-585.2549260415534,-501.7398428847215,-88.58290914811548,70445.0,-583.5554561562667,1.6994698852867032,laxemar,0.5,250.0,0.5,250.0,0.5,0.5,0.328000009059906,effective_generation,matched,P32_r_ge_0p5m,dfn_analysis/estimate_kr.py
1,0.5,3.05,-585.8787817065041,-585.8787817065041,-502.4729040737086,-88.5235761739822,70445.0,-583.5554561562667,2.3233255502374277,laxemar,0.5,250.0,0.5,250.0,0.5,0.5,0.328000009059906,effective_generation,matched,P32_r_ge_0p5m,dfn_analysis/estimate_kr.py
1,0.5,3.1,-586.5813532876541,-586.5813532876541,-503.2688199408393,-88.494510191484,70445.0,-583.5554561562667,3.02589713138741,laxemar,0.5,250.0,0.5,250.0,0.5,0.5,0.328000009059906,effective_generation,matched,P32_r_ge_0p5m,dfn_analysis/estimate_kr.py
1,0.5,3.1500000000000004,-587.3571898976959,-587.3571898976959,-504.1233723284249,-88.4917214422789,70445.0,-583.5554561562667,3.8017337414291887,laxemar,0.5,250.0,0.5,250.0,0.5,0.5,0.328000009059906,effective_generation,matched,P32_r_ge_0p5m,dfn_analysis/estimate_kr.py
1,0.5,3.2,-588.2013771978042,-588.2013771978042,-505.0327673729769,-88.51172485332593,70445.0,-583.5554561562667,4.645921041537463,laxemar,0.5,250.0,0.5,250.0,0.5,0.5,0.328000009059906,effective_generation,matched,P32_r_ge_0p5m,dfn_analysis/estimate_kr.py
1,0.5,3.25,-589.1094717037251,-589.1094717037251,-505.99358170390985,-88.55147321678771,70445.0,-583.5554561562667,5.554015547458448,laxemar,0.5,250.0,0.5,250.0,0.5,0.5,0.328000009059906,effective_generation,matched,P32_r_ge_0p5m,dfn_analysis/estimate_kr.py
1,0.5,3.3,-590.0774441829581,-590.0774441829581,-507.0027163105,-88.60829969587301,70445.0,-583.5554561562667,6.521988026691361,laxemar,0.5,250.0,0.5,250.0,0.5,0.5,0.328000009059906,effective_generation,matched,P32_r_ge_0p5m,dfn_analysis/estimate_kr.py
1,0.5,3.35,-591.1016308223732,-591.1016308223732,-508.0573569440965,-88.67986831641831,70445.0,-583.5554561562667,7.546174666106481,laxemar,0.5,250.0,0.5,250.0,0.5,0.5,0.328000009059906,effective_generation,matched,P32_r_ge_0p5m,dfn_analysis/estimate_kr.py
1,0.5,3.4000000000000004,-592.1786910324377,-592.1786910324377,-509.15494008269786,-88.76413129182185,70445.0,-583.5554561562667,8.623234876170955,laxemar,0.5,250.0,0.5,250.0,0.5,0.5,0.328000009059906,effective_generation,matched,P32_r_ge_0p5m,dfn_analysis/estimate_kr.py
1,0.5,3.45,-593.305570918554,-593.305570918554,-510.2931236266264,-88.85929219416953,70445.0,-583.5554561562667,9.750114762287353,laxemar,0.5,250.0,0.5,250.0,0.5,0.5,0.328000009059906,effective_generation,matched,P32_r_ge_0p5m,dfn_analysis/estimate_kr.py
1,0.5,3.5,-594.4794715930061,-594.4794715930061,-511.4697616177079,-88.9637741282262,70445.0,-583.5554561562667,10.92401543673941,laxemar,0.5,250.0,0.5,250.0,0.5,0.5,0.328000009059906,effective_generation,matched,P32_r_ge_0p5m,dfn_analysis/estimate_kr.py
1,0.5,3.5500000000000003,-595.697821624404,-595.697821624404,-512.68288238132,-89.07619218918171,70445.0,-583.5554561562667,12.142365468137314,laxemar,0.5,250.0,0.5,250.0,0.5,0.5,0.328000009059906,effective_generation,matched,P32_r_ge_0p5m,dfn_analysis/estimate_kr.py
1,0.5,3.6,-596.9582530273401,-596.9582530273401,-513.9306695824733,-89.19532959166898,70445.0,-583.5554561562667,13.402796871073406,laxemar,0.5,250.0,0.5,250.0,0.5,0.5,0.328000009059906,effective_generation,matched,P32_r_ge_0p5m,dfn_analysis/estimate_kr.py
1,0.5,3.65,-598.2585802852482,-598.2585802852482,-515.2114457654235,-89.32011694867774,70445.0,-583.5554561562667,14.703124128981472,laxemar,0.5,250.0,0.5,250.0,0.5,0.5,0.328000009059906,effective_generation,matched,P32_r_ge_0p5m,dfn_analysis/estimate_kr.py
1,0.5,3.7,-599.5967819762266,-599.5967819762266,-516.5236580128606,-89.44961425657755,70445.0,-583.5554561562667,16.041325819959866,laxemar,0.5,250.0,0.5,250.0,0.5,0.5,0.328000009059906,effective_generation,matched,P32_r_ge_0p5m,dfn_analysis/estimate_kr.py
1,0.5,3.75,-600.9709846366593,-600.9709846366593,-517.8658654170516,-89.58299520837033,70445.0,-583.5554561562667,17.415528480392595,laxemar,0.5,250.0,0.5,250.0,0.5,0.5,0.328000009059906,effective_generation,matched,P32_r_ge_0p5m,dfn_analysis/estimate_kr.py
1,0.5,3.8000000000000003,-602.379448552537,-602.379448552537,-519.2367281028826,-89.7195335131936,70445.0,-583.5554561562667,18.82399239627034,laxemar,0.5,250.0,0.5,250.0,0.5,0.5,0.328000009059906,effective_generation,matched,P32_r_ge_0p5m,dfn_analysis/estimate_kr.py
1,0.5,3.85,-603.8205552149068,-603.8205552149068,-520.6349975828349,-89.85859094745729,70445.0,-583.5554561562667,20.26509905864009,laxemar,0.5,250.0,0.5,250.0,0.5,0.5,0.328000009059906,effective_generation,matched,P32_r_ge_0p5m,dfn_analysis/estimate_kr.py
1,0.5,3.9000000000000004,-605.2927962151663,-605.2927962151663,-522.0595082576781,-89.99960690311077,70445.0,-583.5554561562667,21.737340058899576,laxemar,0.5,250.0,0.5,250.0,0.5,0.5,0.328000009059906,effective_generation,matched,P32_r_ge_0p5m,dfn_analysis/estimate_kr.py
1,0.5,3.95,-606.7947633890894,-606.7947633890894,-523.5091699050445,-90.14208923250646,70445.0,-583.5554561562667,23.23930723282274,laxemar,0.5,250.0,0.5,250.0,0.5,0.5,0.328000009059906,effective_generation,matched,P32_r_ge_0p5m,dfn_analysis/estimate_kr.py
1,0.5,4.0,-608.3251400464571,-608.3251400464571,-524.982961021924,-90.28560621811685,70445.0,-583.5554561562667,24.769683890190436,laxemar,0.5,250.0,0.5,250.0,0.5,0.5,0.328000009059906,effective_generation,matched,P32_r_ge_0p5m,dfn_analysis/estimate_kr.py
1,0.5,4.050000000000001,-609.8826931468241,-609.8826931468241,-526.479922907188,-90.42977951976701,70445.0,-583.5554561562667,26.327236990557367,laxemar,0.5,250.0,0.5,250.0,0.5,0.5,0.328000009059906,effective_generation,matched,P32_r_ge_0p5m,dfn_analysis/estimate_kr.py
1,0.5,4.1,-611.4662663019292,-611.4662663019292,-527.9991543871415,-90.57427797276793,70445.0,-583.5554561562667,27.91081014566248,laxemar,0.5,250.0,0.5,250.0,0.5,0.5,0.328000009059906,effective_generation,matched,P32_r_ge_0p5m,dfn_analysis/estimate_kr.py
1,0.5,4.15,-613.0747735021794,-613.0747735021794,-529.5398071013251,-90.71881212794469,70445.0,-583.5554561562667,29.51931734591267,laxemar,0.5,250.0,0.5,250.0,0.5,0.5,0.328000009059906,effective_generation,matched,P32_r_ge_0p5m,dfn_analysis/estimate_kr.py
1,0.5,4.2,-614.7071934789526,-614.7071934789526,-531.1010812777706,-90.86312943954213,70445.0,-583.5554561562667,31.151737322685904,laxemar,0.5,250.0,0.5,250.0,0.5,0.5,0.328000009059906,effective_generation,matched,P32_r_ge_0p5m,dfn_analysis/estimate_kr.py
1,0.5,4.25,-616.3625646266327,-616.3625646266327,-532.6822219370313,-91.00701001977397,70445.0,-583.5554561562667,32.80710847036596,laxemar,0.5,250.0,0.5,250.0,0.5,0.5,0.328000009059906,effective_generation,matched,P32_r_ge_0p5m,dfn_analysis/estimate_kr.py
1,0.5,4.300000000000001,-618.0399804186068,-618.0399804186068,-534.2825154728508,-91.15026288968977,70445.0,-583.5554561562667,34.484524262340074,laxemar,0.5,250.0,0.5,250.0,0.5,0.5,0.328000009059906,effective_generation,matched,P32_r_ge_0p5m,dfn_analysis/estimate_kr.py
1,0.5,4.35,-619.7385852602606,-619.7385852602606,-535.9012865645739,-91.29272266537572,70445.0,-583.5554561562667,36.183129103993906,laxemar,0.5,250.0,0.5,250.0,0.5,0.5,0.328000009059906,effective_generation,matched,P32_r_ge_0p5m,dfn_analysis/estimate_kr.py
1,0.5,4.4,-621.4575707294973,-621.4575707294973,-537.5378953825339,-91.43424662650855,70445.0,-583.5554561562667,37.90211457323062,laxemar,0.5,250.0,0.5,250.0,0.5,0.5,0.328000009059906,effective_generation,matched,P32_r_ge_0p5m,dfn_analysis/estimate_kr.py
1,0.5,4.45,-623.1961721617255,-623.1961721617255,-539.191735052864,-91.5747121211544,70445.0,-583.5554561562667,39.640716005458785,laxemar,0.5,250.0,0.5,250.0,0.5,0.5,0.328000009059906,effective_generation,matched,P32_r_ge_0p5m,dfn_analysis/estimate_kr.py
1,0.5,4.5,-624.9536655417419,-624.9536655417419,-540.8622293526164,-91.71401426662302,70445.0,-583.5554561562667,41.398209385475184,laxemar,0.5,250.0,0.5,250.0,0.5,0.5,0.328000009059906,effective_generation,matched,P32_r_ge_0p5m,dfn_analysis/estimate_kr.py
1,0.5,4.550000000000001,-626.729364669653,-626.729364669653,-542.5488306098582,-91.85206391128379,70445.0,-583.5554561562667,43.17390851338632,laxemar,0.5,250.0,0.5,250.0,0.5,0.5,0.328000009059906,effective_generation,matched,P32_r_ge_0p5m,dfn_analysis/estimate_kr.py
1,0.5,4.6,-628.5226185720302,-628.5226185720302,-544.2510177866509,-91.98878582666049,70445.0,-583.5554561562667,44.96716241576348,laxemar,0.5,250.0,0.5,250.0,0.5,0.5,0.328000009059906,effective_generation,matched,P32_r_ge_0p5m,dfn_analysis/estimate_kr.py
1,0.5,4.65,-630.3328091329843,-630.3328091329843,-545.9682947255901,-92.12411710292898,70445.0,-583.5554561562667,46.777352976717566,laxemar,0.5,250.0,0.5,250.0,0.5,0.5,0.328000009059906,effective_generation,matched,P32_r_ge_0p5m,dfn_analysis/estimate_kr.py
1,0.5,4.7,-632.1593489228692,-632.1593489228692,-547.7001885429687,-92.25800572425264,70445.0,-583.5554561562667,48.603892766602485,laxemar,0.5,250.0,0.5,250.0,0.5,0.5,0.328000009059906,effective_generation,matched,P32_r_ge_0p5m,dfn_analysis/estimate_kr.py
1,0.5,4.75,-634.0016792049317,-634.0016792049317,-549.4462481536737,-92.39040930325983,70445.0,-583.5554561562667,50.44622304866505,laxemar,0.5,250.0,0.5,250.0,0.5,0.5,0.328000009059906,effective_generation,matched,P32_r_ge_0p5m,dfn_analysis/estimate_kr.py
1,0.5,4.800000000000001,-635.8592681025023,-635.8592681025023,-551.2060429147012,-92.52129395646517,70445.0,-583.5554561562667,52.303811946235555,laxemar,0.5,250.0,0.5,250.0,0.5,0.5,0.328000009059906,effective_generation,matched,P32_r_ge_0p5m,dfn_analysis/estimate_kr.py
1,0.5,4.85,-637.7316089112849,-637.7316089112849,-552.9791613757026,-92.65063330461652,70445.0,-583.5554561562667,54.176152755018165,laxemar,0.5,250.0,0.5,250.0,0.5,0.5,0.328000009059906,effective_generation,matched,P32_r_ge_0p5m,dfn_analysis/estimate_kr.py
1,0.5,4.9,-639.6182185430355,-639.6182185430355,-554.7652101263047,-92.77840758384886,70445.0,-583.5554561562667,56.06276238676878,laxemar,0.5,250.0,0.5,250.0,0.5,0.5,0.328000009059906,effective_generation,matched,P32_r_ge_0p5m,dfn_analysis/estimate_kr.py
1,0.5,4.95,-641.5186360884173,-641.5186360884173,-556.5638127311033,-92.90460285518824,70445.0,-583.5554561562667,57.96317993215064,laxemar,0.5,250.0,0.5,250.0,0.5,0.5,0.328000009059906,effective_generation,matched,P32_r_ge_0p5m,dfn_analysis/estimate_kr.py
1,0.5,5.0,-643.4324214881353,-643.4324214881353,-558.3746087442319,-93.02921030140564,70445.0,-583.5554561562667,59.87696533186863,laxemar,0.5,250.0,0.5,250.0,0.5,0.5,0.328000009059906,effective_generation,matched,P32_r_ge_0p5m,dfn_analysis/estimate_kr.py
1,0.5,5.050000000000001,-645.359154302618,-645.359154302618,-560.197252796291,-93.15222560149431,70445.0,-583.5554561562667,61.80369814635128,laxemar,0.5,250.0,0.5,250.0,0.5,0.5,0.328000009059906,effective_generation,matched,P32_r_ge_0p5m,dfn_analysis/estimate_kr.py
1,0.5,5.1,-647.2984325715212,-647.2984325715212,-562.031413747192,-93.27364837416772,70445.0,-583.5554561562667,63.742976415254475,laxemar,0.5,250.0,0.5,250.0,0.5,0.5,0.328000009059906,effective_generation,matched,P32_r_ge_0p5m,dfn_analysis/estimate_kr.py
1,0.5,5.15,-649.2498717552323,-649.2498717552323,-563.8767738991436,-93.39348168275498,70445.0,-583.5554561562667,65.69441559896563,laxemar,0.5,250.0,0.5,250.0,0.5,0.5,0.328000009059906,effective_generation,matched,P32_r_ge_0p5m,dfn_analysis/estimate_kr.py
1,0.5,5.2,-651.2131037513395,-651.2131037513395,-565.7330282646054,-93.5117315947438,70445.0,-583.5554561562667,67.65764759507283,laxemar,0.5,250.0,0.5,250.0,0.5,0.5,0.328000009059906,effective_generation,matched,P32_r_ge_0p5m,dfn_analysis/estimate_kr.py
1,0.5,5.25,-653.1877759797367,-653.1877759797367,-567.5998838845583,-93.62840678997777,70445.0,-583.5554561562667,69.63231982346997,laxemar,0.5,250.0,0.5,250.0,0.5,0.5,0.328000009059906,effective_generation,matched,P32_r_ge_0p5m,dfn_analysis/estimate_kr.py
1,0.5,5.300000000000001,-655.1735505306493,-655.1735505306493,-569.4770591929004,-93.74351821219378,70445.0,-583.5554561562667,71.61809437438262,laxemar,0.5,250.0,0.5,250.0,0.5,0.5,0.328000009059906,effective_generation,matched,P32_r_ge_0p5m,dfn_analysis/estimate_kr.py
1,0.5,5.35,-657.1701033704265,-657.1701033704265,-571.364283423193,-93.85707875917714,70445.0,-583.5554561562667,73.61464721415985,laxemar,0.5,250.0,0.5,250.0,0.5,0.5,0.328000009059906,effective_generation,matched,P32_r_ge_0p5m,dfn_analysis/estimate_kr.py
1,0.5,5.4,-659.1771236004278,-659.1771236004278,-573.2612960543402,-93.96910300733836,70445.0,-583.5554561562667,75.62166744416106,laxemar,0.5,250.0,0.5,250.0,0.5,0.5,0.328000009059906,effective_generation,matched,P32_r_ge_0p5m,dfn_analysis/estimate_kr.py
1,0.5,5.45,-661.1943127647746,-661.1943127647746,-575.1678462921114,-94.07960696697995,70445.0,-583.5554561562667,77.63885660850792,laxemar,0.5,250.0,0.5,250.0,0.5,0.5,0.328000009059906,effective_generation,matched,P32_r_ge_0p5m,dfn_analysis/estimate_kr.py
1,0.5,5.5,-663.2213842031324,-663.2213842031324,-577.0836925837073,-94.1886078649334,70445.0,-583.5554561562667,79.6659280468657,laxemar,0.5,250.0,0.5,250.0,0.5,0.5,0.328000009059906,effective_generation,matched,P32_r_ge_0p5m,dfn_analysis/estimate_kr.py
2,0.5,1.5,-166.2350358047558,-166.2350358047558,-134.0530411190805,-49.07797762645403,69172.0,-140.57400029430113,25.661035510454667,laxemar,0.5,250.0,0.5,250.0,0.9769999980926514,0.9769999980926514,0.9769999980926514,effective_generation,matched,P32_r_ge_0p5m,dfn_analysis/estimate_kr.py
2,0.5,1.55,-163.47132470215882,-163.47132470215882,-132.2884660745279,-46.696477506674164,69172.0,-140.57400029430113,22.897324407857695,laxemar,0.5,250.0,0.5,250.0,0.9769999980926514,0.9769999980926514,0.9769999980926514,effective_generation,matched,P32_r_ge_0p5m,dfn_analysis/estimate_kr.py
2,0.5,1.6,-160.90376733052858,-160.90376733052858,-130.5932101775072,-44.49618234374918,69172.0,-140.57400029430113,20.32976703622745,laxemar,0.5,250.0,0.5,250.0,0.9769999980926514,0.9769999980926514,0.9769999980926514,effective_generation,matched,P32_r_ge_0p5m,dfn_analysis/estimate_kr.py
2,0.5,1.65,-158.53354347817066,-158.53354347817066,-128.98013356616235,-42.47841346475847,69172.0,-140.57400029430113,17.959543183869528,laxemar,0.5,250.0,0.5,250.0,0.9769999980926514,0.9769999980926514,0.9769999980926514,effective_generation,matched,P32_r_ge_0p5m,dfn_analysis/estimate_kr.py
2,0.5,1.7,-156.35915028102517,-156.35915028102517,-127.45913611294085,-40.641848261071225,69172.0,-140.57400029430113,15.785149986724036,laxemar,0.5,250.0,0.5,250.0,0.9769999980926514,0.9769999980926514,0.9769999980926514,effective_generation,matched,P32_r_ge_0p5m,dfn_analysis/estimate_kr.py
2,0.5,1.75,-154.3765816237184,-154.3765816237184,-126.03711009843302,-38.98269153298099,69172.0,-140.57400029430113,13.80258132941728,laxemar,0.5,250.0,0.5,250.0,0.9769999980926514,0.9769999980926514,0.9769999980926514,effective_generation,matched,P32_r_ge_0p5m,dfn_analysis/estimate_kr.py
2,0.5,1.8,-152.5796121562433,-152.5796121562433,-124.71806626582531,-37.49495181327017,69172.0,-140.57400029430113,12.005611861942157,laxemar,0.5,250.0,0.5,250.0,0.9769999980926514,0.9769999980926514,0.9769999980926514,effective_generation,matched,P32_r_ge_0p5m,dfn_analysis/estimate_kr.py
2,0.5,1.85,-150.9601579680631,-150.9601579680631,-123.50339654431426,-36.170794938940446,69172.0,-140.57400029430113,10.386157673761971,laxemar,0.5,250.0,0.5,250.0,0.9769999980926514,0.9769999980926514,0.9769999980926514,effective_generation,matched,P32_r_ge_0p5m,dfn_analysis/estimate_kr.py
2,0.5,1.9,-149.50868168139704,-149.50868168139704,-122.39223052806722,-35.0009428005082,69172.0,-140.57400029430113,8.934681387095907,laxemar,0.5,250.0,0.5,250.0,0.9769999980926514,0.9769999980926514,0.9769999980926514,effective_generation,matched,P32_r_ge_0p5m,dfn_analysis/estimate_kr.py
2,0.5,1.95,-148.21460990039748,-148.21460990039748,-121.38184270374994,-33.97508531560777,69172.0,-140.57400029430113,7.640609606096348,laxemar,0.5,250.0,0.5,250.0,0.9769999980926514,0.9769999980926514,0.9769999980926514,effective_generation,matched,P32_r_ge_0p5m,dfn_analysis/estimate_kr.py
2,0.5,2.0,-147.06673486379938,-147.06673486379938,-120.46807214316817,-33.08227753167351,69172.0,-140.57400029430113,6.4927345694982534,laxemar,0.5,250.0,0.5,250.0,0.9769999980926514,0.9769999980926514,0.9769999980926514,effective_generation,matched,P32_r_ge_0p5m,dfn_analysis/estimate_kr.py
2,0.5,2.05,-146.05357852646497,-146.05357852646497,-119.64572415521789,-32.311300093681076,69172.0,-140.57400029430113,5.4795782321638455,laxemar,0.5,250.0,0.5,250.0,0.9769999980926514,0.9769999980926514,0.9769999980926514,effective_generation,matched,P32_r_ge_0p5m,dfn_analysis/estimate_kr.py
2,0.5,2.1,-145.1637047141712,-145.1637047141712,-118.90893242648661,-31.65096869211014,69172.0,-140.57400029430113,4.58970441987006,laxemar,0.5,250.0,0.5,250.0,0.9769999980926514,0.9769999980926514,0.9769999980926514,effective_generation,matched,P32_r_ge_0p5m,dfn_analysis/estimate_kr.py
2,0.5,2.15,-144.385972206828,-144.385972206828,-118.25146897833085,-31.090385284593545,69172.0,-140.57400029430113,3.8119719125268716,laxemar,0.5,250.0,0.5,250.0,0.9769999980926514,0.9769999980926514,0.9769999980926514,effective_generation,matched,P32_r_ge_0p5m,dfn_analysis/estimate_kr.py
2,0.5,2.2,-143.70972773305448,-143.70972773305448,-117.6669968155802,-30.61912998726215,69172.0,-140.57400029430113,3.1357274387533494,laxemar,0.5,250.0,0.5,250.0,0.9769999980926514,0.9769999980926514,0.9769999980926514,effective_generation,matched,P32_r_ge_0p5m,dfn_analysis/estimate_kr.py
2,0.5,2.25,-143.12494245386887,-143.12494245386887,-117.1492659265582,-30.227397108819538,69172.0,-140.57400029430113,2.5509421595677395,laxemar,0.5,250.0,0.5,250.0,0.9769999980926514,0.9769999980926514,0.9769999980926514,effective_generation,matched,P32_r_ge_0p5m,dfn_analysis/estimate_kr.py
2,0.5,2.3,-142.62229849240322,-142.62229849240322,-116.69225722220635,-29.906081769049795,69172.0,-140.57400029430113,2.0482981981020885,laxemar,0.5,250.0,0.5,250.0,0.9769999980926514,0.9769999980926514,0.9769999980926514,effective_generation,matched,P32_r_ge_0p5m,dfn_analysis/estimate_kr.py
2,0.5,2.35,-142.19323360135064,-142.19323360135064,-116.29028126354305,-29.646825074798443,69172.0,-140.57400029430113,1.6192333070495124,laxemar,0.5,250.0,0.5,250.0,0.9769999980926514,0.9769999980926514,0.9769999980926514,effective_generation,matched,P32_r_ge_0p5m,dfn_analysis/estimate_kr.py
2,0.5,2.4,-141.8299524554621,-141.8299524554621,-115.93803955900822,-29.442026225048956,69172.0,-140.57400029430113,1.2559521611609625,laxemar,0.5,250.0,0.5,250.0,0.9769999980926514,0.9769999980926514,0.9769999980926514,effective_generation,matched,P32_r_ge_0p5m,dfn_analysis/estimate_kr.py
2,0.5,2.45,-141.52541265393654,-141.52541265393654,-115.63065619383298,-29.284829522730988,69172.0,-140.57400029430113,0.9514123596354125,laxemar,0.5,250.0,0.5,250.0,0.9769999980926514,0.9769999980926514,0.9769999980926514,effective_generation,matched,P32_r_ge_0p5m,dfn_analysis/estimate_kr.py
2,0.5,2.5,-141.27329262960484,-141.27329262960484,-115.36368692946797,-29.169093395734357,69172.0,-140.57400029430113,0.6992923353037099,laxemar,0.5,250.0,0.5,250.0,0.9769999980926514,0.9769999980926514,0.9769999980926514,effective_generation,matched,P32_r_ge_0p5m,dfn_analysis/estimate_kr.py
2,0.5,2.55,-141.06794753982808,-141.06794753982808,-115.13311196354033,-29.08934742327755,69172.0,-140.57400029430113,0.4939472455269538,laxemar,0.5,250.0,0.5,250.0,0.9769999980926514,0.9769999980926514,0.9769999980926514,effective_generation,matched,P32_r_ge_0p5m,dfn_analysis/estimate_kr.py
2,0.5,2.6,-140.90435803940005,-140.90435803940005,-114.93531747542951,-29.04074220620796,69172.0,-140.57400029430113,0.33035774509892235,laxemar,0.5,250.0,0.5,250.0,0.9769999980926514,0.9769999980926514,0.9769999980926514,effective_generation,matched,P32_r_ge_0p5m,dfn_analysis/estimate_kr.py
2,0.5,2.6500000000000004,-140.7780757255016,-140.7780757255016,-114.76707003526838,-29.01899582663873,69172.0,-140.57400029430113,0.20407543120046512,laxemar,0.5,250.0,0.5,250.0,0.9769999980926514,0.9769999980926514,0.9769999980926514,effective_generation,matched,P32_r_ge_0p5m,dfn_analysis/estimate_kr.py
2,0.5,2.7,-140.68516806412708,-140.68516806412708,-114.62548700441,-29.02033967761584,69172.0,-140.57400029430113,0.11116776982595411,laxemar,0.5,250.0,0.5,250.0,0.9769999980926514,0.9769999980926514,0.9769999980926514,effective_generation,matched,P32_r_ge_0p5m,dfn_analysis/estimate_kr.py
2,0.5,2.75,-140.6221647839584,-140.6221647839584,-114.50800524110862,-29.04146563395451,69172.0,-140.57400029430113,0.048164489657267495,laxemar,0.5,250.0,0.5,250.0,0.9769999980926514,0.9769999980926514,0.9769999980926514,effective_generation,matched,P32_r_ge_0p5m,dfn_analysis/estimate_kr.py
2,0.5,2.8,-140.5860070600919,-140.5860070600919,-114.41234975646425,-29.079475883140958,69172.0,-140.57400029430113,0.012006765790772533,laxemar,0.5,250.0,0.5,250.0,0.9769999980926514,0.9769999980926514,0.9769999980926514,effective_generation,matched,P32_r_ge_0p5m,dfn_analysis/estimate_kr.py
2,0.5,2.85,-140.57400029430113,-140.57400029430113,-114.3365034357978,-29.13183622803254,69172.0,-140.57400029430113,0.0,laxemar,0.5,250.0,0.5,250.0,0.9769999980926514,0.9769999980926514,0.9769999980926514,effective_generation,matched,P32_r_ge_0p5m,dfn_analysis/estimate_kr.py
2,0.5,2.9000000000000004,-140.58377091128986,-140.58377091128986,-114.27867853382708,-29.19633329170864,69172.0,-140.57400029430113,0.009770616988731717,laxemar,0.5,250.0,0.5,250.0,0.9769999980926514,0.9769999980926514,0.9769999980926514,effective_generation,matched,P32_r_ge_0p5m,dfn_analysis/estimate_kr.py
2,0.5,2.95,-140.61322730984386,-140.61322730984386,-114.23729034900681,-29.271035777691704,69172.0,-140.57400029430113,0.039227015542735444,laxemar,0.5,250.0,0.5,250.0,0.9769999980926514,0.9769999980926514,0.9769999980926514,effective_generation,matched,P32_r_ge_0p5m,dfn_analysis/estimate_kr.py
2,0.5,3.0,-140.66052491266205,-140.66052491266205,-114.21093326361085,-29.35425974500766,69172.0,-140.57400029430113,0.08652461836092584,laxemar,0.5,250.0,0.5,250.0,0.9769999980926514,0.9769999980926514,0.9769999980926514,effective_generation,matched,P32_r_ge_0p5m,dfn_analysis/estimate_kr.py
2,0.5,3.05,-140.72403512980867,-140.72403512980867,-114.19835918359388,-29.444537728519173,69172.0,-140.57400029430113,0.15003483550754027,laxemar,0.5,250.0,0.5,250.0,0.9769999980926514,0.9769999980926514,0.9769999980926514,effective_generation,matched,P32_r_ge_0p5m,dfn_analysis/estimate_kr.py
2,0.5,3.1,-140.80231797187383,-140.80231797187383,-114.19845831042471,-29.540591454805583,69172.0,-140.57400029430113,0.22831767757270427,laxemar,0.5,250.0,0.5,250.0,0.9769999980926514,0.9769999980926514,0.9769999980926514,effective_generation,matched,P32_r_ge_0p5m,dfn_analysis/estimate_kr.py
2,0.5,3.1500000000000004,-140.8940980066983,-140.8940980066983,-114.21024211306093,-29.641307859643536,69172.0,-140.57400029430113,0.3200977123971711,laxemar,0.5,250.0,0.5,250.0,0.9769999980926514,0.9769999980926514,0.9769999980926514,effective_generation,matched,P32_r_ge_0p5m,dfn_analysis/estimate_kr.py
2,0.5,3.2,-140.99824333730808,-140.99824333730808,-114.23282833172445,-29.745718094618056,69172.0,-140.57400029430113,0.42424304300695326,laxemar,0.5,250.0,0.5,250.0,0.9769999980926514,0.9769999980926514,0.9769999980926514,effective_generation,matched,P32_r_ge_0p5m,dfn_analysis/estimate_kr.py
2,0.5,3.25,-141.11374728031174,-141.11374728031174,-114.26542782809163,-29.852979209647145,69172.0,-140.57400029430113,0.5397469860106128,laxemar,0.5,250.0,0.5,250.0,0.9769999980926514,0.9769999980926514,0.9769999980926514,effective_generation,matched,P32_r_ge_0p5m,dfn_analysis/estimate_kr.py
2,0.5,3.3,-141.23971243725697,-141.23971243725697,-114.30733309280714,-29.962358209252656,69172.0,-140.57400029430113,0.6657121429558401,laxemar,0.5,250.0,0.5,250.0,0.9769999980926514,0.9769999980926514,0.9769999980926514,effective_generation,matched,P32_r_ge_0p5m,dfn_analysis/estimate_kr.py
2,0.5,3.35,-141.37533687175807,-141.37533687175807,-114.3579082262954,-30.07321819883081,69172.0,-140.57400029430113,0.8013365774569365,laxemar,0.5,250.0,0.5,250.0,0.9769999980926514,0.9769999980926514,0.9769999980926514,effective_generation,matched,P32_r_ge_0p5m,dfn_analysis/estimate_kr.py
2,0.5,3.4000000000000004,-141.51990212932418,-141.51990212932418,-114.41658021934386,-30.185006359762085,69172.0,-140.57400029430113,0.9459018350230508,laxemar,0.5,250.0,0.5,250.0,0.9769999980926514,0.9769999980926514,0.9769999980926514,effective_generation,matched,P32_r_ge_0p5m,dfn_analysis/estimate_kr.py
2,0.5,3.45,-141.6727628624414,-141.6727628624414,-114.48283137348773,-30.297243516686937,69172.0,-140.57400029430113,1.0987625681402733,laxemar,0.5,250.0,0.5,250.0,0.9769999980926514,0.9769999980926514,0.9769999980926514,effective_generation,matched,P32_r_ge_0p5m,dfn_analysis/estimate_kr.py
2,0.5,3.5,-141.8333378490487,-141.8333378490487,-114.55619271618028,-30.409515085097453,69172.0,-140.57400029430113,1.2593375547475603,laxemar,0.5,250.0,0.5,250.0,0.9769999980926514,0.9769999980926514,0.9769999980926514,effective_generation,matched,P32_r_ge_0p5m,dfn_analysis/estimate_kr.py
2,0.5,3.5500000000000003,-142.00110221709727,-142.00110221709727,-114.63623828096635,-30.521463211525887,69172.0,-140.57400029430113,1.4271019227961403,laxemar,0.5,250.0,0.5,250.0,0.9769999980926514,0.9769999980926514,0.9769999980926514,effective_generation,matched,P32_r_ge_0p5m,dfn_analysis/estimate_kr.py
2,0.5,3.6,-142.17558071079785,-142.17558071079785,-114.72258013766815,-30.632779941391874,69172.0,-140.57400029430113,1.6015804164967165,laxemar,0.5,250.0,0.5,250.0,0.9769999980926514,0.9769999980926514,0.9769999980926514,effective_generation,matched,P32_r_ge_0p5m,dfn_analysis/estimate_kr.py
2,0.5,3.65,-142.35634185511944,-142.35634185511944,-114.81486407149914,-30.743201270626635,69172.0,-140.57400029430113,1.7823415608183097,laxemar,0.5,250.0,0.5,250.0,0.9769999980926514,0.9769999980926514,0.9769999980926514,effective_generation,matched,P32_r_ge_0p5m,dfn_analysis/estimate_kr.py
2,0.5,3.7,-142.54299289398588,-142.54299289398588,-114.91276582279994,-30.85250195633708,69172.0,-140.57400029430113,1.9689925996847535,laxemar,0.5,250.0,0.5,250.0,0.9769999980926514,0.9769999980926514,0.9769999980926514,effective_generation,matched,P32_r_ge_0p5m,dfn_analysis/estimate_kr.py
2,0.5,3.75,-142.735175394426,-142.735175394426,-115.01598781063879,-30.960490978956287,69172.0,-140.57400029430113,2.161175100124865,laxemar,0.5,250.0,0.5,250.0,0.9769999980926514,0.9769999980926514,0.9769999980926514,effective_generation,matched,P32_r_ge_0p5m,dfn_analysis/estimate_kr.py
2,0.5,3.8000000000000003,-142.93256142375645,-142.93256142375645,-115.12425627381637,-31.067007563580535,69172.0,-140.57400029430113,2.3585611294553246,laxemar,0.5,250.0,0.5,250.0,0.9769999980926514,0.9769999980926514,0.9769999980926514,effective_generation,matched,P32_r_ge_0p5m,dfn_analysis/estimate_kr.py
2,0.5,3.85,-143.13485021985426,-143.13485021985426,-115.23731877191011,-31.171917681613603,69172.0,-140.57400029430113,2.5608499255531285,laxemar,0.5,250.0,0.5,250.0,0.9769999980926514,0.9769999980926514,0.9769999980926514,effective_generation,matched,P32_r_ge_0p5m,dfn_analysis/estimate_kr.py
2,0.5,3.9000000000000004,-143.34176528586457,-143.34176528586457,-115.3549419969583,-31.27511096554901,69172.0,-140.57400029430113,2.767764991563439,laxemar,0.5,250.0,0.5,250.0,0.9769999980926514,0.9769999980926514,0.9769999980926514,effective_generation,matched,P32_r_ge_0p5m,dfn_analysis/estimate_kr.py
2,0.5,3.95,-143.55305185046507,-143.55305185046507,-115.4769098533199,-31.37649797986589,69172.0,-140.57400029430113,2.979051556163938,laxemar,0.5,250.0,0.5,250.0,0.9769999980926514,0.9769999980926514,0.9769999980926514,effective_generation,matched,P32_r_ge_0p5m,dfn_analysis/estimate_kr.py
2,0.5,4.0,-143.76847464323754,-143.76847464323754,-115.60302176925062,-31.476007799743805,69172.0,-140.57400029430113,3.19447434893641,laxemar,0.5,250.0,0.5,250.0,0.9769999980926514,0.9769999980926514,0.9769999980926514,effective_generation,matched,P32_r_ge_0p5m,dfn_analysis/estimate_kr.py
2,0.5,4.050000000000001,-143.98781594194446,-143.98781594194446,-115.73309120891733,-31.57358585676703,69172.0,-140.57400029430113,3.4138156476433323,laxemar,0.5,250.0,0.5,250.0,0.9769999980926514,0.9769999980926514,0.9769999980926514,effective_generation,matched,P32_r_ge_0p5m,dfn_analysis/estimate_kr.py
2,0.5,4.1,-144.21087385472134,-144.21087385472134,-115.86694435802619,-31.669192017134993,69172.0,-140.57400029430113,3.636873560420213,laxemar,0.5,250.0,0.5,250.0,0.9769999980926514,0.9769999980926514,0.9769999980926514,effective_generation,matched,P32_r_ge_0p5m,dfn_analysis/estimate_kr.py
2,0.5,4.15,-144.43746080551432,-144.43746080551432,-116.00441896006112,-31.762798863259803,69172.0,-140.57400029430113,3.863460511213191,laxemar,0.5,250.0,0.5,250.0,0.9769999980926514,0.9769999980926514,0.9769999980926514,effective_generation,matched,P32_r_ge_0p5m,dfn_analysis/estimate_kr.py
2,0.5,4.2,-144.66740219563582,-144.66740219563582,-116.14536328339895,-31.854390154141214,69172.0,-140.57400029430113,4.093401901334687,laxemar,0.5,250.0,0.5,250.0,0.9769999980926514,0.9769999980926514,0.9769999980926514,effective_generation,matched,P32_r_ge_0p5m,dfn_analysis/estimate_kr.py
2,0.5,4.25,-144.90053521819073,-144.90053521819073,-116.28963520236385,-31.943959443681635,69172.0,-140.57400029430113,4.3265349238895965,laxemar,0.5,250.0,0.5,250.0,0.9769999980926514,0.9769999980926514,0.9769999980926514,effective_generation,matched,P32_r_ge_0p5m,dfn_analysis/estimate_kr.py
2,0.5,4.300000000000001,-145.13670780543288,-145.13670780543288,-116.43710137767064,-32.03150883924399,69172.0,-140.57400029430113,4.562707511131748,laxemar,0.5,250.0,0.5,250.0,0.9769999980926514,0.9769999980926514,0.9769999980926514,effective_generation,matched,P32_r_ge_0p5m,dfn_analysis/estimate_kr.py
2,0.5,4.35,-145.37577769193373,-145.37577769193373,-116.5876365237451,-32.117047885357906,69172.0,-140.57400029430113,4.8017773976326055,laxemar,0.5,250.0,0.5,250.0,0.9769999980926514,0.9769999980926514,0.9769999980926514,effective_generation,matched,P32_r_ge_0p5m,dfn_analysis/estimate_kr.py
2,0.5,4.4,-145.61761157885033,-145.61761157885033,-116.74112275214814,-32.200592559630046,69172.0,-140.57400029430113,5.0436112845492005,laxemar,0.5,250.0,0.5,250.0,0.9769999980926514,0.9769999980926514,0.9769999980926514,effective_generation,matched,P32_r_ge_0p5m,dfn_analysis/estimate_kr.py
2,0.5,4.45,-145.86208438662854,-145.86208438662854,-116.89744898181434,-32.28216436968519,69172.0,-140.57400029430113,5.288084092327409,laxemar,0.5,250.0,0.5,250.0,0.9769999980926514,0.9769999980926514,0.9769999980926514,effective_generation,matched,P32_r_ge_0p5m,dfn_analysis/estimate_kr.py
2,0.5,4.5,-146.1090785852294,-146.1090785852294,-117.05651040808357,-32.361789541421544,69172.0,-140.57400029430113,5.535078290928283,laxemar,0.5,250.0,0.5,250.0,0.9769999980926514,0.9769999980926514,0.9769999980926514,effective_generation,matched,P32_r_ge_0p5m,dfn_analysis/estimate_kr.py
2,0.5,4.550000000000001,-146.35848359245773,-146.35848359245773,-117.21820802358506,-32.439498290061266,69172.0,-140.57400029430113,5.7844832981566014,laxemar,0.5,250.0,0.5,250.0,0.9769999980926514,0.9769999980926514,0.9769999980926514,effective_generation,matched,P32_r_ge_0p5m,dfn_analysis/estimate_kr.py
2,0.5,4.6,-146.61019523224732,-146.61019523224732,-117.38244818495977,-32.515324166464325,69172.0,-140.57400029430113,6.036194937946192,laxemar,0.5,250.0,0.5,250.0,0.9769999980926514,0.9769999980926514,0.9769999980926514,effective_generation,matched,P32_r_ge_0p5m,dfn_analysis/estimate_kr.py
2,0.5,4.65,-146.86411524584912,-146.86411524584912,-117.54914222019798,-32.58930347198937,69172.0,-140.57400029430113,6.2901149515479915,laxemar,0.5,250.0,0.5,250.0,0.9769999980926514,0.9769999980926514,0.9769999980926514,effective_generation,matched,P32_r_ge_0p5m,dfn_analysis/estimate_kr.py
2,0.5,4.7,-147.12015084979944,-147.12015084979944,-117.71820607204768,-32.66147473586448,69172.0,-140.57400029430113,6.546150555498315,laxemar,0.5,250.0,0.5,250.0,0.9769999980926514,0.9769999980926514,0.9769999980926514,effective_generation,matched,P32_r_ge_0p5m,dfn_analysis/estimate_kr.py
2,0.5,4.75,-147.37821433534722,-147.37821433534722,-117.8895599735308,-32.73187824960037,69172.0,-140.57400029430113,6.8042140410460945,laxemar,0.5,250.0,0.5,250.0,0.9769999980926514,0.9769999980926514,0.9769999980926514,effective_generation,matched,P32_r_ge_0p5m,dfn_analysis/estimate_kr.py
2,0.5,4.800000000000001,-147.63822270470405,-147.63822270470405,-118.06312815210512,-32.800555653462084,69172.0,-140.57400029430113,7.06422241040292,laxemar,0.5,250.0,0.5,250.0,0.9769999980926514,0.9769999980926514,0.9769999980926514,effective_generation,matched,P32_r_ge_0p5m,dfn_analysis/estimate_kr.py
2,0.5,4.85,-147.90009734007134,-147.90009734007134,-118.23883855943934,-32.867549570431564,69172.0,-140.57400029430113,7.3260970457702115,laxemar,0.5,250.0,0.5,250.0,0.9769999980926514,0.9769999980926514,0.9769999980926514,effective_generation,matched,P32_r_ge_0p5m,dfn_analysis/estimate_kr.py
2,0.5,4.9,-148.1637637019059,-148.1637637019059,-118.41662262413992,-32.93290328345613,69172.0,-140.57400029430113,7.589763407604778,laxemar,0.5,250.0,0.5,250.0,0.9769999980926514,0.9769999980926514,0.9769999980926514,effective_generation,matched,P32_r_ge_0p5m,dfn_analysis/estimate_kr.py
2,0.5,4.95,-148.42915105332304,-148.42915105332304,-118.59641502508875,-32.99666045210013,69172.0,-140.57400029430113,7.85515075902191,laxemar,0.5,250.0,0.5,250.0,0.9769999980926514,0.9769999980926514,0.9769999980926514,effective_generation,matched,P32_r_ge_0p5m,dfn_analysis/estimate_kr.py
2,0.5,5.0,-148.69619220791395,-148.69619220791395,-118.77815348332803,-33.05886486500606,69172.0,-140.57400029430113,8.122191913612824,laxemar,0.5,250.0,0.5,250.0,0.9769999980926514,0.9769999980926514,0.9769999980926514,effective_generation,matched,P32_r_ge_0p5m,dfn_analysis/estimate_kr.py
2,0.5,5.050000000000001,-148.96482329858196,-148.96482329858196,-118.96177857066886,-33.119560224835446,69172.0,-140.57400029430113,8.390823004280833,laxemar,0.5,250.0,0.5,250.0,0.9769999980926514,0.9769999980926514,0.9769999980926514,effective_generation,matched,P32_r_ge_0p5m,dfn_analysis/estimate_kr.py
2,0.5,5.1,-149.23498356528322,-149.23498356528322,-119.14723353340875,-33.178789962604014,69172.0,-140.57400029430113,8.660983270982086,laxemar,0.5,250.0,0.5,250.0,0.9769999980926514,0.9769999980926514,0.9769999980926514,effective_generation,matched,P32_r_ge_0p5m,dfn_analysis/estimate_kr.py
2,0.5,5.15,-149.50661515980642,-149.50661515980642,-119.33446412972538,-33.23659707855162,69172.0,-140.57400029430113,8.932614865505286,laxemar,0.5,250.0,0.5,250.0,0.9769999980926514,0.9769999980926514,0.9769999980926514,effective_generation,matched,P32_r_ge_0p5m,dfn_analysis/estimate_kr.py
2,0.5,5.2,-149.77966296593772,-149.77966296593772,-119.52341847947251,-33.29302400690105,69172.0,-140.57400029430113,9.205662671636588,laxemar,0.5,250.0,0.5,250.0,0.9769999980926514,0.9769999980926514,0.9769999980926514,effective_generation,matched,P32_r_ge_0p5m,dfn_analysis/estimate_kr.py
2,0.5,5.25,-150.05407443354397,-150.05407443354397,-119.71404692524206,-33.3481125020604,69172.0,-140.57400029430113,9.480074139242845,laxemar,0.5,250.0,0.5,250.0,0.9769999980926514,0.9769999980926514,0.9769999980926514,effective_generation,matched,P32_r_ge_0p5m,dfn_analysis/estimate_kr.py
2,0.5,5.300000000000001,-150.32979942527186,-150.32979942527186,-119.9063019036786,-33.401903544013564,69172.0,-140.57400029430113,9.755799130970729,laxemar,0.5,250.0,0.5,250.0,0.9769999980926514,0.9769999980926514,0.9769999980926514,effective_generation,matched,P32_r_ge_0p5m,dfn_analysis/estimate_kr.py
2,0.5,5.35,-150.60679007470037,-150.60679007470037,-120.10013782613822,-33.4544372608229,69172.0,-140.57400029430113,10.032789780399241,laxemar,0.5,250.0,0.5,250.0,0.9769999980926514,0.9769999980926514,0.9769999980926514,effective_generation,matched,P32_r_ge_0p5m,dfn_analysis/estimate_kr.py
2,0.5,5.4,-150.88500065491107,-150.88500065491107,-120.29551096787897,-33.50575286633865,69172.0,-140.57400029430113,10.311000360609938,laxemar,0.5,250.0,0.5,250.0,0.9769999980926514,0.9769999980926514,0.9769999980926514,effective_generation,matched,P32_r_ge_0p5m,dfn_analysis/estimate_kr.py
2,0.5,5.45,-151.1643874565497,-151.1643874565497,-120.49237936505111,-33.5558886113701,69172.0,-140.57400029430113,10.590387162248561,laxemar,0.5,250.0,0.5,250.0,0.9769999980926514,0.9769999980926514,0.9769999980926514,effective_generation,matched,P32_r_ge_0p5m,dfn_analysis/estimate_kr.py
2,0.5,5.5,-151.44490867454834,-151.44490867454834,-120.69070271883005,-33.60488174672547,69172.0,-140.57400029430113,10.870908380247215,laxemar,0.5,250.0,0.5,250.0,0.9769999980926514,0.9769999980926514,0.9769999980926514,effective_generation,matched,P32_r_ge_0p5m,dfn_analysis/estimate_kr.py
3,0.5,1.5,-609.2910424378067,-609.2910424378067,-486.8201202196567,-179.66495078162635,70443.0,-498.7499020146379,110.54114042316883,laxemar,0.5,250.0,0.5,250.0,0.8579999804496765,0.8579999804496765,0.8579999804496765,effective_generation,matched,P32_r_ge_0p5m,dfn_analysis/estimate_kr.py
3,0.5,1.55,-598.4111328412904,-598.4111328412904,-479.1709411258393,-170.01562360926056,70443.0,-498.7499020146379,99.66123082665251,laxemar,0.5,250.0,0.5,250.0,0.8579999804496765,0.8579999804496765,0.8579999804496765,effective_generation,matched,P32_r_ge_0p5m,dfn_analysis/estimate_kr.py
3,0.5,1.6,-588.3030017741498,-588.3030017741498,-471.94696692345764,-161.08613659401894,70443.0,-498.7499020146379,89.55309975951195,laxemar,0.5,250.0,0.5,250.0,0.8579999804496765,0.8579999804496765,0.8579999804496765,effective_generation,matched,P32_r_ge_0p5m,dfn_analysis/estimate_kr.py
3,0.5,1.65,-578.9630708036317,-578.9630708036317,-465.17867052155225,-152.87320671076174,70443.0,-498.7499020146379,80.21316878899381,laxemar,0.5,250.0,0.5,250.0,0.8579999804496765,0.8579999804496765,0.8579999804496765,effective_generation,matched,P32_r_ge_0p5m,dfn_analysis/estimate_kr.py
3,0.5,1.7,-570.3776955326318,-570.3776955326318,-458.88436777704084,-145.3636329028436,70443.0,-498.7499020146379,71.62779351799395,laxemar,0.5,250.0,0.5,250.0,0.8579999804496765,0.8579999804496765,0.8579999804496765,effective_generation,matched,P32_r_ge_0p5m,dfn_analysis/estimate_kr.py
3,0.5,1.75,-562.52424982964,-562.52424982964,-453.0710228262451,-138.53535494823095,70443.0,-498.7499020146379,63.7743478150021,laxemar,0.5,250.0,0.5,250.0,0.8579999804496765,0.8579999804496765,0.8579999804496765,effective_generation,matched,P32_r_ge_0p5m,dfn_analysis/estimate_kr.py
3,0.5,1.8,-555.3725412253343,-555.3725412253343,-447.7355300506644,-132.3588452281019,70443.0,-498.7499020146379,56.622639210696434,laxemar,0.5,250.0,0.5,250.0,0.8579999804496765,0.8579999804496765,0.8579999804496765,effective_generation,matched,P32_r_ge_0p5m,dfn_analysis/estimate_kr.py
3,0.5,1.85,-548.8864236319152,-548.8864236319152,-442.8663071501616,-126.79870033669984,70443.0,-498.7499020146379,50.13652161727737,laxemar,0.5,250.0,0.5,250.0,0.8579999804496765,0.8579999804496765,0.8579999804496765,effective_generation,matched,P32_r_ge_0p5m,dfn_analysis/estimate_kr.py
3,0.5,1.9,-543.0254723313876,-543.0254723313876,-438.4450345376416,-121.8152978653573,70443.0,-498.7499020146379,44.275570316749736,laxemar,0.5,250.0,0.5,250.0,0.8579999804496765,0.8579999804496765,0.8579999804496765,effective_generation,matched,P32_r_ge_0p5m,dfn_analysis/estimate_kr.py
3,0.5,1.95,-537.7466017222877,-537.7466017222877,-434.4483956054329,-117.36639892815447,70443.0,-498.7499020146379,38.99669970764978,laxemar,0.5,250.0,0.5,250.0,0.8579999804496765,0.8579999804496765,0.8579999804496765,effective_generation,matched,P32_r_ge_0p5m,dfn_analysis/estimate_kr.py
3,0.5,2.0,-533.0055331118914,-533.0055331118914,-430.84970377525997,-113.40860357441193,70443.0,-498.7499020146379,34.25563109725351,laxemar,0.5,250.0,0.5,250.0,0.8579999804496765,0.8579999804496765,0.8579999804496765,effective_generation,matched,P32_r_ge_0p5m,dfn_analysis/estimate_kr.py
3,0.5,2.05,-528.7580515234981,-528.7580515234981,-427.62033852794,-109.8985977758403,70443.0,-498.7499020146379,30.008149508860242,laxemar,0.5,250.0,0.5,250.0,0.8579999804496765,0.8579999804496765,0.8579999804496765,effective_generation,matched,P32_r_ge_0p5m,dfn_analysis/estimate_kr.py
3,0.5,2.1,-524.9610214104129,-524.9610214104129,-424.73094773219793,-106.79416152384735,70443.0,-498.7499020146379,26.211119395774972,laxemar,0.5,250.0,0.5,250.0,0.8579999804496765,0.8579999804496765,0.8579999804496765,effective_generation,matched,P32_r_ge_0p5m,dfn_analysis/estimate_kr.py
3,0.5,2.15,-521.5731573692215,-521.5731573692215,-422.15240338046755,-104.05493374902505,70443.0,-498.7499020146379,22.82325535458358,laxemar,0.5,250.0,0.5,250.0,0.8579999804496765,0.8579999804496765,0.8579999804496765,effective_generation,matched,P32_r_ge_0p5m,dfn_analysis/estimate_kr.py
3,0.5,2.2,-518.5555654094399,-518.5555654094399,-419.85652021677413,-101.64294925005771,70443.0,-498.7499020146379,19.805663394801968,laxemar,0.5,250.0,0.5,250.0,0.8579999804496765,0.8579999804496765,0.8579999804496765,effective_generation,matched,P32_r_ge_0p5m,dfn_analysis/estimate_kr.py
3,0.5,2.25,-515.8720827272361,-515.8720827272361,-417.8165614008257,-99.5229752431927,70443.0,-498.7499020146379,17.122180712598265,laxemar,0.5,250.0,0.5,250.0,0.8579999804496765,0.8579999804496765,0.8579999804496765,effective_generation,matched,P32_r_ge_0p5m,dfn_analysis/estimate_kr.py
3,0.5,2.3,-513.4894500580529,-513.4894500580529,-416.0075631813239,-97.66268131634622,70443.0,-498.7499020146379,14.73954804341497,laxemar,0.5,250.0,0.5,250.0,0.8579999804496765,0.8579999804496765,0.8579999804496765,effective_generation,matched,P32_r_ge_0p5m,dfn_analysis/estimate_kr.py
3,0.5,2.35,-511.37735194363944,-511.37735194363944,-414.4065130425125,-96.03267788333096,70443.0,-498.7499020146379,12.627449929001557,laxemar,0.5,250.0,0.5,250.0,0.8579999804496765,0.8579999804496765,0.8579999804496765,effective_generation,matched,P32_r_ge_0p5m,dfn_analysis/estimate_kr.py
3,0.5,2.4,-509.5083581760531,-509.5083581760531,-412.99241456930895,-94.60645621110436,70443.0,-498.7499020146379,10.75845616141521,laxemar,0.5,250.0,0.5,250.0,0.8579999804496765,0.8579999804496765,0.8579999804496765,effective_generation,matched,P32_r_ge_0p5m,dfn_analysis/estimate_kr.py
3,0.5,2.45,-507.8577956539364,-507.8577956539364,-411.74626881344034,-93.36025911217808,70443.0,-498.7499020146379,9.107893639298538,laxemar,0.5,250.0,0.5,250.0,0.8579999804496765,0.8579999804496765,0.8579999804496765,effective_generation,matched,P32_r_ge_0p5m,dfn_analysis/estimate_kr.py
3,0.5,2.5,-506.40357499111286,-506.40357499111286,-410.65099739518973,-92.2729065396748,70443.0,-498.7499020146379,7.653672976474979,laxemar,0.5,250.0,0.5,250.0,0.8579999804496765,0.8579999804496765,0.8579999804496765,effective_generation,matched,P32_r_ge_0p5m,dfn_analysis/estimate_kr.py
3,0.5,2.55,-505.12599121739356,-505.12599121739356,-409.6913277650959,-91.32559535619363,70443.0,-498.7499020146379,6.376089202755679,laxemar,0.5,250.0,0.5,250.0,0.8579999804496765,0.8579999804496765,0.8579999804496765,effective_generation,matched,P32_r_ge_0p5m,dfn_analysis/estimate_kr.py
3,0.5,2.6,-504.0075132808059,-504.0075132808059,-408.8536564981414,-90.50168794386853,70443.0,-498.7499020146379,5.257611266167999,laxemar,0.5,250.0,0.5,250.0,0.8579999804496765,0.8579999804496765,0.8579999804496765,effective_generation,matched,P32_r_ge_0p5m,dfn_analysis/estimate_kr.py
3,0.5,2.6500000000000004,-503.03257304725014,-503.03257304725014,-408.12590248321163,-89.78650033019905,70443.0,-498.7499020146379,4.282671032612257,laxemar,0.5,250.0,0.5,250.0,0.8579999804496765,0.8579999804496765,0.8579999804496765,effective_generation,matched,P32_r_ge_0p5m,dfn_analysis/estimate_kr.py
3,0.5,2.7,-502.1873611862724,-502.1873611862724,-407.4973585178718,-89.16709721155057,70443.0,-498.7499020146379,3.4374591716345435,laxemar,0.5,250.0,0.5,250.0,0.8579999804496765,0.8579999804496765,0.8579999804496765,effective_generation,matched,P32_r_ge_0p5m,dfn_analysis/estimate_kr.py
3,0.5,2.75,-501.459634717219,-501.459634717219,-406.95854712913473,-88.63209865155753,70443.0,-498.7499020146379,2.709732702581107,laxemar,0.5,250.0,0.5,250.0,0.8579999804496765,0.8579999804496765,0.8579999804496765,effective_generation,matched,P32_r_ge_0p5m,dfn_analysis/estimate_kr.py
3,0.5,2.8,-500.8385389989694,-500.8385389989694,-406.5010843591302,-88.1715012464349,70443.0,-498.7499020146379,2.088636984331515,laxemar,0.5,250.0,0.5,250.0,0.8579999804496765,0.8579999804496765,0.8579999804496765,effective_generation,matched,P32_r_ge_0p5m,dfn_analysis/estimate_kr.py
3,0.5,2.85,-500.3144454840753,-500.3144454840753,-406.1175536953084,-87.77651508965003,70443.0,-498.7499020146379,1.5645434694374103,laxemar,0.5,250.0,0.5,250.0,0.8579999804496765,0.8579999804496765,0.8579999804496765,effective_generation,matched,P32_r_ge_0p5m,dfn_analysis/estimate_kr.py
3,0.5,2.9000000000000004,-499.8788055247186,-499.8788055247186,-405.8013911946588,-87.43941683561695,70443.0,-498.7499020146379,1.128903510080704,laxemar,0.5,250.0,0.5,250.0,0.8579999804496765,0.8579999804496765,0.8579999804496765,effective_generation,matched,P32_r_ge_0p5m,dfn_analysis/estimate_kr.py
3,0.5,2.95,-499.5240198201994,-499.5240198201994,-405.5467820612093,-87.15341846348198,70443.0,-498.7499020146379,0.7741178055615023,laxemar,0.5,250.0,0.5,250.0,0.8579999804496765,0.8579999804496765,0.8579999804496765,effective_generation,matched,P32_r_ge_0p5m,dfn_analysis/estimate_kr.py
3,0.5,3.0,-499.24332265245596,-499.24332265245596,-405.348568406998,-86.91255089705294,70443.0,-498.7499020146379,0.4934206378180761,laxemar,0.5,250.0,0.5,250.0,0.8579999804496765,0.8579999804496765,0.8579999804496765,effective_generation,matched,P32_r_ge_0p5m,dfn_analysis/estimate_kr.py
3,0.5,3.05,-499.0306798001762,-499.0306798001762,-405.20216759275826,-86.71156137866342,70443.0,-498.7499020146379,0.2807777855383051,laxemar,0.5,250.0,0.5,250.0,0.8579999804496765,0.8579999804496765,0.8579999804496765,effective_generation,matched,P32_r_ge_0p5m,dfn_analysis/estimate_kr.py
3,0.5,3.1,-498.88069889969967,-498.88069889969967,-405.1035003525028,-86.54582336993558,70443.0,-498.7499020146379,0.130796885061784,laxemar,0.5,250.0,0.5,250.0,0.8579999804496765,0.8579999804496765,0.8579999804496765,effective_generation,matched,P32_r_ge_0p5m,dfn_analysis/estimate_kr.py
3,0.5,3.1500000000000004,-498.78855099063446,-498.78855099063446,-405.04892781443283,-86.4112577197173,70443.0,-498.7499020146379,0.03864897599657979,laxemar,0.5,250.0,0.5,250.0,0.8579999804496765,0.8579999804496765,0.8579999804496765,effective_generation,matched,P32_r_ge_0p5m,dfn_analysis/estimate_kr.py
3,0.5,3.2,-498.7499020146379,-498.7499020146379,-405.03519650741873,-86.30426386779025,70443.0,-498.7499020146379,0.0,laxemar,0.5,250.0,0.5,250.0,0.8579999804496765,0.8579999804496765,0.8579999804496765,effective_generation,matched,P32_r_ge_0p5m,dfn_analysis/estimate_kr.py
3,0.5,3.25,-498.76085310416454,-498.76085310416454,-405.0593904641365,-86.22165991939889,70443.0,-498.7499020146379,0.010951089526656688,laxemar,0.5,250.0,0.5,250.0,0.8579999804496765,0.8579999804496765,0.8579999804496765,effective_generation,matched,P32_r_ge_0p5m,dfn_analysis/estimate_kr.py
3,0.5,3.3,-498.8178885877189,-498.8178885877189,-405.1188895816167,-86.16063051379791,70443.0,-498.7499020146379,0.06798657308104339,laxemar,0.5,250.0,0.5,250.0,0.8579999804496765,0.8579999804496765,0.8579999804496765,effective_generation,matched,P32_r_ge_0p5m,dfn_analysis/estimate_kr.py
3,0.5,3.35,-498.9178307377795,-498.9178307377795,-405.2113334652844,-86.11868150841269,70443.0,-498.7499020146379,0.16792872314164242,laxemar,0.5,250.0,0.5,250.0,0.8579999804496765,0.8579999804496765,0.8579999804496765,effective_generation,matched,P32_r_ge_0p5m,dfn_analysis/estimate_kr.py
3,0.5,3.4000000000000004,-499.0578003893635,-499.0578003893635,-405.33459005508547,-86.09360060108158,70443.0,-498.7499020146379,0.3078983747255961,laxemar,0.5,250.0,0.5,250.0,0.8579999804496765,0.8579999804496765,0.8579999804496765,effective_generation,matched,P32_r_ge_0p5m,dfn_analysis/estimate_kr.py
3,0.5,3.45,-499.23518265616804,-499.23518265616804,-405.48672840633907,-86.08342311118106,70443.0,-498.7499020146379,0.48528064153015293,laxemar,0.5,250.0,0.5,250.0,0.8579999804496765,0.8579999804496765,0.8579999804496765,effective_generation,matched,P32_r_ge_0p5m,dfn_analysis/estimate_kr.py
3,0.5,3.5,-499.44759706431256,-499.44759706431256,-405.6659950698768,-86.08640223314329,70443.0,-498.7499020146379,0.6976950496746781,laxemar,0.5,250.0,0.5,250.0,0.8579999804496765,0.8579999804496765,0.8579999804496765,effective_generation,matched,P32_r_ge_0p5m,dfn_analysis/estimate_kr.py
3,0.5,3.5500000000000003,-499.6928715092529,-499.6928715092529,-405.8707935836178,-86.10098316125857,70443.0,-498.7499020146379,0.9429694946149993,laxemar,0.5,250.0,0.5,250.0,0.8579999804496765,0.8579999804496765,0.8579999804496765,effective_generation,matched,P32_r_ge_0p5m,dfn_analysis/estimate_kr.py
3,0.5,3.6,-499.9690195187292,-499.9690195187292,-406.09966664979027,-86.12578056195579,70443.0,-498.7499020146379,1.2191175040913436,laxemar,0.5,250.0,0.5,250.0,0.8579999804496765,0.8579999804496765,0.8579999804496765,effective_generation,matched,P32_r_ge_0p5m,dfn_analysis/estimate_kr.py
3,0.5,3.65,-500.2742203735256,-500.2742203735256,-406.3512806280136,-86.15955893883537,70443.0,-498.7499020146379,1.52431835888774,laxemar,0.5,250.0,0.5,250.0,0.8579999804496765,0.8579999804496765,0.8579999804496765,effective_generation,matched,P32_r_ge_0p5m,dfn_analysis/estimate_kr.py
3,0.5,3.7,-500.6068016986744,-500.6068016986744,-406.62441202435366,-86.20121549685696,70443.0,-498.7499020146379,1.8568996840365344,laxemar,0.5,250.0,0.5,250.0,0.8579999804496765,0.8579999804496765,0.8579999804496765,effective_generation,matched,P32_r_ge_0p5m,dfn_analysis/estimate_kr.py
3,0.5,3.75,-500.96522419104406,-500.96522419104406,-406.9179357004663,-86.2497651657586,70443.0,-498.7499020146379,2.2153221764061755,laxemar,0.5,250.0,0.5,250.0,0.8579999804496765,0.8579999804496765,0.8579999804496765,effective_generation,matched,P32_r_ge_0p5m,dfn_analysis/estimate_kr.py
3,0.5,3.8000000000000003,-501.34806819566325,-501.34806819566325,-407.230814565442,-86.30432748963055,70443.0,-498.7499020146379,2.5981661810253627,laxemar,0.5,250.0,0.5,250.0,0.8579999804496765,0.8579999804496765,0.8579999804496765,effective_generation,matched,P32_r_ge_0p5m,dfn_analysis/estimate_kr.py
3,0.5,3.85,-501.7540218833499,-501.7540218833499,-407.5620905464448,-86.36411513026378,70443.0,-498.7499020146379,3.004119868711996,laxemar,0.5,250.0,0.5,250.0,0.8579999804496765,0.8579999804496765,0.8579999804496765,effective_generation,matched,P32_r_ge_0p5m,dfn_analysis/estimate_kr.py
3,0.5,3.9000000000000004,-502.1818708169268,-502.1818708169268,-407.91087666319453,-86.428423767119,70443.0,-498.7499020146379,3.4319688022889068,laxemar,0.5,250.0,0.5,250.0,0.8579999804496765,0.8579999804496765,0.8579999804496765,effective_generation,matched,P32_r_ge_0p5m,dfn_analysis/estimate_kr.py
3,0.5,3.95,-502.63048872318376,-502.63048872318376,-408.276350056307,-86.49662320716732,70443.0,-498.7499020146379,3.880586708545877,laxemar,0.5,250.0,0.5,250.0,0.8579999804496765,0.8579999804496765,0.8579999804496765,effective_generation,matched,P32_r_ge_0p5m,dfn_analysis/estimate_kr.py
3,0.5,4.0,-503.0988293134013,-503.0988293134013,-408.65774584094027,-86.56814954403973,70443.0,-498.7499020146379,4.348927298763442,laxemar,0.5,250.0,0.5,250.0,0.8579999804496765,0.8579999804496765,0.8579999804496765,effective_generation,matched,P32_r_ge_0p5m,dfn_analysis/estimate_kr.py
3,0.5,4.050000000000001,-503.5859190172485,-503.5859190172485,-409.05435167557755,-86.64249822844691,70443.0,-498.7499020146379,4.8360170026106175,laxemar,0.5,250.0,0.5,250.0,0.8579999804496765,0.8579999804496765,0.8579999804496765,effective_generation,matched,P32_r_ge_0p5m,dfn_analysis/estimate_kr.py
3,0.5,4.1,-504.09085051370175,-504.09085051370175,-409.46550295149393,-86.71921793117029,70443.0,-498.7499020146379,5.34094849906387,laxemar,0.5,250.0,0.5,250.0,0.8579999804496765,0.8579999804496765,0.8579999804496765,effective_generation,matched,P32_r_ge_0p5m,dfn_analysis/estimate_kr.py
3,0.5,4.15,-504.61277695875776,-504.61277695875776,-409.89057852188444,-86.79790509653209,70443.0,-498.7499020146379,5.862874944119881,laxemar,0.5,250.0,0.5,250.0,0.8579999804496765,0.8579999804496765,0.8579999804496765,effective_generation,matched,P32_r_ge_0p5m,dfn_analysis/estimate_kr.py
3,0.5,4.2,-505.1509068234947,-505.1509068234947,-410.32899690109696,-86.87819909848987,70443.0,-498.7499020146379,6.40100480885684,laxemar,0.5,250.0,0.5,250.0,0.8579999804496765,0.8579999804496765,0.8579999804496765,effective_generation,matched,P32_r_ge_0p5m,dfn_analysis/estimate_kr.py
3,0.5,4.25,-505.70449926784295,-505.70449926784295,-410.78021287419375,-86.9597779237145,70443.0,-498.7499020146379,6.9545972532050655,laxemar,0.5,250.0,0.5,250.0,0.8579999804496765,0.8579999804496765,0.8579999804496765,effective_generation,matched,P32_r_ge_0p5m,dfn_analysis/estimate_kr.py
3,0.5,4.300000000000001,-506.2728599855142,-506.2728599855142,-411.24371446540613,-87.04235431647345,70443.0,-498.7499020146379,7.522957970876291,laxemar,0.5,250.0,0.5,250.0,0.8579999804496765,0.8579999804496765,0.8579999804496765,effective_generation,matched,P32_r_ge_0p5m,dfn_analysis/estimate_kr.py
3,0.5,4.35,-506.8553374641872,-506.8553374641872,-411.7190202211701,-87.12567232911677,70443.0,-498.7499020146379,8.105435449549304,laxemar,0.5,250.0,0.5,250.0,0.8579999804496765,0.8579999804496765,0.8579999804496765,effective_generation,matched,P32_r_ge_0p5m,dfn_analysis/estimate_kr.py
3,0.5,4.4,-507.4513196124474,-507.4513196124474,-412.2056767694992,-87.20950422964279,70443.0,-498.7499020146379,8.701417597809495,laxemar,0.5,250.0,0.5,250.0,0.8579999804496765,0.8579999804496765,0.8579999804496765,effective_generation,matched,P32_r_ge_0p5m,dfn_analysis/estimate_kr.py
3,0.5,4.45,-508.0602307113354,-508.0602307113354,-412.7032566226435,-87.29364772441198,70443.0,-498.7499020146379,9.310328696697525,laxemar,0.5,250.0,0.5,250.0,0.8579999804496765,0.8579999804496765,0.8579999804496765,effective_generation,matched,P32_r_ge_0p5m,dfn_analysis/estimate_kr.py
3,0.5,4.5,-508.6815286538072,-508.6815286538072,-413.2113561944142,-87.37792345971248,70443.0,-498.7499020146379,9.931626639169338,laxemar,0.5,250.0,0.5,250.0,0.8579999804496765,0.8579999804496765,0.8579999804496765,effective_generation,matched,P32_r_ge_0p5m,dfn_analysis/estimate_kr.py
3,0.5,4.550000000000001,-509.3147024400962,-509.3147024400962,-413.729594007348,-87.46217277071337,70443.0,-498.7499020146379,10.564800425458316,laxemar,0.5,250.0,0.5,250.0,0.8579999804496765,0.8579999804496765,0.8579999804496765,effective_generation,matched,P32_r_ge_0p5m,dfn_analysis/estimate_kr.py
3,0.5,4.6,-509.9592699010044,-509.9592699010044,-414.25760906813184,-87.5462556504796,70443.0,-498.7499020146379,11.209367886366522,laxemar,0.5,250.0,0.5,250.0,0.8579999804496765,0.8579999804496765,0.8579999804496765,effective_generation,matched,P32_r_ge_0p5m,dfn_analysis/estimate_kr.py
3,0.5,4.65,-510.61477562462636,-510.61477562462636,-414.7950593924984,-87.63004891526082,70443.0,-498.7499020146379,11.864873609988479,laxemar,0.5,250.0,0.5,250.0,0.8579999804496765,0.8579999804496765,0.8579999804496765,effective_generation,matched,P32_r_ge_0p5m,dfn_analysis/estimate_kr.py
3,0.5,4.7,-511.28078906501077,-511.28078906501077,-415.341620663193,-87.7134445453026,70443.0,-498.7499020146379,12.530887050372883,laxemar,0.5,250.0,0.5,250.0,0.8579999804496765,0.8579999804496765,0.8579999804496765,effective_generation,matched,P32_r_ge_0p5m,dfn_analysis/estimate_kr.py
3,0.5,4.75,-511.95690281386567,-511.95690281386567,-415.8969850066701,-87.79634818302331,70443.0,-498.7499020146379,13.207000799227785,laxemar,0.5,250.0,0.5,250.0,0.8579999804496765,0.8579999804496765,0.8579999804496765,effective_generation,matched,P32_r_ge_0p5m,dfn_analysis/estimate_kr.py
3,0.5,4.800000000000001,-512.6427310186588,-512.6427310186588,-416.46085987595507,-87.87867777262572,70443.0,-498.7499020146379,13.892829004020882,laxemar,0.5,250.0,0.5,250.0,0.8579999804496765,0.8579999804496765,0.8579999804496765,effective_generation,matched,P32_r_ge_0p5m,dfn_analysis/estimate_kr.py
3,0.5,4.85,-513.3379079324199,-513.3379079324199,-417.0329670286334,-87.96036232712169,70443.0,-498.7499020146379,14.58800591778197,laxemar,0.5,250.0,0.5,250.0,0.8579999804496765,0.8579999804496765,0.8579999804496765,effective_generation,matched,P32_r_ge_0p5m,dfn_analysis/estimate_kr.py
3,0.5,4.9,-514.0420865822488,-514.0420865822488,-417.6130415902558,-88.04134081038326,70443.0,-498.7499020146379,15.292184567610889,laxemar,0.5,250.0,0.5,250.0,0.8579999804496765,0.8579999804496765,0.8579999804496765,effective_generation,matched,P32_r_ge_0p5m,dfn_analysis/estimate_kr.py
3,0.5,4.95,-514.7549375450126,-514.7549375450126,-418.2008311945931,-88.1215611232424,70443.0,-498.7499020146379,16.0050355303747,laxemar,0.5,250.0,0.5,250.0,0.8579999804496765,0.8579999804496765,0.8579999804496765,effective_generation,matched,P32_r_ge_0p5m,dfn_analysis/estimate_kr.py
3,0.5,5.0,-515.4761478200013,-515.4761478200013,-418.7960951931708,-88.20097918387485,70443.0,-498.7499020146379,16.72624580536342,laxemar,0.5,250.0,0.5,250.0,0.8579999804496765,0.8579999804496765,0.8579999804496765,effective_generation,matched,P32_r_ge_0p5m,dfn_analysis/estimate_kr.py
3,0.5,5.050000000000001,-516.2054197894483,-516.2054197894483,-419.3986039273775,-88.27955809374672,70443.0,-498.7499020146379,17.45551777481046,laxemar,0.5,250.0,0.5,250.0,0.8579999804496765,0.8579999804496765,0.8579999804496765,effective_generation,matched,P32_r_ge_0p5m,dfn_analysis/estimate_kr.py
3,0.5,5.1,-516.9424702587994,-516.9424702587994,-420.00813805719747,-88.35726738131287,70443.0,-498.7499020146379,18.19256824416152,laxemar,0.5,250.0,0.5,250.0,0.8579999804496765,0.8579999804496765,0.8579999804496765,effective_generation,matched,P32_r_ge_0p5m,dfn_analysis/estimate_kr.py
3,0.5,5.15,-517.6870295694919,-517.6870295694919,-420.62448794127437,-88.4340823164421,70443.0,-498.7499020146379,18.937127554853987,laxemar,0.5,250.0,0.5,250.0,0.8579999804496765,0.8579999804496765,0.8579999804496765,effective_generation,matched,P32_r_ge_0p5m,dfn_analysis/estimate_kr.py
3,0.5,5.2,-518.4388407777592,-518.4388407777592,-421.24745306359,-88.50998328923083,70443.0,-498.7499020146379,19.688938763121314,laxemar,0.5,250.0,0.5,250.0,0.8579999804496765,0.8579999804496765,0.8579999804496765,effective_generation,matched,P32_r_ge_0p5m,dfn_analysis/estimate_kr.py
3,0.5,5.25,-519.197658893655,-519.197658893655,-421.8768415025478,-88.58495524747288,70443.0,-498.7499020146379,20.447756879017106,laxemar,0.5,250.0,0.5,250.0,0.8579999804496765,0.8579999804496765,0.8579999804496765,effective_generation,matched,P32_r_ge_0p5m,dfn_analysis/estimate_kr.py
3,0.5,5.300000000000001,-519.9632501750795,-519.9632501750795,-422.5124694386932,-88.65898718758173,70443.0,-498.7499020146379,21.21334816044157,laxemar,0.5,250.0,0.5,250.0,0.8579999804496765,0.8579999804496765,0.8579999804496765,effective_generation,matched,P32_r_ge_0p5m,dfn_analysis/estimate_kr.py
3,0.5,5.35,-520.7353914721161,-520.7353914721161,-423.15416069769395,-88.73207169423456,70443.0,-498.7499020146379,21.985489457478252,laxemar,0.5,250.0,0.5,250.0,0.8579999804496765,0.8579999804496765,0.8579999804496765,effective_generation,matched,P32_r_ge_0p5m,dfn_analysis/estimate_kr.py
3,0.5,5.4,-521.5138696174536,-521.5138696174536,-423.80174632555054,-88.80420452442452,70443.0,-498.7499020146379,22.763967602815683,laxemar,0.5,250.0,0.5,250.0,0.8579999804496765,0.8579999804496765,0.8579999804496765,effective_generation,matched,P32_r_ge_0p5m,dfn_analysis/estimate_kr.py
3,0.5,5.45,-522.2984808590752,-522.2984808590752,-424.45506419330513,-88.87538423198527,70443.0,-498.7499020146379,23.548578844437316,laxemar,0.5,250.0,0.5,250.0,0.8579999804496765,0.8579999804496765,0.8579999804496765,effective_generation,matched,P32_r_ge_0p5m,dfn_analysis/estimate_kr.py
3,0.5,5.5,-523.0890303317705,-523.0890303317705,-425.11395862879453,-88.94561182898791,70443.0,-498.7499020146379,24.339128317132577,laxemar,0.5,250.0,0.5,250.0,0.8579999804496765,0.8579999804496765,0.8579999804496765,effective_generation,matched,P32_r_ge_0p5m,dfn_analysis/estimate_kr.py
5,0.5,1.5,-724.2726348236772,-724.2726348236772,-619.4587522421027,-207.45458255324777,69362.0,-542.180983032383,182.09165179129423,laxemar,0.5,250.0,0.5,250.0,0.5,0.5,0.4000000059604645,effective_generation,matched,P32_r_ge_0p5m,dfn_analysis/estimate_kr.py
5,0.5,1.55,-707.1473055042303,-707.1473055042303,-606.6874624135073,-192.80025893948417,69362.0,-542.180983032383,164.96632247184732,laxemar,0.5,250.0,0.5,250.0,0.5,0.5,0.4000000059604645,effective_generation,matched,P32_r_ge_0p5m,dfn_analysis/estimate_kr.py
5,0.5,1.6,-691.2797652249133,-691.2797652249133,-594.6361184756644,-179.3293497342521,69362.0,-542.180983032383,149.09878219253028,laxemar,0.5,250.0,0.5,250.0,0.5,0.5,0.4000000059604645,effective_generation,matched,P32_r_ge_0p5m,dfn_analysis/estimate_kr.py
5,0.5,1.65,-676.6628630689004,-676.6628630689004,-583.3656643774909,-167.03304646929678,69362.0,-542.180983032383,134.4818800365174,laxemar,0.5,250.0,0.5,250.0,0.5,0.5,0.4000000059604645,effective_generation,matched,P32_r_ge_0p5m,dfn_analysis/estimate_kr.py
5,0.5,1.7,-663.2706060220382,-663.2706060220382,-572.9109066585247,-155.88408553955676,69362.0,-542.180983032383,121.08962298965525,laxemar,0.5,250.0,0.5,250.0,0.5,0.5,0.4000000059604645,effective_generation,matched,P32_r_ge_0p5m,dfn_analysis/estimate_kr.py
5,0.5,1.75,-651.0601853379468,-651.0601853379468,-563.2827247935479,-145.83877258663364,69362.0,-542.180983032383,108.87920230556381,laxemar,0.5,250.0,0.5,250.0,0.5,0.5,0.4000000059604645,effective_generation,matched,P32_r_ge_0p5m,dfn_analysis/estimate_kr.py
5,0.5,1.8,-639.974835278864,-639.974835278864,-554.4713493107786,-136.83982547987333,69362.0,-542.180983032383,97.79385224648104,laxemar,0.5,250.0,0.5,250.0,0.5,0.5,0.4000000059604645,effective_generation,matched,P32_r_ge_0p5m,dfn_analysis/estimate_kr.py
5,0.5,1.85,-629.947184090493,-629.947184090493,-546.4502694592499,-128.81970005063744,69362.0,-542.180983032383,87.76620105811003,laxemar,0.5,250.0,0.5,250.0,0.5,0.5,0.4000000059604645,effective_generation,matched,P32_r_ge_0p5m,dfn_analysis/estimate_kr.py
5,0.5,1.9,-620.9027454992707,-620.9027454992707,-539.1803450926018,-121.70405053328804,69362.0,-542.180983032383,78.72176246688775,laxemar,0.5,250.0,0.5,250.0,0.5,0.5,0.4000000059604645,effective_generation,matched,P32_r_ge_0p5m,dfn_analysis/estimate_kr.py
5,0.5,1.95,-612.7632430942688,-612.7632430942688,-532.6137632826737,-115.41502000696181,69362.0,-542.180983032383,70.58226006188579,laxemar,0.5,250.0,0.5,250.0,0.5,0.5,0.4000000059604645,effective_generation,matched,P32_r_ge_0p5m,dfn_analysis/estimate_kr.py
5,0.5,2.0,-605.4495399701568,-605.4495399701568,-526.6975779476462,-109.87413542431865,69362.0,-542.180983032383,63.26855693777384,laxemar,0.5,250.0,0.5,250.0,0.5,0.5,0.4000000059604645,effective_generation,matched,P32_r_ge_0p5m,dfn_analysis/estimate_kr.py
5,0.5,2.05,-598.884038931139,-598.884038931139,-521.3766772809686,-105.00467409218624,69362.0,-542.180983032383,56.70305589875602,laxemar,0.5,250.0,0.5,250.0,0.5,0.5,0.4000000059604645,effective_generation,matched,P32_r_ge_0p5m,dfn_analysis/estimate_kr.py
5,0.5,2.1,-592.9925049806757,-592.9925049806757,-516.596120032088,-100.73345435733586,69362.0,-542.180983032383,50.81152194829269,laxemar,0.5,250.0,0.5,250.0,0.5,0.5,0.4000000059604645,effective_generation,matched,P32_r_ge_0p5m,dfn_analysis/estimate_kr.py
5,0.5,2.15,-587.7053296479534,-587.7053296479534,-512.3028562951644,-96.99207065496977,69362.0,-542.180983032383,45.52434661557038,laxemar,0.5,250.0,0.5,250.0,0.5,0.5,0.4000000059604645,effective_generation,matched,P32_r_ge_0p5m,dfn_analysis/estimate_kr.py
5,0.5,2.2,-582.9583014684997,-582.9583014684997,-508.4468976487795,-93.71763752899929,69362.0,-542.180983032383,40.77731843611673,laxemar,0.5,250.0,0.5,250.0,0.5,0.5,0.4000000059604645,effective_generation,matched,P32_r_ge_0p5m,dfn_analysis/estimate_kr.py
5,0.5,2.25,-578.6929699839761,-578.6929699839761,-504.9820272235015,-90.8531300575689,69362.0,-542.180983032383,36.511986951593144,laxemar,0.5,250.0,0.5,250.0,0.5,0.5,0.4000000059604645,effective_generation,matched,P32_r_ge_0p5m,dfn_analysis/estimate_kr.py
5,0.5,2.3,-574.8566965372283,-574.8566965372283,-501.8661476473087,-88.34741387911713,69362.0,-542.180983032383,32.67571350484536,laxemar,0.5,250.0,0.5,250.0,0.5,0.5,0.4000000059604645,effective_generation,matched,P32_r_ge_0p5m,dfn_analysis/estimate_kr.py
5,0.5,2.35,-571.4024794922124,-571.4024794922124,-499.0613598044255,-86.15505227557314,69362.0,-542.180983032383,29.221496459829382,laxemar,0.5,250.0,0.5,250.0,0.5,0.5,0.4000000059604645,effective_generation,matched,P32_r_ge_0p5m,dfn_analysis/estimate_kr.py
5,0.5,2.4,-568.2886294062057,-568.2886294062057,-496.53385333495913,-84.23596561675512,69362.0,-542.180983032383,26.107646373822718,laxemar,0.5,250.0,0.5,250.0,0.5,0.5,0.4000000059604645,effective_generation,matched,P32_r_ge_0p5m,dfn_analysis/estimate_kr.py
5,0.5,2.45,-565.4783550500538,-565.4783550500538,-494.25367493658723,-82.55500381755024,69362.0,-542.180983032383,23.297372017670796,laxemar,0.5,250.0,0.5,250.0,0.5,0.5,0.4000000059604645,effective_generation,matched,P32_r_ge_0p5m,dfn_analysis/estimate_kr.py
5,0.5,2.5,-562.9393066277376,-562.9393066277376,-492.19442556760646,-81.08147791390891,69362.0,-542.180983032383,20.758323595354568,laxemar,0.5,250.0,0.5,250.0,0.5,0.5,0.4000000059604645,effective_generation,matched,P32_r_ge_0p5m,dfn_analysis/estimate_kr.py
5,0.5,2.55,-560.6431095752696,-560.6431095752696,-490.33292417669065,-79.78868390370505,69362.0,-542.180983032383,18.462126542886608,laxemar,0.5,250.0,0.5,250.0,0.5,0.5,0.4000000059604645,effective_generation,matched,P32_r_ge_0p5m,dfn_analysis/estimate_kr.py
5,0.5,2.6,-558.564911571878,-558.564911571878,-488.6488643130024,-78.65344126982299,69362.0,-542.180983032383,16.38392853949506,laxemar,0.5,250.0,0.5,250.0,0.5,0.5,0.4000000059604645,effective_generation,matched,P32_r_ge_0p5m,dfn_analysis/estimate_kr.py
5,0.5,2.6500000000000004,-556.6829569831099,-556.6829569831099,-487.1244810490143,-77.65566021118852,69362.0,-542.180983032383,14.501973950726892,laxemar,0.5,250.0,0.5,250.0,0.5,0.5,0.4000000059604645,effective_generation,matched,P32_r_ge_0p5m,dfn_analysis/estimate_kr.py
5,0.5,2.7,-554.9781966802778,-554.9781966802778,-485.7442389037627,-76.77794535479214,69362.0,-542.180983032383,12.797213647894864,laxemar,0.5,250.0,0.5,250.0,0.5,0.5,0.4000000059604645,effective_generation,matched,P32_r_ge_0p5m,dfn_analysis/estimate_kr.py
5,0.5,2.75,-553.4339367094619,-553.4339367094619,-484.4945465626341,-76.00523927236111,69362.0,-542.180983032383,11.25295367707895,laxemar,0.5,250.0,0.5,250.0,0.5,0.5,0.4000000059604645,effective_generation,matched,P32_r_ge_0p5m,dfn_analysis/estimate_kr.py
5,0.5,2.8,-552.0355262479502,-552.0355262479502,-483.36350078630653,-75.32450611021,69362.0,-542.180983032383,9.854543215567219,laxemar,0.5,250.0,0.5,250.0,0.5,0.5,0.4000000059604645,effective_generation,matched,P32_r_ge_0p5m,dfn_analysis/estimate_kr.py
5,0.5,2.85,-550.7700833423003,-550.7700833423003,-482.3406596406122,-74.72445371521596,69362.0,-542.180983032383,8.589100309917285,laxemar,0.5,250.0,0.5,250.0,0.5,0.5,0.4000000059604645,effective_generation,matched,P32_r_ge_0p5m,dfn_analysis/estimate_kr.py
5,0.5,2.9000000000000004,-549.6262557760951,-549.6262557760951,-481.41684376311565,-74.19529150966412,69362.0,-542.180983032383,7.445272743712167,laxemar,0.5,250.0,0.5,250.0,0.5,0.5,0.4000000059604645,effective_generation,matched,P32_r_ge_0p5m,dfn_analysis/estimate_kr.py
5,0.5,2.95,-548.5940138305648,-548.5940138305648,-480.58396356972287,-73.72852079652037,69362.0,-542.180983032383,6.413030798181808,laxemar,0.5,250.0,0.5,250.0,0.5,0.5,0.4000000059604645,effective_generation,matched,P32_r_ge_0p5m,dfn_analysis/estimate_kr.py
5,0.5,3.0,-547.6644714957888,-547.6644714957888,-479.8348699085767,-73.31675398292265,69362.0,-542.180983032383,5.48348846340582,laxemar,0.5,250.0,0.5,250.0,0.5,0.5,0.4000000059604645,effective_generation,matched,P32_r_ge_0p5m,dfn_analysis/estimate_kr.py
5,0.5,3.05,-546.8297327294316,-546.8297327294316,-479.16322554884914,-72.95355925880608,69362.0,-542.180983032383,4.648749697048629,laxemar,0.5,250.0,0.5,250.0,0.5,0.5,0.4000000059604645,effective_generation,matched,P32_r_ge_0p5m,dfn_analysis/estimate_kr.py
5,0.5,3.1,-546.0827595472277,-546.0827595472277,-478.56339494728695,-72.63332746312878,69362.0,-542.180983032383,3.901776514844755,laxemar,0.5,250.0,0.5,250.0,0.5,0.5,0.4000000059604645,effective_generation,matched,P32_r_ge_0p5m,dfn_analysis/estimate_kr.py
5,0.5,3.1500000000000004,-545.417258997412,-545.417258997412,-478.0303498939061,-72.35115814510343,69362.0,-542.180983032383,3.2362759650289945,laxemar,0.5,250.0,0.5,250.0,0.5,0.5,0.4000000059604645,effective_generation,matched,P32_r_ge_0p5m,dfn_analysis/estimate_kr.py
5,0.5,3.2,-544.8275863747643,-544.8275863747643,-477.5595888510336,-72.10276213712281,69362.0,-542.180983032383,2.646603342381354,laxemar,0.5,250.0,0.5,250.0,0.5,0.5,0.4000000059604645,effective_generation,matched,P32_r_ge_0p5m,dfn_analysis/estimate_kr.py
5,0.5,3.25,-544.308662339613,-544.308662339613,-477.1470680345128,-71.88437827062263,69362.0,-542.180983032383,2.1276793072299824,laxemar,0.5,250.0,0.5,250.0,0.5,0.5,0.4000000059604645,effective_generation,matched,P32_r_ge_0p5m,dfn_analysis/estimate_kr.py
5,0.5,3.3,-543.8559019050674,-543.8559019050674,-476.7891425216286,-71.69270216816041,69362.0,-542.180983032383,1.6749188726844295,laxemar,0.5,250.0,0.5,250.0,0.5,0.5,0.4000000059604645,effective_generation,matched,P32_r_ge_0p5m,dfn_analysis/estimate_kr.py
5,0.5,3.35,-543.4651535317882,-543.4651535317882,-476.4825158947905,-71.52482532449875,69362.0,-542.180983032383,1.2841704994052634,laxemar,0.5,250.0,0.5,250.0,0.5,0.5,0.4000000059604645,effective_generation,matched,P32_r_ge_0p5m,dfn_analysis/estimate_kr.py
5,0.5,3.4000000000000004,-543.1326468187794,-543.1326468187794,-476.2241971363925,-71.37818294163262,69362.0,-542.180983032383,0.9516637863964661,laxemar,0.5,250.0,0.5,250.0,0.5,0.5,0.4000000059604645,effective_generation,matched,P32_r_ge_0p5m,dfn_analysis/estimate_kr.py
5,0.5,3.45,-542.8549474994902,-542.8549474994902,-476.01146367548927,-71.25050920605099,69362.0,-542.180983032383,0.6739644671072256,laxemar,0.5,250.0,0.5,250.0,0.5,0.5,0.4000000059604645,effective_generation,matched,P32_r_ge_0p5m,dfn_analysis/estimate_kr.py
5,0.5,3.5,-542.6289186454451,-542.6289186454451,-475.8418296502246,-71.13979889168348,69362.0,-542.180983032383,0.44793561306209995,laxemar,0.5,250.0,0.5,250.0,0.5,0.5,0.4000000059604645,effective_generation,matched,P32_r_ge_0p5m,dfn_analysis/estimate_kr.py
5,0.5,3.5500000000000003,-542.4516871464668,-542.4516871464668,-475.7130185920562,-71.04427434076571,69362.0,-542.180983032383,0.27070411408385553,laxemar,0.5,250.0,0.5,250.0,0.5,0.5,0.4000000059604645,effective_generation,matched,P32_r_ge_0p5m,dfn_analysis/estimate_kr.py
5,0.5,3.6,-542.3206146796615,-542.3206146796615,-475.6229398602509,-70.96235701969375,69362.0,-542.180983032383,0.13963164727852018,laxemar,0.5,250.0,0.5,250.0,0.5,0.5,0.4000000059604645,effective_generation,matched,P32_r_ge_0p5m,dfn_analysis/estimate_kr.py
5,0.5,3.65,-542.2332725013346,-542.2332725013346,-475.569668259791,-70.89264297047825,69362.0,-542.180983032383,0.05228946895158515,laxemar,0.5,250.0,0.5,250.0,0.5,0.5,0.4000000059604645,effective_generation,matched,P32_r_ge_0p5m,dfn_analysis/estimate_kr.py
5,0.5,3.7,-542.1874194995286,-542.1874194995286,-475.5514263647978,-70.83388158330828,69362.0,-542.180983032383,0.006436467145590541,laxemar,0.5,250.0,0.5,250.0,0.5,0.5,0.4000000059604645,effective_generation,matched,P32_r_ge_0p5m,dfn_analysis/estimate_kr.py
5,0.5,3.75,-542.180983032383,-542.180983032383,-475.56656914484046,-70.78495720450618,69362.0,-542.180983032383,0.0,laxemar,0.5,250.0,0.5,250.0,0.5,0.5,0.4000000059604645,effective_generation,matched,P32_r_ge_0p5m,dfn_analysis/estimate_kr.py
5,0.5,3.8000000000000003,-542.2120421513138,-542.2120421513138,-475.6135705549638,-70.74487316908738,69362.0,-542.180983032383,0.03105911893078428,laxemar,0.5,250.0,0.5,250.0,0.5,0.5,0.4000000059604645,effective_generation,matched,P32_r_ge_0p5m,dfn_analysis/estimate_kr.py
5,0.5,3.85,-542.2788128701166,-542.2788128701166,-475.6910118036396,-70.71273791028779,69362.0,-542.180983032383,0.09782983773357046,laxemar,0.5,250.0,0.5,250.0,0.5,0.5,0.4000000059604645,effective_generation,matched,P32_r_ge_0p5m,dfn_analysis/estimate_kr.py
5,0.5,3.9000000000000004,-542.3796351933131,-542.3796351933131,-475.7975710576584,-70.68775285158303,69362.0,-542.180983032383,0.1986521609301235,laxemar,0.5,250.0,0.5,250.0,0.5,0.5,0.4000000059604645,effective_generation,matched,P32_r_ge_0p5m,dfn_analysis/estimate_kr.py
5,0.5,3.95,-542.5129616609049,-542.5129616609049,-475.9320143805503,-70.66920183144877,69362.0,-542.180983032383,0.33197862852193794,laxemar,0.5,250.0,0.5,250.0,0.5,0.5,0.4000000059604645,effective_generation,matched,P32_r_ge_0p5m,dfn_analysis/estimate_kr.py
5,0.5,4.0,-542.677347203551,-542.677347203551,-476.09318773261816,-70.65644184874903,69362.0,-542.180983032383,0.4963641711680111,laxemar,0.5,250.0,0.5,250.0,0.5,0.5,0.4000000059604645,effective_generation,matched,P32_r_ge_0p5m,dfn_analysis/estimate_kr.py
5,0.5,4.050000000000001,-542.8714401331138,-542.8714401331138,-476.2800098870465,-70.64889494830709,69362.0,-542.180983032383,0.6904571007307823,laxemar,0.5,250.0,0.5,250.0,0.5,0.5,0.4000000059604645,effective_generation,matched,P32_r_ge_0p5m,dfn_analysis/estimate_kr.py
5,0.5,4.1,-543.0939741195378,-543.0939741195378,-476.49146613866975,-70.6460410928954,69362.0,-542.180983032383,0.9129910871548645,laxemar,0.5,250.0,0.5,250.0,0.5,0.5,0.4000000059604645,effective_generation,matched,P32_r_ge_0p5m,dfn_analysis/estimate_kr.py
5,0.5,4.15,-543.3437610269,-543.3437610269,-476.72660270052415,-70.6474118903629,69362.0,-542.180983032383,1.1627779945170005,laxemar,0.5,250.0,0.5,250.0,0.5,0.5,0.4000000059604645,effective_generation,matched,P32_r_ge_0p5m,dfn_analysis/estimate_kr.py
5,0.5,4.2,-543.6196844998963,-543.6196844998963,-476.9845216988758,-70.6525850636047,69362.0,-542.180983032383,1.4387014675132832,laxemar,0.5,250.0,0.5,250.0,0.5,0.5,0.4000000059604645,effective_generation,matched,P32_r_ge_0p5m,dfn_analysis/estimate_kr.py
5,0.5,4.25,-543.9206942075762,-543.9206942075762,-477.2643766904983,-70.66117956711904,69362.0,-542.180983032383,1.7397111751931789,laxemar,0.5,250.0,0.5,250.0,0.5,0.5,0.4000000059604645,effective_generation,matched,P32_r_ge_0p5m,dfn_analysis/estimate_kr.py
5,0.5,4.300000000000001,-544.245800664256,-544.245800664256,-477.56536863698017,-70.67285126748132,69362.0,-542.180983032383,2.064817631872984,laxemar,0.5,250.0,0.5,250.0,0.5,0.5,0.4000000059604645,effective_generation,matched,P32_r_ge_0p5m,dfn_analysis/estimate_kr.py
5,0.5,4.35,-544.5940705586543,-544.5940705586543,-477.8867422801231,-70.68728911658155,69362.0,-542.180983032383,2.4130875262712834,laxemar,0.5,250.0,0.5,250.0,0.5,0.5,0.4000000059604645,effective_generation,matched,P32_r_ge_0p5m,dfn_analysis/estimate_kr.py
5,0.5,4.4,-544.9646225317076,-544.9646225317076,-478.2277828703237,-70.7042117562599,69362.0,-542.180983032383,2.783639499324636,laxemar,0.5,250.0,0.5,250.0,0.5,0.5,0.4000000059604645,effective_generation,matched,P32_r_ge_0p5m,dfn_analysis/estimate_kr.py
5,0.5,4.45,-545.3566233515229,-545.3566233515229,-478.58781320646244,-70.72336450130426,69362.0,-542.180983032383,3.175640319139916,laxemar,0.5,250.0,0.5,250.0,0.5,0.5,0.4000000059604645,effective_generation,matched,P32_r_ge_0p5m,dfn_analysis/estimate_kr.py
5,0.5,4.5,-545.7692844407347,-545.7692844407347,-478.9661909514423,-70.74451665488124,69362.0,-542.180983032383,3.5883014083517537,laxemar,0.5,250.0,0.5,250.0,0.5,0.5,0.4000000059604645,effective_generation,matched,P32_r_ge_0p5m,dfn_analysis/estimate_kr.py
5,0.5,4.550000000000001,-546.2018587173447,-546.2018587173447,-479.3623061922953,-70.7674591165439,69362.0,-542.180983032383,4.020875684961766,laxemar,0.5,250.0,0.5,250.0,0.5,0.5,0.4000000059604645,effective_generation,matched,P32_r_ge_0p5m,dfn_analysis/estimate_kr.py
5,0.5,4.6,-546.653637715088,-546.653637715088,-479.7755792178409,-70.79200224816393,69362.0,-542.180983032383,4.47265468270507,laxemar,0.5,250.0,0.5,250.0,0.5,0.5,0.4000000059604645,effective_generation,matched,P32_r_ge_0p5m,dfn_analysis/estimate_kr.py
5,0.5,4.65,-547.1239489536339,-547.1239489536339,-480.2054584903545,-70.81797396759842,69362.0,-542.180983032383,4.942965921250902,laxemar,0.5,250.0,0.5,250.0,0.5,0.5,0.4000000059604645,effective_generation,matched,P32_r_ge_0p5m,dfn_analysis/estimate_kr.py
5,0.5,4.7,-547.6121535325838,-547.6121535325838,-480.651418790671,-70.84521804374381,69362.0,-542.180983032383,5.431170500200778,laxemar,0.5,250.0,0.5,250.0,0.5,0.5,0.4000000059604645,effective_generation,matched,P32_r_ge_0p5m,dfn_analysis/estimate_kr.py
5,0.5,4.75,-548.1176439263852,-548.1176439263852,-481.11295951870324,-70.87359256993807,69362.0,-542.180983032383,5.936660894002216,laxemar,0.5,250.0,0.5,250.0,0.5,0.5,0.4000000059604645,effective_generation,matched,P32_r_ge_0p5m,dfn_analysis/estimate_kr.py
5,0.5,4.800000000000001,-548.63984196,-548.63984196,-481.58960313354055,-70.90296859553112,69362.0,-542.180983032383,6.45885892761703,laxemar,0.5,250.0,0.5,250.0,0.5,0.5,0.4000000059604645,effective_generation,matched,P32_r_ge_0p5m,dfn_analysis/estimate_kr.py
5,0.5,4.85,-549.1781969475221,-549.1781969475221,-482.0808937191893,-70.9332288979172,69362.0,-542.180983032383,6.9972139151391275,laxemar,0.5,250.0,0.5,250.0,0.5,0.5,0.4000000059604645,effective_generation,matched,P32_r_ge_0p5m,dfn_analysis/estimate_kr.py
5,0.5,4.9,-549.7321839779829,-549.7321839779829,-482.58639566364604,-70.96426687946817,69362.0,-542.180983032383,7.5512009455999305,laxemar,0.5,250.0,0.5,250.0,0.5,0.5,0.4000000059604645,effective_generation,matched,P32_r_ge_0p5m,dfn_analysis/estimate_kr.py
5,0.5,4.95,-550.3013023343622,-550.3013023343622,-483.10569244041335,-70.99598557566856,69362.0,-542.180983032383,8.12031930197918,laxemar,0.5,250.0,0.5,250.0,0.5,0.5,0.4000000059604645,effective_generation,matched,P32_r_ge_0p5m,dfn_analysis/estimate_kr.py
5,0.5,5.0,-550.8850740333703,-550.8850740333703,-483.6383854827982,-71.0282967623782,69362.0,-542.180983032383,8.704091000987319,laxemar,0.5,250.0,0.5,250.0,0.5,0.5,0.4000000059604645,effective_generation,matched,P32_r_ge_0p5m,dfn_analysis/estimate_kr.py
5,0.5,5.050000000000001,-551.4830424749226,-551.4830424749226,-484.1840931424011,-71.0611201515587,69362.0,-542.180983032383,9.302059442539644,laxemar,0.5,250.0,0.5,250.0,0.5,0.5,0.4000000059604645,effective_generation,matched,P32_r_ge_0p5m,dfn_analysis/estimate_kr.py
5,0.5,5.1,-552.094771191416,-552.094771191416,-484.742449724146,-71.09438266603843,69362.0,-542.180983032383,9.91378815903306,laxemar,0.5,250.0,0.5,250.0,0.5,0.5,0.4000000059604645,effective_generation,matched,P32_r_ge_0p5m,dfn_analysis/estimate_kr.py
5,0.5,5.15,-552.7198426879529,-552.7198426879529,-485.3131045910136,-71.12801778497001,69362.0,-542.180983032383,10.538859655569922,laxemar,0.5,250.0,0.5,250.0,0.5,0.5,0.4000000059604645,effective_generation,matched,P32_r_ge_0p5m,dfn_analysis/estimate_kr.py
5,0.5,5.2,-553.3578573655814,-553.3578573655814,-485.89572133236254,-71.1619649525825,69362.0,-542.180983032383,11.176874333198384,laxemar,0.5,250.0,0.5,250.0,0.5,0.5,0.4000000059604645,effective_generation,matched,P32_r_ge_0p5m,dfn_analysis/estimate_kr.py
5,0.5,5.25,-554.0084325204245,-554.0084325204245,-486.4899769903554,-71.1961690436608,69362.0,-542.180983032383,11.827449488041566,laxemar,0.5,250.0,0.5,250.0,0.5,0.5,0.4000000059604645,effective_generation,matched,P32_r_ge_0p5m,dfn_analysis/estimate_kr.py
5,0.5,5.300000000000001,-554.6712014122871,-554.6712014122871,-487.09556133955994,-71.23057987991777,69362.0,-542.180983032383,12.49021837990415,laxemar,0.5,250.0,0.5,250.0,0.5,0.5,0.4000000059604645,effective_generation,matched,P32_r_ge_0p5m,dfn_analysis/estimate_kr.py
5,0.5,5.35,-555.3458123969583,-555.3458123969583,-487.7121762152922,-71.26515179206613,69362.0,-542.180983032383,13.164829364575326,laxemar,0.5,250.0,0.5,250.0,0.5,0.5,0.4000000059604645,effective_generation,matched,P32_r_ge_0p5m,dfn_analysis/estimate_kr.py
5,0.5,5.4,-556.0319281169948,-556.0319281169948,-488.3395348866994,-71.29984322296647,69362.0,-542.180983032383,13.850945084611794,laxemar,0.5,250.0,0.5,250.0,0.5,0.5,0.4000000059604645,effective_generation,matched,P32_r_ge_0p5m,dfn_analysis/estimate_kr.py
5,0.5,5.45,-556.7292247462611,-556.7292247462611,-488.9773614709707,-71.33461636772748,69362.0,-542.180983032383,14.548241713878156,laxemar,0.5,250.0,0.5,250.0,0.5,0.5,0.4000000059604645,effective_generation,matched,P32_r_ge_0p5m,dfn_analysis/estimate_kr.py
5,0.5,5.5,-557.4373912839562,-557.4373912839562,-489.62539038540365,-71.36943684707792,69362.0,-542.180983032383,15.256408251573248,laxemar,0.5,250.0,0.5,250.0,0.5,0.5,0.4000000059604645,effective_generation,matched,P32_r_ge_0p5m,dfn_analysis/estimate_kr.py
