trace_id,face_id,x_face,p0_x,p0_y,p0_z,p1_x,p1_y,p1_z,set_id,parent_fracture_id,normal_x,normal_y,normal_z
1,1,-0.009629006,0.02427317,-1.3330636,2.9,-0.04353118,-1.6493112,1.6,1,8466,-0.4075918,0.892075,-0.19511819
2,1,0.021301953,0.057021957,5.356325,2.45,-0.014418052,4.9547625,0.6968999,1,29955,-0.25887978,0.94365567,-0.20614381
3,1,0.024561964,0.021986563,4.5374155,1.2,0.027137365,3.7421668,0.05,1,41145,-0.31641462,0.7800077,-0.5398794
4,1,0.041605778,0.07039023,2.4688864,7.35,0.012821328,0.9855595,3.9,1,161829,-0.17545578,0.90553474,-0.38629273
5,1,0.086464524,0.07192186,-1.3990685,7.75,0.10100718,-1.2734976,6.5,1,169022,-0.21684165,0.9717624,0.09304579
6,1,-0.01251442,-0.018531177,-3.6146848,6.55,-0.006497661,-2.592178,4.3,1,190299,-0.818149,0.5249956,0.234546
7,1,0.014222403,0.023554632,0.2618571,0.85,0.0048901746,0.12855536,0.05,1,204735,-0.24425538,0.957453,-0.15369776
8,1,0.019938,0.030316792,4.2661715,5.9,0.0095592085,4.221307,5.75,1,328735,-0.073658615,0.9581999,-0.27645484
9,1,-0.011153313,-0.05994926,-4.4761367,3.9,0.03764263,-4.8749576,0.05,1,364605,-0.28668755,0.9521726,-0.10572428
10,1,0.02253998,0.044311926,-2.044035,2.9,0.0007680348,-3.3452373,0.9852745,1,385435,-0.3185651,0.7871348,-0.528143
11,1,0.01688355,0.014956678,1.8323721,7.6,0.018810421,1.8429983,7.5,1,437309,0.10000204,0.9885232,0.11323206
12,1,-0.008685367,-0.07964793,-5.339848,3.8,0.062277194,-4.315848,1.6,1,448968,-0.62243587,0.72417873,0.29688177
13,1,0.042426903,0.053420942,3.6387775,0.9,0.031432863,3.6597536,0.05,1,512832,-0.073347464,0.9969603,0.02627425
14,1,-0.015045499,-0.07390775,-4.1452374,5.202744,0.043816753,-3.027008,3.5,1,564647,-0.32326984,0.80109584,0.50372815
15,1,-0.033515554,-0.048782557,4.4846077,4.75,-0.01824855,4.283554,3.1,1,579500,-0.4577949,0.8814328,-0.11619001
16,1,-0.02740119,-0.0069080275,4.532534,5.55,-0.047894355,4.7186904,4.9,1,630053,-0.67357033,0.6980965,0.24282569
17,1,0.09424085,0.086705804,-0.35004053,7.9,0.1017759,-0.595403,5.55,1,718924,-0.66835153,0.7392416,-0.0826321
18,1,0.015633235,0.034504052,-1.3728092,3.35,-0.0032375855,-1.163384,2.35,1,723371,0.15958485,0.96741515,0.196572
19,1,0.0043522697,0.027109014,-1.8796257,0.05,-0.018404474,-2.0451653,1.65,2,768884,0.9161036,-0.4006487,-0.015325139
20,1,-0.0030492977,-0.0018786374,-4.195237,0.024980115,-0.004219958,-4.1848125,0.05,2,908254,0.9819792,-0.16517328,0.091840066
21,1,-0.004883147,-0.0020221574,-1.0452373,2.3885338,-0.007744136,-2.5452373,4.3692503,2,908511,0.88675904,-0.37038204,-0.27654204
22,1,0.011631376,0.022716487,3.7547626,0.046191365,0.000546266,4.4778423,0.8,2,966653,0.9679401,-0.1660321,0.18848176
23,1,-0.0004548605,0.0153976185,0.8547627,4.9256454,-0.01630734,2.4137275,6.1,2,999915,0.90403694,-0.24498563,0.35028452
24,1,0.097628176,0.07558217,0.75476265,0.94183946,0.11967419,1.5047626,0.84615195,2,1100185,0.99146384,-0.043788627,0.12280896
25,1,0.11484815,0.12720409,-0.82870764,6.75,0.102492206,-0.7134198,7.85,2,1127462,0.93511504,-0.34919587,0.060183536
26,1,0.06371843,0.04815226,3.4547627,0.010010507,0.0792846,3.1547627,0.36089295,2,1288528,0.8767954,-0.3239521,-0.35536572
27,1,-0.028445497,-0.024028914,4.666332,5.35,-0.03286208,5.0793676,4.05,2,1422774,0.9559717,0.28144494,0.08310694
28,1,-0.059786607,-0.07684173,-4.472535,5.65,-0.042731483,-4.0413256,6.15,2,1494524,0.9085827,-0.34427878,0.23653671
29,1,0.0751124,0.07400623,-5.195237,0.788796,0.07621857,-5.2952375,0.8170432,2,1518337,0.8529503,-0.10486244,-0.5113508
30,1,0.060919613,0.0067273,0.20476267,0.040702276,0.115111925,1.5047626,0.7773382,2,1553051,0.9736125,-0.16982119,0.15244505
31,1,0.036908038,0.0298035,5.378957,1.1,0.04401258,4.7047625,1.8132046,2,1604485,0.9840401,-0.11940988,-0.1319332
32,1,-0.0029648847,0.009472649,-0.29523733,3.857276e-05,-0.015402418,-0.94523734,0.34514296,2,1778297,0.95265526,-0.17611638,-0.24785273
33,1,-0.0034074823,-0.008330794,-3.3417597,0.05,0.0015158296,-3.5300243,0.9,2,2134256,0.86598736,-0.48612073,-0.11727116
34,1,-0.0062426566,-0.0033911832,1.5069503,7.65,-0.00909413,1.4547627,7.724695,2,2199389,0.9688295,-0.2402123,-0.060559485
35,1,-0.01148908,0.042945057,-5.4818726,1.75,-0.065923214,-5.014361,3.7,2,2451116,0.83035314,-0.52967554,0.17308229
36,1,-0.010094324,0.014553771,-2.2588441,0.1,-0.03474242,-2.0885005,1.35,3,2477730,-0.46874756,-0.8775719,0.100713864
37,1,0.05935861,0.03517325,1.2047744,3.55,0.08354397,0.29128897,5.4,3,2622032,-0.5091179,-0.7771697,-0.36987332
38,1,-0.0139724165,0.007919034,-0.42163888,0.05,-0.03586387,-0.6452373,1.5636337,3,2794432,-0.5394145,-0.8306717,-0.13790001
39,1,0.008708459,0.06351334,-3.0293624,3.25,-0.046096418,-4.055188,6.1,3,2838541,-0.06133615,-0.93839,-0.34009126
40,1,0.007954905,0.002594332,-4.3452373,0.035976604,0.013315478,-4.375974,0.5,3,2870582,-0.895918,-0.44408208,-0.011048661
41,1,-0.02214393,-0.00043881286,4.5047626,2.8930283,-0.043849047,5.115341,4.4,3,2887291,-0.4999361,-0.8073818,0.31336638
42,1,0.03724374,0.031432863,3.6971605,0.05,0.043054614,3.7033172,1.85,3,2898063,-0.32287654,-0.946425,0.005518305
43,1,-0.014196229,-0.015257649,4.2706966,3.05,-0.013134809,4.1845665,5.55,3,2924421,-0.7211909,-0.69236195,-0.022772301
44,1,0.09310141,0.11300835,-0.63542163,5.95,0.07319448,-0.18629064,7.9,3,2935281,-0.72930276,-0.6699143,0.13904063
45,1,-0.03283957,0.0034899765,-4.172744,0.55,-0.06916912,-4.38593,5.75,3,2969794,-0.63607484,-0.77057457,-0.04029383
46,1,0.002280806,0.017023684,4.1736846,0.95,-0.012462073,3.8148336,2.7,3,3029918,-0.6004719,-0.78135085,-0.17007153
47,1,0.02042605,-0.025744865,4.531269,3.65,0.06659696,3.9346895,6.25,3,3041881,-0.53904563,-0.82495844,-0.16992158
48,1,0.01661171,-0.0018786374,-4.195237,0.010942236,0.035102054,-3.258008,1.35,3,3057506,-0.6075055,-0.6425892,0.46692204
49,1,0.06798788,0.07547107,-1.7004006,6.7,0.06050469,-1.5578042,7.7,3,3283595,-0.90808237,-0.41624057,0.046154745
50,1,0.029189209,0.07945275,-2.749959,2.9,-0.021074334,-2.6545768,4.65,3,3291878,-0.69383174,-0.72013706,0.00040320284
51,1,0.12261459,0.09580479,2.625282,0.05,0.1494244,2.6414557,1.3,3,3322790,-0.50757885,-0.8610096,0.032035053
52,1,-0.026680876,-0.05429182,5.0047626,0.018564364,0.0009300658,4.7464314,0.85,3,3414730,-0.10595084,-0.95153785,-0.28870434
53,1,0.1110106,0.10929412,0.57669485,1.8,0.11272709,1.0047626,2.70588,3,3424512,-0.72578484,-0.62181133,0.29425675
54,1,0.09642972,0.08305475,2.9547627,0.04725759,0.10980469,2.7030585,0.4,3,3444123,-0.82986075,-0.4793206,-0.28562716
55,1,0.028183654,0.035137553,-2.1499352,7.15,0.021229757,-2.0560837,7.55,3,3530808,-0.39080507,-0.8990397,0.19748165
56,1,0.10810528,0.14939451,2.0252335,0.95,0.06681604,2.0192592,2.95,3,3533501,-0.23057102,-0.97297454,-0.012553276
57,1,0.08335904,0.05704979,3.6047628,1.5696592,0.1096683,1.8759959,2.65,3,3543858,0.16790037,-0.51878697,-0.83825386
58,1,-0.035076078,-0.02141291,4.365368,0.05,-0.048739247,4.9840913,4.75,3,3547316,-0.399124,-0.90934086,0.117470264
59,1,0.019473646,-0.0074574007,-0.041870855,0.75,0.046404693,-0.7612841,3.6,3,3705002,-0.47387406,-0.8558921,-0.20710403
60,1,0.027701257,0.023865156,-4.6947575,0.05,0.031537358,-4.7315803,0.25,3,3802371,-0.5755845,-0.80744016,-0.12939441
61,1,-0.03216157,-0.039291736,-3.254057,4.75,-0.025031406,-3.2388055,5.8,3,3808545,-0.15658444,-0.98752993,0.016306492
62,1,0.07642912,0.07530097,5.5047626,1.8204808,0.07755728,3.0547626,0.020280946,4,3878550,0.28064314,0.56850064,-0.7733346
63,1,0.04718884,0.002746195,0.6547627,7.8681626,0.09163149,-3.7952373,2.193906,4,3884933,0.34461397,0.7413616,-0.5758682
64,1,0.00050672446,0.064041406,0.4047627,7.438772,-0.063027956,-4.2452374,5.795577,4,3933153,0.0027397377,0.3331188,-0.94288087
65,1,0.047103446,0.099135466,2.8547628,7.127661,-0.0049285716,-5.4952374,2.5498815,4,3934136,0.17523141,0.47157723,-0.8642389
66,1,0.052593224,0.030316792,4.256471,5.9,0.074869655,-0.99523735,4.966851,4,3935807,-0.29180562,0.16491872,-0.9421525
67,1,0.06625422,0.054951165,5.5047626,2.625054,0.07755728,3.0547626,0.009919008,4,3942944,0.088947535,0.72728986,-0.6805423
68,1,0.040900744,0.071467996,5.4547625,1.7015977,0.010333492,3.9047627,0.03065236,4,3944429,0.22037317,0.711086,-0.66767687
69,1,-0.03442316,0.003992758,-1.9952374,4.5170145,-0.07283908,-5.3452373,3.718448,4,3945818,0.2939684,0.2149611,-0.9313293
70,1,-0.035894856,-0.04375903,4.8547626,5.0104275,-0.028030682,3.2047627,3.7327247,4,3949402,0.086918645,0.61045116,-0.7872703
71,1,0.017084291,0.019964177,1.875646,3.5,0.014204404,0.34740973,0.5,4,3964077,0.0145775685,0.89094853,-0.45387024
72,1,-0.091328986,-0.086953215,-4.5452375,5.4168534,-0.09570476,-4.6512423,5.35,4,3967207,-0.27636102,0.5257741,-0.8044788
73,1,0.0016625606,0.10168338,3.5047626,6.654516,-0.09835826,-5.2452374,4.1180353,4,3995761,-0.014641017,0.27870187,-0.96026605
74,1,0.0001530792,-0.0069080275,4.5254173,5.55,0.007214186,-0.14523733,0.015332419,4,4000087,0.03907703,0.76369965,-0.6443879
75,1,0.05869812,0.09325636,3.1047628,0.69189066,0.02413988,0.8547627,0.0073351664,4,4002460,0.38612148,0.25744408,-0.885795
76,1,-0.015316775,-0.037350044,4.7547626,5.1726303,0.006716492,-0.09523733,0.04961792,4,4003495,0.29057723,0.6959939,-0.65662575
77,1,0.058988,0.04393077,2.0047626,7.0130863,0.07404523,0.19044237,2.25,4,4007496,0.3179518,0.88674986,-0.3355314
78,1,0.030528164,0.040908437,4.162921,6.0,0.02014789,0.75476265,0.042943537,4,4018219,0.43005288,0.7830122,-0.44938445
79,1,0.02848217,0.04616151,4.1047626,6.081063,0.0108028315,-2.0452373,5.4485774,4,4022174,0.13425739,0.10055182,-0.9858318
80,1,0.024164643,-0.024620617,4.6047626,5.370457,0.0729499,-5.195237,0.57600933,4,4029604,0.14469749,0.43594074,-0.88826704
81,1,-0.03345939,-0.04208589,5.1047626,0.31470633,-0.024832891,4.4047627,0.009090604,4,4032274,0.18901376,0.39661124,-0.8983169
82,1,-0.0067056445,-0.03136653,3.8047626,3.355534,0.01795524,-0.6452373,0.032419536,4,4032961,-0.1266457,0.5926918,-0.79541016
83,1,0.08556631,0.114081785,3.0047626,1.0685434,0.057050843,1.5547627,0.012024249,4,4034215,-0.3965517,0.55020046,-0.7348648
84,1,0.08118227,0.09000173,-2.9452374,2.3558896,0.07236281,-5.3952374,1.1785327,4,4037148,-0.06380547,0.43265045,-0.8993011
85,1,0.046026867,0.016151134,5.4547625,3.2899232,0.0759026,1.8547627,0.006095045,4,4038155,0.35426465,0.6335505,-0.68783015
86,1,0.1215369,0.097956575,3.5717604,6.6,0.14511724,2.70326,1.5,4,4058786,-0.08405716,0.98220384,-0.1679582
87,1,0.068207294,0.09552264,2.7810884,7.2,0.040891938,-2.297341,3.45,4,4059071,0.024319071,0.59366435,-0.8043452
88,1,-0.043793224,-0.043557703,-3.3257308,5.0,-0.044028744,-5.448612,3.2,4,4065929,0.15576693,0.6388491,-0.75339794
89,1,0.03622536,-0.0029304735,5.3547626,3.5631335,0.07538119,1.2351463,0.5,4,4073654,0.26463872,0.5787467,-0.7713745
90,1,0.06243494,-0.04852713,5.0047626,4.650963,0.173397,1.7464825,1.45,4,4075733,-0.016933672,0.7001151,-0.71382916
91,1,0.04463233,-0.005414902,5.267453,0.75,0.09467956,2.5047626,0.010687698,4,4078059,0.53043395,0.23709075,-0.81389666
92,1,0.12267247,0.07281915,5.4547625,1.7710899,0.17252578,2.1047628,1.7366648,4,4078466,-0.0037835897,0.010164472,-0.9999412
93,1,-0.009847567,-0.0467797,-1.7510191,0.65,0.027084565,-2.3452373,0.048672616,4,4080215,0.099248774,0.71338207,-0.6937116
94,1,0.027374437,0.040908437,4.1547627,6.0199194,0.013840437,0.84150624,4.7,4,4095904,-0.38338158,0.34506992,-0.8567061
95,1,0.09406969,0.101246856,2.2547626,0.20293497,0.08689252,2.1047628,0.0036169307,4,4110884,-0.17325246,0.7928829,-0.5842262
96,1,0.019111842,0.02463304,5.4547625,3.1161597,0.013590644,-3.4952374,3.7470496,4,4114882,0.21282627,-0.06904318,-0.97464764
97,1,0.021822847,-0.027115311,5.2676706,4.0,0.07076101,1.8047627,0.0021837372,4,4114994,-0.078513384,0.7525545,-0.65383285
98,1,-0.039932977,-0.007026873,1.1547626,4.981936,-0.07283908,-5.3452373,3.7104752,4,4127457,0.49205205,0.16221362,-0.85531956
99,1,0.08161863,0.080672294,1.9547627,0.044141907,0.08256496,1.8047627,0.2012807,5,4289339,-0.6604444,-0.54777104,-0.51357585
100,1,0.05459795,0.055226132,-1.2452374,4.6927333,0.05396977,-1.8104044,6.15,5,4364750,-0.49230903,-0.811573,-0.31461254
101,1,0.05790408,0.100525394,-1.3294339,6.6,0.015282764,-2.2068114,7.45,5,4441056,-0.7921822,-0.3842134,-0.4741597
102,1,0.061146136,0.05427084,1.4547627,0.021180753,0.06802143,0.8137113,0.75,5,4579399,-0.9005825,-0.33440918,-0.27770793
103,1,0.012712353,0.039256077,-5.0952373,2.1499095,-0.013831373,-5.4952374,2.653709,5,4614872,-0.8280689,-0.3973894,-0.3954536
104,1,0.050914902,0.014687309,0.50476265,7.8873806,0.08714249,-1.3452374,7.634114,5,4654766,-0.7533584,0.059414208,-0.65492064
105,1,0.013295293,0.06073506,-4.6078005,1.65,-0.034144476,-5.4952374,3.0215037,5,4693865,-0.771548,-0.5085537,-0.38221315
106,1,-0.012619217,-0.013375795,3.6547627,5.742145,-0.011862638,2.7547626,6.129144,5,4695416,-0.9090069,-0.16522928,-0.3826301
107,1,0.108788304,0.16883656,2.273243,1.55,0.048740048,0.24240603,4.45,5,4763226,-0.67655134,-0.589572,-0.44122908
108,2,3.0210805,3.0547144,3.6850386,6.5,2.9874468,3.2031639,3.95,1,67239,-0.4170901,0.8949807,-0.15825738
109,2,3.0608342,3.0494268,-2.3735332,7.4,3.0722415,-3.9952374,5.5866413,1,154119,-0.51338965,0.6365079,-0.57557684
110,2,3.1600595,3.1831546,-0.0092461975,5.35,3.1369646,0.016692957,4.15,1,171406,-0.4563725,0.8890175,0.03704046
111,2,3.0067043,2.9732769,3.7010899,3.3,3.0401316,4.0047626,1.0470207,1,229094,-0.35724393,0.9269041,0.115002714
112,2,2.9801993,3.1089525,-0.8357217,3.95,2.8514464,-1.2198225,1.1,1,249218,-0.15346235,0.98103714,-0.11838666
113,2,3.083633,3.0898833,3.0403564,6.35,3.0773823,2.0394402,4.15,1,277291,-0.5705212,0.7489833,-0.3369415
114,2,2.9812229,2.979621,-3.6166327,3.4,2.9828248,-3.982307,0.1,1,364605,-0.28668755,0.9521726,-0.10572428
115,2,2.9085238,2.9561281,-0.57570565,2.0,2.8609195,-0.923609,0.05,1,438300,-0.5827139,0.8044929,-0.1150465
116,2,3.0940194,3.0841367,-1.7885379,7.0,3.1039019,-1.8557483,6.75,1,463451,-0.24153574,0.93226945,-0.26932174
117,2,3.0413957,3.0890095,-3.4614568,6.35,2.993782,-3.7350023,3.65,1,681948,-0.19771731,0.9759505,-0.09180709
118,2,3.1544106,3.1234434,-0.43433237,6.25,3.1853778,0.42090315,4.7,1,692657,-0.37629068,0.81750554,0.4359931
119,2,3.1398473,3.1597927,-1.6549712,5.65,3.1199021,-1.2339593,4.2,1,748325,-0.19491018,0.9404724,0.27842718
120,2,2.999188,3.0351892,-3.840562,4.25,2.963187,-4.9952374,4.730834,2,801498,0.87083626,-0.23044606,-0.43421057
121,2,3.0543952,3.0725543,-0.83738786,6.9,3.036236,-1.6452373,7.6874366,2,998760,0.9722485,-0.18550625,-0.14254913
122,2,2.9660387,2.9765036,-4.945237,0.884841,2.9555738,-5.3952374,1.112888,2,1144174,0.95938855,-0.16010882,-0.2322472
123,2,3.1322184,3.162835,-1.3164053,5.55,3.1016018,-1.6998075,6.75,2,1149481,0.8739458,-0.47426295,-0.106270604
124,2,3.1175303,3.1333237,3.8047626,0.018365184,3.1017368,4.054763,0.26208687,2,1260465,0.9193668,-0.20925061,0.33313495
125,2,3.1179154,3.1062913,2.170298,4.95,3.1295393,2.033279,6.35,2,1268723,0.8871294,-0.4576479,-0.059663948
126,2,2.9976761,2.9856021,4.804763,2.0366855,3.0097501,2.523083,3.65,2,1326357,0.97749555,-0.11540764,-0.17658845
127,2,3.0334427,3.065541,2.7547626,1.4936436,3.0013444,5.1547627,4.2532516,2,1382987,0.8325815,-0.40867165,0.37389234
128,2,3.1188715,3.1582801,-1.2452374,4.919721,3.0794628,-2.4452374,4.2320805,2,1551279,0.98686814,0.027855774,-0.15910798
129,2,3.021725,3.0282824,4.3913884,4.75,3.0151675,4.7047625,5.2867236,2,1921881,0.9665988,-0.21122919,0.14515156
130,2,2.9362228,2.948369,-4.23365,2.4,2.9240763,-5.2452374,4.1635075,2,1950811,0.9529824,-0.26720884,-0.14291224
131,2,2.9315634,2.9424307,-3.4452374,1.5666478,2.9206958,-5.2750196,4.0,2,2022311,0.74582595,-0.53532225,-0.3964514
132,2,3.1087265,3.1494365,2.2859173,0.05,3.0680163,1.7547626,1.6320863,2,2134256,0.86598736,-0.48612073,-0.11727116
133,2,2.9116485,2.9135945,-5.232082,3.6,2.9097025,-5.3452373,3.765841,2,2389227,0.937713,-0.29840225,-0.17790568
134,2,2.9639957,2.8587542,-1.624792,0.05,3.0692375,1.2415782,7.8,2,2451116,0.83035314,-0.52967554,0.17308229
135,2,3.1044207,3.1468585,0.1329195,6.1,3.061983,1.0685831,7.85,3,2542913,-0.6815229,-0.6590031,0.31818467
136,2,3.07128,3.0802274,4.6547627,0.0031974476,3.0623329,3.1921492,6.9,3,2673183,-0.49852937,-0.847721,-0.18121165
137,2,2.9922786,2.8883998,-2.1106515,1.75,3.0961573,-1.0207288,3.8,3,2785828,-0.6401087,-0.6494122,0.41051748
138,2,2.9716923,2.9920752,-4.29615,0.05,2.9513094,-4.294167,1.95,3,2837996,-0.44020367,-0.8978603,-0.0082262345
139,2,3.0299206,3.0049584,-3.3952372,3.728639,3.054883,-4.203607,5.95,3,2838541,-0.06133615,-0.93839,-0.34009126
140,2,3.1207187,3.1522667,-1.5952374,4.9451513,3.0891707,-2.897927,6.75,3,2972918,-0.21217278,-0.7888472,-0.576804
141,2,2.9312744,2.8486564,-1.2952373,1.0712613,3.0138927,-3.8977163,4.0,3,3016562,-0.11642838,-0.74570197,-0.6560282
142,2,3.070159,3.0764537,4.7047625,0.015549975,3.0638645,4.2815843,0.55,3,3035165,-0.42098007,-0.70604926,-0.56944734
143,2,3.037255,3.0438886,0.99112594,0.05,3.0306218,0.94089735,0.6,3,3051468,-0.07396346,-0.9929609,-0.09250983
144,2,3.1186693,3.1487923,-0.7789037,4.55,3.0885463,-0.94223017,6.7,3,3156196,-0.64722276,-0.758518,-0.07584953
145,2,3.0994418,3.1220675,2.9467773,0.65,3.0768163,2.8923454,1.25,3,3199418,-0.2067936,-0.9728416,-0.10399813
146,2,2.8791,2.8992648,-5.240442,1.95,2.8589354,-5.5129266,2.5,3,3202863,-0.32636413,-0.83789545,-0.43751302
147,2,3.0636559,2.9762003,-1.0221432,2.4,3.1511114,-2.2792823,5.6,3,3277769,-0.5193129,-0.80465615,-0.28782386
148,2,2.9747503,2.9159303,-0.24523732,0.003310762,3.0335703,0.9047627,1.2607198,3,3281007,-0.049782366,-0.73467946,0.6765854
149,2,3.1147144,3.129201,2.0595868,5.35,3.1002276,1.9823872,7.55,3,3312570,-0.56864923,-0.8217824,-0.03621783
150,2,3.1028447,3.108639,1.9151479,4.5,3.0970502,2.4780476,6.95,3,3404117,0.13144812,-0.96601546,0.22256581
151,2,3.0186417,2.9808881,4.0489492,3.6,3.056395,3.7819703,5.0,3,3438878,-0.3906469,-0.90783906,-0.15239184
152,2,3.1081927,3.1613913,2.9681969,0.05,3.0549939,3.8293629,6.35,3,3547316,-0.399124,-0.90934086,0.117470264
153,2,3.0753477,3.02111,-0.5952373,2.7331836,3.1295853,-2.708644,5.25,3,3588423,-0.5086017,-0.6699098,-0.5408744
154,2,3.0079331,2.9548457,-3.8780887,1.5,3.0610209,-4.144264,6.05,3,3648958,-0.61963475,-0.78426313,-0.031370535
155,2,3.1026382,3.0637329,1.1755354,0.05,3.1415434,1.8846018,5.15,3,3682856,-0.36215985,-0.9225135,0.13345079
156,2,3.0421941,3.0531979,-0.045237325,7.336946,3.0311906,0.45476267,7.912878,3,3749578,-0.8244097,-0.44156662,0.35407275
157,2,2.9766023,2.8885841,-2.3651178,1.55,3.0646207,-3.075687,7.0,3,3802387,-0.7303818,-0.67996037,-0.064779155
158,2,3.0680952,3.0380847,5.5047626,2.8959756,3.0981057,1.5547627,0.014991266,4,3878550,0.28064314,0.56850064,-0.7733346
159,2,2.9555423,3.0195296,-0.74523735,7.8716793,2.8915548,-5.4039392,1.8,4,3884933,0.34461397,0.7413616,-0.5758682
160,2,3.0954778,3.0913815,1.7047627,3.978395,3.099574,-0.3452373,3.7734435,4,3906031,0.12081075,0.099213354,-0.9877052
161,2,3.0095427,3.0394049,5.464564,3.2,2.9796808,5.083268,1.7,4,3912768,-0.24730653,0.9414032,-0.22934586
162,2,3.1640837,3.1374974,1.9047626,6.238073,3.1906698,0.20476267,5.3462424,4,3914309,0.36229074,0.4418628,-0.8206721
163,2,3.0622983,3.0516016,3.669147,6.55,3.0729947,3.4047627,6.440583,4,3930309,-0.32522297,0.34024343,-0.88230634
164,2,3.1033356,3.0903537,2.5547626,7.292409,3.1163175,1.5547627,7.016719,4,3933064,-0.016284097,0.26531777,-0.96402353
165,2,3.0652652,3.055887,0.054762673,7.323817,3.0746434,-3.9452374,5.9106793,4,3933153,0.0027397377,0.3331188,-0.94288087
166,2,2.9883401,3.0981913,2.2547626,7.407982,2.878489,-5.467846,3.15,4,3934136,0.17523141,0.47157723,-0.8642389
167,2,3.066307,3.0070748,4.804763,5.074068,3.1255395,1.7047627,4.4938807,4,3935807,-0.29180562,0.16491872,-0.9421525
168,2,3.0628405,3.1614819,-1.4952374,5.628154,2.9641988,-4.9952374,4.7601304,4,3945818,0.2939684,0.2149611,-0.9313293
169,2,3.0228395,3.0151675,4.72859,5.25,3.0305119,2.0178952,3.15,4,3949402,0.086918645,0.61045116,-0.7872703
170,2,3.0193284,3.0907724,3.175372,6.15,2.9478846,0.054762673,0.019651607,4,3964077,0.0145775685,0.89094853,-0.45387024
171,2,2.9832635,3.0496616,-4.0452375,4.6660495,2.9168653,-5.2952375,3.8945525,4,3967207,-0.27636102,0.5257741,-0.8044788
172,2,3.0429583,2.9751887,5.304763,0.90163106,3.1107275,4.2047625,0.0017151837,4,3973543,0.2034173,0.6348491,-0.7453778
173,2,3.0510972,3.133285,-1.9452373,4.7341456,2.9689095,-4.8952374,4.336364,4,3989338,0.3119389,0.109798014,-0.94373643
174,2,3.056276,3.061983,1.0547627,7.8371854,3.050569,-2.3452373,7.408818,4,3992991,-0.3026298,0.12003308,-0.94551957
175,2,3.0078287,3.0937872,2.8547628,6.420262,2.9218705,-5.2452374,4.0718966,4,3995761,-0.014641017,0.27870187,-0.96026605
176,2,2.9726477,3.034394,4.4547625,5.6506724,2.9109013,-0.29523733,0.013683388,4,4000087,0.03907703,0.76369965,-0.6443879
177,2,3.0041032,3.0313258,5.5047626,2.6698427,2.9768803,-3.5952373,0.0009677679,4,4002460,0.38612148,0.25744408,-0.885795
178,2,3.0425131,3.047505,4.2047625,5.954083,3.0375214,0.9498207,2.5,4,4003495,0.29057723,0.6959939,-0.65662575
179,2,2.9614909,3.0692375,1.2175621,7.8,2.8537445,-1.5805174,0.2,4,4007496,0.3179518,0.88674986,-0.3355314
180,2,2.9654026,3.0648382,3.0768912,7.0,2.865967,-0.804644,0.05,4,4018219,0.43005288,0.7830122,-0.44938445
181,2,3.0964563,3.0517945,3.7547626,6.4540453,3.1411178,-0.29523733,6.053126,4,4022174,0.13425739,0.10055182,-0.9858318
182,2,3.0056517,3.0414767,4.361223,5.75,2.9698267,-5.3452373,0.97438216,4,4029604,0.14469749,0.43594074,-0.88826704
183,2,2.9573917,2.9778113,3.7047627,2.8018959,2.9369721,-0.045237325,0.014161543,4,4032961,-0.1266457,0.5926918,-0.79541016
184,2,3.122425,3.1115265,4.002797,0.2,3.1333237,3.8047626,0.03976738,4,4034215,-0.3965517,0.55020046,-0.7348648
185,2,2.9845328,2.9992387,-1.5452373,2.822855,2.9698267,-5.3452373,0.9972364,4,4037148,-0.06380547,0.43265045,-0.8993011
186,2,2.9828174,2.995598,5.1047626,4.5032,2.9700367,0.25476268,0.02257611,4,4038155,0.35426465,0.6335505,-0.68783015
187,2,3.0486772,3.042293,-0.29523733,7.433313,3.055061,-2.3452373,7.395397,4,4068000,-0.14042372,0.017586663,-0.9899353
188,2,3.0290475,2.997955,5.1047626,4.4052787,3.06014,1.6547626,1.8377737,4,4073654,0.26463872,0.5787467,-0.7713745
189,2,3.0324087,2.997263,5.0264487,4.6,3.0675545,2.0203834,1.65,4,4075733,-0.016933672,0.7001151,-0.71382916
190,2,3.0111914,3.0366757,5.5047626,2.8017294,2.985707,-3.9952374,0.0010789621,4,4078059,0.53043395,0.23709075,-0.81389666
191,2,3.0204701,2.981414,5.4547625,1.760084,3.059526,2.4047627,1.7287933,4,4078466,-0.0037835897,0.010164472,-0.9999412
192,2,2.9289815,2.9174848,-0.99523735,1.851454,2.9404783,-2.7952373,0.0036623934,4,4080215,0.099248774,0.71338207,-0.6937116
193,2,3.1607926,3.1566486,2.88331,0.15,3.1649365,2.8047626,0.041500207,4,4110884,-0.17325246,0.7928829,-0.5842262
194,2,3.1099558,3.177646,1.3047627,5.708822,3.0422657,-4.0452375,4.526224,4,4113548,-0.15336624,0.2169366,-0.9640629
195,2,3.0452151,3.0057287,4.9047627,3.806267,3.0847015,-2.5952373,4.3548994,4,4114882,0.21282627,-0.06904318,-0.97464764
196,2,3.0855632,3.024379,5.3547626,3.733984,3.1467474,2.1547627,0.036197502,4,4114994,-0.078513384,0.7525545,-0.65383285
197,2,3.052035,3.0694005,2.9547627,7.0921297,3.0346696,-4.445237,5.671785,4,4127457,0.49205205,0.16221362,-0.85531956
198,2,3.0193217,3.0732033,-1.4452373,3.6388476,2.9654398,-5.3452373,1.0499032,4,4140642,-0.311821,0.53185946,-0.78733295
199,2,2.875712,2.853322,-1.3452374,0.001206416,2.8981016,-2.614633,1.3,5,4289339,-0.6604444,-0.54777104,-0.51357585
200,2,3.036054,3.0398762,4.1632876,0.9,3.0322316,2.0512862,2.55,5,4410729,-0.58330923,-0.49857688,-0.64122653
201,2,3.026996,3.083029,-3.2952373,4.7344933,2.9709628,-4.945237,4.833552,5,4445929,-0.5073463,-0.01861828,-0.86154115
202,2,3.006939,2.991702,0.545462,0.75,3.0221758,-0.5452373,2.703651,5,4449305,-0.7694735,-0.56205934,-0.3033148
203,2,3.0514045,3.0510216,4.349864,5.5,3.0517871,4.2462063,5.85,5,4470783,-0.8130637,-0.55877393,-0.16339876
204,2,3.0706823,3.0392132,4.054763,4.821714,3.1021514,2.8047626,5.8607144,5,4513795,-0.47254333,-0.5767122,-0.6664127
205,2,3.0568583,3.0958464,1.7858617,7.65,3.0178704,-0.29523733,7.9055085,5,4647831,-0.7455134,-0.05332123,-0.6643543
206,2,3.0863042,3.1306949,-1.8535047,6.35,3.0419135,-2.0454357,7.55,5,4850932,-0.86503386,-0.48168784,-0.14033264
207,2,2.9820645,2.9646578,-2.540285,2.8,2.9994712,-3.612779,3.7,5,4858320,-0.6851631,-0.48135802,-0.5466681
208,3,6.0485463,6.0211587,3.1299746,6.3,6.075934,3.2774665,4.4,1,87749,-0.15461336,0.98535097,0.0719592
209,3,6.0013328,5.9921136,1.4584893,7.7,6.010552,1.3547627,7.4261055,1,395597,-0.677879,0.6721229,-0.29787728
210,3,5.911876,5.949889,-4.9038544,2.15,5.873863,-4.9743495,0.4,1,438281,0.058663625,0.99736434,-0.042695686
211,3,5.999379,5.986814,1.6489264,7.65,6.0119443,1.9341929,6.85,1,465773,-0.37445033,0.87720984,0.30048272
212,3,6.0310597,6.025433,-2.1078281,7.5,6.0366864,-2.0733306,6.75,1,602883,-0.34253666,0.9387177,0.03843992
213,3,6.098273,6.0920925,1.4626712,3.1,6.104453,1.2722284,0.05,1,724122,-0.014986602,0.9979402,-0.06237592
214,3,6.0851827,6.1150274,-1.1952373,3.5048747,6.055338,1.4547627,4.707675,2,791567,0.92286193,-0.14163533,0.35814142
215,3,6.058438,6.0069613,-2.7452374,7.2194734,6.1099143,-1.853613,5.35,2,931180,0.99318165,0.0722689,0.09147377
216,3,6.013556,5.9810457,-2.6242557,3.25,6.0460668,-3.7260075,6.45,2,1317917,0.92306626,-0.3576062,-0.1416561
217,3,6.141849,6.158414,3.9833283,3.3,6.1252837,4.8577595,5.05,2,1373568,0.87922436,-0.41941607,0.22595277
218,3,6.157292,6.156989,4.6047626,3.943442,6.1575947,4.7547626,3.9874334,2,1376986,0.9528719,-0.090999946,0.28940305
219,3,6.043079,6.045196,-4.9952374,4.726893,6.0409617,-4.1452374,5.3200974,2,1476386,0.9346062,-0.20236085,0.2925087
220,3,6.0066295,5.9391994,-2.0452373,0.5102776,6.0740595,-0.19523732,0.5136828,2,1744226,0.8323613,-0.061757647,0.5507819
221,3,6.011508,5.9867277,-4.5445085,2.85,6.0362887,-5.3952374,3.5644677,2,1914182,0.83427936,-0.32486644,-0.4454658
222,3,6.0070066,5.9948792,2.1547627,7.068872,6.019134,1.7047627,6.867291,2,1993697,0.95452964,0.1635685,-0.24923576
223,3,6.0767484,6.139186,-0.054019902,3.0,6.014311,-3.1452372,6.937687,2,2022311,0.74582595,-0.53532225,-0.3964514
224,3,6.125957,6.150922,2.214355,1.7,6.1009917,1.0047626,3.4500132,2,2065645,0.80272156,-0.50114733,-0.3232483
225,3,6.059534,6.05677,-1.3869683,7.1,6.062298,-1.366339,7.75,2,2104618,0.9223439,-0.3863607,0.002664505
226,3,6.1643386,6.181498,3.5843651,0.05,6.147179,5.0367064,4.65,2,2451116,0.83035314,-0.52967554,0.17308229
227,3,6.0322556,6.0378056,-1.2452374,0.032824554,6.0267053,-1.2592524,0.1,3,2631257,-0.811932,-0.55398625,-0.1840261
228,3,6.0135703,6.0171113,-2.9629576,6.8,6.0100293,-3.0283043,7.0,3,2633357,-0.3320249,-0.89312404,-0.30346164
229,3,6.112049,6.084792,0.26809445,1.45,6.139306,0.1738867,3.5,3,2634723,-0.6936163,-0.7201891,-0.014971188
230,3,6.0212207,6.0294976,2.8377256,5.8,6.0129433,3.4047627,6.702689,3,2640181,-0.18650475,-0.83351177,0.5200712
231,3,6.0881834,6.175752,2.8238585,0.05,6.0006146,1.2820868,7.75,3,2673183,-0.49852937,-0.847721,-0.18121165
232,3,6.038733,6.04347,2.8936827,4.85,6.0339956,3.7719865,6.4,3,2702283,-0.67911536,-0.64052504,0.35851088
233,3,6.1030173,6.083274,0.24882984,0.35,6.122761,-0.06690247,2.55,3,2703596,-0.2587143,-0.95679325,-0.13271642
234,3,6.017758,5.9969625,-4.96058,2.95,6.0385528,-5.3551807,3.6,3,2861386,-0.21463987,-0.84075284,-0.4970557
235,3,5.9777255,5.9237204,-2.746913,0.05,6.03173,-1.2670056,2.3,3,2883837,-0.7707541,-0.5144436,0.37588018
236,3,6.0923615,6.093264,0.4319483,0.05,6.0914593,0.5695998,1.7,3,2927405,-0.5711547,-0.8180501,0.06764892
237,3,6.0649276,6.015978,-1.7509295,3.0,6.113878,-1.8114983,4.9,3,2955522,-0.6629148,-0.7486298,0.009867151
238,3,5.9274764,5.891454,-3.6952374,0.046659466,5.9634986,-4.8721642,2.4,3,3113970,-0.8831846,-0.42991418,-0.18750656
239,3,6.019111,6.019273,-4.549163,3.8,6.01895,-4.2450824,4.4,3,3177034,-0.83634526,-0.48879513,0.24820541
240,3,6.0210204,6.0389686,2.348597,4.65,6.0030723,2.8160236,6.7,3,3404117,0.13144812,-0.96601546,0.22256581
241,3,6.0533776,6.0550084,-0.045237325,7.491157,6.0517473,0.12529892,7.9,3,3418631,-0.4569958,-0.82250345,0.33858967
242,3,5.941029,5.9010143,-5.2674556,0.7,5.981044,-5.3952374,2.4558313,3,3420331,-0.017155087,-0.9972731,-0.07177839
243,3,6.0495243,6.1206527,1.6689451,0.05,5.978396,2.6617799,7.25,3,3547316,-0.399124,-0.90934086,0.117470264
244,3,6.0239553,6.0079126,-1.1799222,0.65,6.039998,-4.7147655,5.0,3,3588423,-0.5086017,-0.6699098,-0.5408744
245,3,6.188175,6.195936,3.3512468,0.8,6.1804147,3.4886818,2.15,3,3829625,-0.70056003,-0.71066445,0.06458884
246,3,6.125554,6.1552787,5.304763,3.8800235,6.09583,0.10476267,0.034981124,4,3878550,0.28064314,0.56850064,-0.7733346
247,3,6.081427,6.170423,-0.5952373,4.369296,5.9924316,-2.3952372,3.378279,4,3884857,-0.22156143,0.48690853,-0.844885
248,3,6.026862,6.008852,-2.579455,7.3,6.0448723,-5.3525634,3.75,4,3884933,0.34461397,0.7413616,-0.5758682
249,3,5.9935102,6.0202274,-3.088354,4.7,5.9667926,-5.497962,1.95,4,3885537,-0.2949251,0.72161865,-0.62632716
250,3,5.981693,5.993144,-4.036759,3.0,5.9702415,-5.534755,2.05,4,3909829,-0.0017708703,0.53558135,-0.8444818
251,3,6.056775,6.078397,4.4047627,5.7178907,6.0351534,2.6047628,5.0396495,4,3930309,-0.32522297,0.34024343,-0.88230634
252,3,5.9626126,6.057124,-0.9363226,2.05,5.868101,-5.0952373,0.20676936,4,3931480,-0.059814893,0.40674034,-0.9115835
253,3,6.043054,5.978356,2.6047628,7.257348,6.107753,-1.0952374,6.2368956,4,3933064,-0.016284097,0.26531777,-0.96402353
254,3,6.0139585,5.984362,1.6547626,7.665635,6.043555,-5.2952375,3.8857117,4,3934136,0.17523141,0.47157723,-0.8642389
255,3,6.054924,6.064322,-0.24523732,7.9116445,6.045526,-5.0952373,4.5122647,4,3938383,-0.40469712,0.5259121,-0.7480887
256,3,6.061407,6.0595703,4.1912904,6.0,6.063244,-1.0408223,2.35,4,3942815,-0.049945775,0.5714164,-0.819139
257,3,6.0497117,6.038681,-2.4952374,6.3060684,6.0607424,-4.2952375,5.897516,4,3945818,0.2939684,0.2149611,-0.9313293
258,3,6.0913897,6.0941005,4.554763,5.4553833,6.0886784,1.6047627,3.1673317,4,3949402,0.086918645,0.61045116,-0.7872703
259,3,6.060775,6.025808,3.1273344,6.15,6.0957417,0.004762674,0.022584205,4,3964077,0.0145775685,0.89094853,-0.45387024
260,3,6.0013514,6.005426,-4.7352,3.2,5.9972763,-5.505075,2.7,4,3967207,-0.27636102,0.5257741,-0.8044788
261,3,6.1290264,6.0751247,5.5047626,1.9180197,6.1829276,3.2547626,0.031184183,4,3973543,0.2034173,0.6348491,-0.7453778
262,3,5.912548,5.915841,-2.9353302,0.1,5.9092555,-3.2452374,0.0020041717,4,3980593,0.44473234,0.26084653,-0.8568385
263,3,6.0214496,5.985987,2.8547628,7.129547,6.056912,-3.9452374,6.2433925,4,3992991,-0.3026298,0.12003308,-0.94551957
264,3,6.081796,6.0747485,4.382949,5.75,6.0888433,-0.44523734,0.028544635,4,4000087,0.03907703,0.76369965,-0.6443879
265,3,6.0305715,6.157484,5.304763,3.9742842,5.903659,-5.2952375,0.7834497,4,4002460,0.38612148,0.25744408,-0.885795
266,3,5.982567,6.0497513,0.1874131,7.9,5.9153824,-2.5952373,0.41909957,4,4007496,0.3179518,0.88674986,-0.3355314
267,3,5.959631,5.9824886,1.8197784,7.6,5.936774,-2.4952374,0.041036267,4,4018219,0.43005288,0.7830122,-0.44938445
268,3,6.087472,6.0563235,1.4047626,4.7901707,6.118621,0.35476267,4.284985,4,4029604,0.14469749,0.43594074,-0.88826704
269,3,6.1316795,6.168374,2.4384081,1.35,6.0949855,0.6547627,0.033041634,4,4032961,-0.1266457,0.5926918,-0.79541016
270,3,5.918439,5.9306273,-2.2952373,2.2542014,5.9062505,-5.2952375,0.8126124,4,4037148,-0.06380547,0.43265045,-0.8993011
271,3,6.0006833,5.9893456,2.9547627,7.0728693,6.0120215,-3.0952373,6.9621086,4,4068000,-0.14042372,0.017586663,-0.9899353
272,3,6.1493745,6.151806,5.054763,4.5529175,6.1469426,3.0547626,2.5915105,4,4075733,-0.016933672,0.7001151,-0.71382916
273,3,6.0480585,6.147179,5.0047626,4.682581,5.948938,-5.445237,1.5082512,4,4078059,0.53043395,0.23709075,-0.81389666
274,3,6.136654,6.0812044,5.4547625,1.7483568,6.1921034,3.3047626,1.726085,4,4078466,-0.0037835897,0.010164472,-0.9999412
275,3,6.0174656,6.1238027,-0.5452373,2.773079,5.911128,-3.1952374,0.017241357,4,4080215,0.099248774,0.71338207,-0.6937116
276,3,6.0804996,6.140072,-0.045237325,4.933773,6.020928,-2.7229214,4.35,4,4113548,-0.15336624,0.2169366,-0.9640629
277,3,6.148638,6.1360865,5.4047627,3.417648,6.1611886,2.4547627,0.019281559,4,4114994,-0.078513384,0.7525545,-0.65383285
278,3,5.9831324,6.102521,0.7887344,3.95,5.863744,-5.049855,0.1,4,4140642,-0.311821,0.53185946,-0.78733295
279,3,6.1057706,6.1116586,0.15476267,5.704144,6.099882,-1.3226275,6.2,5,4362767,-0.8005918,-0.18539958,-0.56980675
280,3,6.0919323,6.1128707,-1.0452373,3.2298648,6.0709934,-2.1952374,4.7289724,5,4444702,-0.793852,-0.47140798,-0.38415307
281,3,6.0424805,6.072476,-0.72308534,7.8,6.012485,-2.4952374,7.1953206,5,4480390,-0.91025084,0.1605709,-0.38165483
282,3,6.089962,6.09583,0.10476267,0.021431277,6.084094,-0.09523733,0.2846777,5,4512519,-0.6310767,-0.6033975,-0.4874974
283,3,6.0329065,6.0300207,2.8547628,5.836247,6.0357924,1.3547627,6.7511435,5,4518878,-0.70137686,-0.37330237,-0.60721976
284,3,6.0479827,6.069506,-0.7846199,0.05,6.0264587,-0.94523734,0.86846304,5,4595607,-0.81724674,-0.55564874,-0.15284725
285,3,6.1151423,6.1019936,5.304763,0.8145202,6.128291,5.054763,0.96210116,5,4732521,-0.7610867,-0.38726762,-0.5203564
286,3,6.1139107,6.160305,4.0399184,3.25,6.067516,1.6047627,4.008166,5,4754383,-0.82457113,-0.13884847,-0.5484556
287,3,6.002084,5.979056,-2.4452374,3.190252,6.0251117,-3.906415,4.9,5,4765651,-0.5813578,-0.62576133,-0.52004415
288,3,6.026767,6.0304995,-2.0105085,7.15,6.0230346,-2.1633766,7.45,5,4773569,-0.6429654,-0.6757996,-0.3604032
289,4,9.022736,9.049429,-0.9572529,7.85,8.996042,-1.1656814,6.6,1,13209,0.023705825,0.98592407,-0.16550454
290,4,8.977018,8.995448,-4.014396,3.95,8.95859,-3.7986193,1.5,1,135020,-0.23500153,0.9679526,0.08855542
291,4,9.014392,8.994386,-5.153798,4.35,9.034399,-5.181,3.9,1,163519,-0.36512542,0.92667496,-0.08920148
292,4,8.960117,8.970395,-4.3952374,1.8521657,8.94984,-4.436323,1.45,1,220931,-0.26008376,0.9618511,-0.084846
293,4,8.976361,8.956499,3.523485,1.4,8.996223,2.7497163,0.2,1,261068,-0.12817131,0.831445,-0.54062134
294,4,8.926865,8.969829,4.741657,5.2,8.883901,4.579798,1.65,1,297988,-0.30060092,0.95306224,-0.036214486
295,4,9.020042,9.01995,2.9047627,7.118626,9.020134,2.7011385,6.5,1,304050,-0.24040547,0.9221968,-0.3029163
296,4,9.009007,9.063352,-0.5157178,7.9,8.954663,-0.04136371,6.7,1,385756,-0.43181834,0.82475716,0.36511448
297,4,8.997858,9.037493,-2.5931642,2.2,8.958223,-2.8490674,0.05,1,531454,-0.60740906,0.7910734,-0.072505765
298,4,8.998369,8.9601965,-3.4452374,4.819527,9.036542,-1.9811226,2.65,1,551616,-0.7088905,0.5960125,0.3771517
299,4,9.010436,9.01109,2.099936,7.5,9.009782,2.1146166,7.3,1,687769,-0.050107133,0.99601084,0.07383526
300,4,8.916291,8.886873,-0.7952373,0.04918585,8.94571,-0.24523732,1.2611268,2,798577,0.9684188,-0.2407627,0.064795464
301,4,9.025735,9.002255,-0.09211018,7.35,9.049214,0.056548316,7.95,2,812607,0.8565889,-0.5117978,0.06571493
302,4,8.906469,8.909065,1.2608567,3.35,8.903873,0.6527855,4.15,2,867397,0.86613977,-0.39951625,-0.30031437
303,4,8.926875,8.937992,3.3047626,2.33663,8.915757,-0.29523733,5.533924,2,1083443,0.9486728,-0.21312489,-0.23366158
304,4,9.004799,8.998506,-3.4452374,3.6326983,9.011092,-1.9359912,5.8,2,1111309,0.8492079,-0.43575433,0.29826865
305,4,8.993735,8.992225,1.4275957,6.2,8.995247,1.09912,7.8,2,1295092,0.90200126,-0.42282444,-0.0872537
306,4,9.041188,9.036869,-1.1452373,7.6862917,9.0455065,-1.0635355,7.85,2,1319777,0.97738314,-0.20778035,0.03936435
307,4,9.038355,9.018424,-0.56783754,7.3,9.058285,-0.11159529,7.95,2,1380767,0.8931414,-0.39164096,0.2211691
308,4,8.978142,9.048717,-5.3959436,2.75,8.907568,-4.8682733,0.05,2,1466940,0.9299433,0.3669841,0.022980934
309,4,8.969417,9.003093,3.199045,0.6,8.93574,3.3867428,2.15,2,1547062,0.9250354,-0.36975408,0.08712865
310,4,9.038571,9.0400715,3.6047628,0.0521136,9.037071,3.6033692,0.05,2,1668504,0.99538666,0.08090959,-0.05156531
311,4,8.956684,8.945153,-1.489753,0.05,8.968215,-1.57899,0.3,2,1740059,0.69916755,-0.65123504,-0.2950554
312,4,8.96657,8.945353,-5.301959,0.9,8.987788,-2.1581652,7.5,2,1918946,0.8057811,-0.5367616,0.25020748
313,4,8.98165,8.961078,-3.6952374,6.5179286,9.002223,-2.5452373,6.7346306,2,1956217,0.9956118,-0.049537994,0.079392344
314,4,9.025015,8.986626,-1.2819744,6.0,9.063405,-0.5931779,7.9,2,2089558,0.8742331,-0.46678168,0.13353385
315,4,9.012339,8.993776,3.3547628,5.284162,9.030902,2.0047626,6.1015244,2,2426983,0.9140291,-0.1916552,-0.3575179
316,4,9.021846,9.069341,5.033428,0.05,8.97435,4.423916,5.7,3,2573061,-0.6834909,-0.7244517,-0.08949826
317,4,9.003789,8.944173,1.2047627,0.009607677,9.063405,-0.5519927,7.9,3,2673183,-0.49852937,-0.847721,-0.18121165
318,4,8.994869,9.005123,-1.02707,2.15,8.984614,-1.1102527,3.05,3,2675350,-0.41589773,-0.90448564,-0.09452385
319,4,9.049039,9.036465,-5.2589936,2.55,9.061613,-5.3794756,3.35,3,2902593,-0.33147678,-0.93443644,-0.13019885
320,4,8.915021,8.903682,0.96070844,3.75,8.92636,0.14356618,6.2,3,2962916,-0.4496415,-0.848537,-0.27893975
321,4,9.001935,8.998931,-2.4688401,0.5,9.004939,-3.3214974,2.55,3,3037062,-0.8370232,-0.5060501,-0.20809954
322,4,8.992562,8.9606285,4.1547627,1.0915161,9.024495,2.047559,4.9,3,3268815,0.2936939,-0.8341445,-0.46684778
323,4,8.95016,8.9229765,-3.4278634,0.05,8.977344,-4.4329295,1.95,3,3396781,-0.6882742,-0.6490372,-0.32408234
324,4,9.024872,9.048472,-2.3452373,2.0822692,9.001271,-1.6430783,3.6,3,3410561,-0.14611207,-0.89955246,0.41165105
325,4,8.901151,8.873755,4.1331205,2.45,8.928546,5.054763,4.57034,3,3490873,-0.4976806,-0.7904737,0.3570229
326,4,8.943335,8.893293,0.45108855,0.05,8.993375,1.4026942,7.75,3,3547316,-0.399124,-0.90934086,0.117470264
327,4,8.979998,8.984163,3.7727199,5.35,8.975832,3.9297535,6.05,3,3565370,-0.01188366,-0.97571075,0.21874033
328,4,8.991745,8.980995,-2.6702063,0.3,9.002495,-1.7252975,4.2,3,3617869,0.03813823,-0.9712178,0.23512009
329,4,9.010488,9.009734,-1.8586127,5.1,9.01124,-1.9221066,5.95,3,3720968,-0.74784017,-0.66217357,-0.047552615
330,4,9.014852,9.015641,3.1547627,0.046318106,9.014061,3.2743816,0.3,3,3723109,-0.41992727,-0.8209219,0.38697332
331,4,9.014709,9.013952,2.9382515,5.3,9.015467,2.827409,6.8,3,3756072,-0.41755635,-0.90623456,-0.0662237
332,4,8.947173,8.944278,3.5235045,1.6,8.950068,4.2071424,4.25,3,3777444,-0.6849733,-0.7050278,0.18370466
333,4,8.939921,8.9691725,-4.0452375,4.3788314,8.910669,-4.5656238,5.2,3,3803364,-0.2357501,-0.8134557,-0.5317064
334,4,9.025503,9.078929,4.5788856,0.05,8.972078,4.729717,0.8,3,3814986,-0.8778428,-0.47798592,-0.030356951
335,4,9.0077,9.011092,-1.9047219,5.8,9.004309,-1.5814441,6.3,3,3851944,-0.6699671,-0.62739366,0.39688954
336,4,8.87663,8.88154,5.5047626,2.1524513,8.87172,5.2323017,2.0,4,3877443,0.3916162,0.4393093,-0.8084826
337,4,8.931275,8.936971,5.0047626,4.6690483,8.925581,-1.2952373,0.034067504,4,3878550,0.28064314,0.56850064,-0.7733346
338,4,8.9932575,8.975991,4.2047625,5.040338,9.010524,-4.0452375,3.6869454,4,3912446,0.5335413,0.13895349,-0.8342815
339,4,8.984721,8.968373,4.7547626,5.201959,9.001069,2.5547626,4.5738077,4,3918569,0.21547037,0.2710503,-0.9381387
340,4,8.963876,8.9519005,4.9047627,4.851262,8.975851,2.5547626,3.9359608,4,3930309,-0.32522297,0.34024343,-0.88230634
341,4,8.927456,8.946199,-0.24523732,2.1688833,8.908711,-5.0452375,0.02950294,4,3931480,-0.059814893,0.40674034,-0.9115835
342,4,8.993252,9.022833,2.7047627,7.233422,8.963671,-0.7952373,6.271156,4,3933064,-0.016284097,0.26531777,-0.96402353
343,4,8.983079,9.001029,0.9047627,7.8684244,8.965129,-5.0452375,4.6139975,4,3934136,0.17523141,0.47157723,-0.8642389
344,4,9.019324,8.997873,1.6547626,7.6603065,9.040776,-5.445237,2.6446393,4,3938383,-0.40469712,0.5259121,-0.7480887
345,4,8.935022,8.973524,4.2547626,5.8666945,8.896522,-4.1452374,0.011655182,4,3942815,-0.049945775,0.5714164,-0.819139
346,4,8.960653,8.974926,4.4047627,5.657146,8.946381,1.8047627,3.638386,4,3949402,0.086918645,0.61045116,-0.7872703
347,4,8.894082,8.89116,5.2547626,4.100368,8.897003,5.1547627,4.086653,4,3958105,0.075159,0.14090124,-0.98716664
348,4,8.919675,8.964909,1.933031,3.9,8.874442,-0.026759975,0.05,4,3964077,0.0145775685,0.89094853,-0.45387024
349,4,8.933709,8.880408,5.5047626,2.68343,8.98701,2.3547628,0.029723397,4,3973543,0.2034173,0.6348491,-0.7453778
350,4,8.944277,8.943202,-4.945237,1.0588914,8.945353,-5.3452373,0.93925184,4,3980593,0.44473234,0.26084653,-0.8568385
351,4,8.967356,8.972569,4.1547627,6.012167,8.962142,0.9047627,5.244488,4,3982313,-0.09202796,0.22917593,-0.9690249
352,4,8.943753,8.975271,3.9047627,6.305681,8.912236,-4.7452374,5.228402,4,3992991,-0.3026298,0.12003308,-0.94551957
353,4,8.924773,8.973139,4.31908,5.85,8.876408,-0.5952373,0.019999545,4,4000087,0.03907703,0.76369965,-0.6443879
354,4,8.983277,8.961264,4.8547626,5.065664,9.005291,-5.4952374,2.0771618,4,4002460,0.38612148,0.25744408,-0.885795
355,4,9.033299,9.051075,-0.9095356,7.85,9.015525,-2.7115252,3.05,4,4007496,0.3179518,0.88674986,-0.3355314
356,4,8.965416,9.031858,0.31576785,7.9,8.898973,-4.1169806,0.05,4,4018219,0.43005288,0.7830122,-0.44938445
357,4,8.976508,8.991938,3.5047626,6.6565657,8.961078,-3.6952374,6.532871,4,4068000,-0.14042372,0.017586663,-0.9899353
358,4,8.92558,8.925975,5.067886,4.5,8.925185,4.9547625,4.389,4,4075733,-0.016933672,0.7001151,-0.71382916
359,4,9.016652,8.974116,3.9547627,6.2197366,9.059189,-5.3958516,3.55,4,4078059,0.53043395,0.23709075,-0.81389666
360,4,8.879642,8.878833,5.4547625,1.737772,8.880451,4.554763,1.7286234,4,4078466,-0.0037835897,0.010164472,-0.9999412
361,4,8.914868,8.917358,-0.42089447,3.3,8.912378,-3.5952373,0.035642266,4,4080215,0.099248774,0.71338207,-0.6937116
362,4,8.983248,8.993375,1.3591284,7.75,8.973121,1.2404233,7.25,4,4092658,-0.22217998,0.9505415,-0.21704118
363,4,8.9224205,8.92128,1.4547627,3.2828124,8.923562,-3.3952372,0.005606302,4,4140642,-0.311821,0.53185946,-0.78733295
364,4,9.0329895,9.078929,4.578159,0.05,8.987051,4.3314166,0.8,5,4206539,-0.81200606,-0.51719755,-0.27046776
365,4,8.918719,8.903487,4.1547627,1.614858,8.933952,3.4547627,1.9350009,5,4408230,-0.7557869,-0.29922137,-0.5824541
366,4,8.991605,8.985127,1.5810605,6.9,8.998082,0.9359484,7.85,5,4598760,-0.39999667,-0.7608965,-0.51091987
367,4,8.980148,8.981108,2.6872163,2.35,8.979189,2.1025586,4.1,5,4835805,-0.94092596,-0.32119593,-0.10719839
