trace_id,face_id,p0_x,p0_y,p0_z,p1_x,p1_y,p1_z,set_id,x_face,x_face_nominal,dx,parent_fracture_id,normal_x,normal_y,normal_z,confidence
1,1,6.0,3.2702372074127197,4.333057403564453,6.0,3.1232545375823975,6.34571647644043,1,6.0,6.0,0.0,87749,-0.15461336076259613,0.9853509664535522,0.07195919752120972,1.0
2,1,6.0,1.4764344692230225,3.283588171005249,6.0,1.9595160484313965,3.706578493118286,1,6.0,6.0,0.0,353074,-0.6153379678726196,0.5192795991897583,-0.5930497050285339,1.0
3,1,6.0,1.3302943706512451,7.392353057861328,6.0,1.4823868256816193,7.735530543161518,1,6.0,6.0,0.0,395597,-0.6778789758682251,0.6721228957176208,-0.2978772819042206,1.0
4,1,6.0,-4.989133834838867,0.22882080078125,6.0,-4.9029741287231445,2.2414913177490234,1,6.0,6.0,0.0,438281,0.05866362527012825,0.997364342212677,-0.04269568622112274,1.0
5,1,6.0,1.9326434135437012,6.840865612030029,6.0,1.6413220483275928,7.691330354139948,1,6.0,6.0,0.0,465773,-0.37445032596588135,0.8772098422050476,0.30048272013664246,1.0
6,1,6.0,-2.0843777656555176,6.685036659240723,6.0,-2.1187701947393074,7.52491490812448,1,6.0,6.0,0.0,602883,-0.34253665804862976,0.9387177228927612,0.03843991830945015,1.0
7,1,6.0,1.2675257731708278,0.0,6.0,1.4620730876922607,3.1125240325927734,1,6.0,6.0,0.0,724122,-0.014986601658165455,0.997940182685852,-0.06237592175602913,1.0
8,1,6.0,1.4620885848999023,4.852869033813477,6.0,-1.4165937900543213,3.7144272327423096,2,6.0,6.0,0.0,791567,0.9228619337081909,-0.14163532853126526,0.3581414222717285,1.0
9,1,6.0,-0.5678558349609375,5.570728302001953,6.0,-2.6901438315736956,7.247443033933763,2,6.0,6.0,0.0,931180,0.9931816458702087,0.07226890325546265,0.0914737731218338,1.0
10,1,6.0,-3.8247071149057863,6.4025993434672355,6.0,-2.5665879249572754,3.226517915725708,2,6.0,6.0,0.0,1317917,0.923066258430481,-0.3576062023639679,-0.14165610074996948,1.0
11,1,6.0,4.7179691042237595,5.278588807547619,6.0,3.745774984359741,3.4739911556243896,2,6.0,6.0,0.0,1373568,0.8792243599891663,-0.41941606998443604,0.22595277428627014,1.0
12,1,6.0,5.064018575009316,4.601117031284222,6.0,3.620826482772827,4.147319316864014,2,6.0,6.0,0.0,1376986,0.9528719186782837,-0.09099994599819183,0.2894030511379242,1.0
13,1,6.0,-4.330698013305664,5.325139999389648,6.0,-4.935144084714008,4.906977711070033,2,6.0,6.0,0.0,1476386,0.9346061944961548,-0.2023608535528183,0.29250869154930115,1.0
14,1,6.0,-0.2169722318649292,0.6226709485054016,6.0,-2.122570037841797,0.40900152921676636,2,6.0,6.0,0.0,1744226,0.8323612809181213,-0.0617576465010643,0.5507819056510925,1.0
15,1,6.0,-5.410873625503438,3.5066816195195645,6.0,-4.454777240753174,2.8094258308410645,2,6.0,6.0,0.0,1914182,0.8342793583869934,-0.3248664438724518,-0.4454658031463623,1.0
16,1,6.0,1.3574061393737793,6.568724632263184,6.0,2.1153926849365234,7.066176414489746,2,6.0,6.0,0.0,1993697,0.9545296430587769,0.16356849670410156,-0.24923576414585114,1.0
17,1,6.0,-3.164896692659791,6.9400500119808095,6.0,-0.09541726112365723,2.795379161834717,2,6.0,6.0,0.0,2022311,0.7458259463310242,-0.5353222489356995,-0.3964514136314392,1.0
18,1,6.0,0.8619817495346069,3.420581340789795,6.0,2.0749564170837402,1.5400487184524536,2,6.0,6.0,0.0,2065645,0.8027215600013733,-0.5011473298072815,-0.3232482969760895,1.0
19,1,6.0,-1.517511045483921,7.725762430538963,6.0,-1.5225465297698975,6.995602607727051,2,6.0,6.0,0.0,2104618,0.922343909740448,-0.38636070489883423,0.002664505038410425,1.0
20,1,6.0,3.6153624057769775,3.0932986736297607,6.0,4.051782131195068,2.890873670578003,2,6.0,6.0,0.0,2282507,0.9823436737060547,-0.07872031629085541,-0.16971752047538757,1.0
21,1,6.0,4.908522852703377,4.970158470123665,6.0,3.284422147277392,0.0,2,6.0,6.0,0.0,2451116,0.8303531408309937,-0.5296755433082581,0.17308229207992554,1.0
22,1,6.0,-1.2382233142852783,0.1689472198486328,6.0,-1.1821015212639017,0.0,3,6.0,6.0,0.0,2631257,-0.8119320273399353,-0.5539862513542175,-0.1840261071920395,1.0
23,1,6.0,-3.036271540667764,7.034407280718612,6.0,-2.957453489303589,6.802436351776123,3,6.0,6.0,0.0,2633357,-0.3320249021053314,-0.8931240439414978,-0.30346164107322693,1.0
24,1,6.0,0.3089284896850586,3.417818784713745,6.0,0.34832775592803955,1.5225155353546143,3,6.0,6.0,0.0,2634723,-0.6936162710189819,-0.720189094543457,-0.014971188269555569,1.0
25,1,6.0,3.4330157574317197,6.743362332653669,6.0,2.8360328674316406,5.786585330963135,3,6.0,6.0,0.0,2640181,-0.18650475144386292,-0.8335117697715759,0.5200712084770203,1.0
26,1,6.0,1.272174102749926,7.793991102964654,6.0,2.9382438037984127,0.0,3,6.0,6.0,0.0,2673183,-0.4985293745994568,-0.8477209806442261,-0.1812116503715515,1.0
27,1,6.0,3.815543554553593,6.412297688792106,6.0,2.911714553833008,4.797492504119873,3,6.0,6.0,0.0,2702283,-0.679115355014801,-0.6405250430107117,0.3585108816623688,1.0
28,1,6.0,-0.05177655816078186,2.6799936294555664,6.0,0.2862117290496826,0.2433323860168457,3,6.0,6.0,0.0,2703596,-0.2587142884731293,-0.9567932486534119,-0.13271641731262207,1.0
29,1,6.0,-5.377562873100851,3.653764509428165,6.0,-4.946379661560059,2.9244327545166016,3,6.0,6.0,0.0,2861386,-0.21463987231254578,-0.8407528400421143,-0.49705570936203003,1.0
30,1,6.0,-1.2064917087554932,2.310823440551758,6.0,-2.894903753758346,0.0,3,6.0,6.0,0.0,2883837,-0.7707540988922119,-0.514443576335907,0.3758801817893982,1.0
31,1,6.0,0.6292585134506226,1.6487666368484497,6.0,0.49291325234958877,0.0,3,6.0,6.0,0.0,2927405,-0.5711547136306763,-0.8180500864982605,0.06764891743659973,1.0
32,1,6.0,-1.7058964967727661,5.017916202545166,6.0,-1.7327150106430054,2.98317289352417,3,6.0,6.0,0.0,2955522,-0.6629148125648499,-0.7486298084259033,0.009867151267826557,1.0
33,1,6.0,-4.9441304206848145,2.390294313430786,6.0,-3.901606595377551,0.0,3,6.0,6.0,0.0,3113970,-0.8831846117973328,-0.4299141764640808,-0.1875065565109253,1.0
34,1,6.0,-4.158271312713623,4.507110595703125,6.0,-4.582083225250244,3.6724910736083984,3,6.0,6.0,0.0,3177034,-0.8363452553749084,-0.48879513144493103,0.24820540845394135,1.0
35,1,6.0,2.8264007568359375,6.746881484985352,6.0,2.3244495391845703,4.568233489990234,3,6.0,6.0,0.0,3404117,0.13144811987876892,-0.9660154581069946,0.22256581485271454,1.0
36,1,6.0,0.17242167826032007,7.945733939119326,6.0,-0.007825255393981934,7.507877349853516,3,6.0,6.0,0.0,3418631,-0.45699578523635864,-0.8225034475326538,0.3385896682739258,1.0
37,1,6.0,-5.397796630859375,2.486922025680542,6.0,-5.268339749212942,0.6882798470624023,3,6.0,6.0,0.0,3420331,-0.017155086621642113,-0.9972730875015259,-0.07177838683128357,1.0
38,1,6.0,2.6542324914578757,7.264882387457043,6.0,1.7157421266233925,0.0,3,6.0,6.0,0.0,3547316,-0.39912399649620056,-0.9093408584594727,0.11747026443481445,1.0
39,1,6.0,-4.723941802978516,5.048308849334717,6.0,-1.1520652770996094,0.6242971420288086,3,6.0,6.0,0.0,3588423,-0.508601725101471,-0.6699097752571106,-0.5408744215965271,1.0
40,1,6.0,0.44528070092201233,2.964946985244751,6.0,0.3777352273464203,2.498021364212036,3,6.0,6.0,0.0,3682856,-0.3621598482131958,-0.922513484954834,0.13345079123973846,1.0
41,1,6.0,0.10373843953294326,1.7763568394002505e-15,6.0,5.334232826882246,3.845087369406876,4,6.0,6.0,0.0,3878550,0.28064313530921936,0.5685006380081177,-0.7733346223831177,1.0
42,1,6.0,-2.4468178749084473,3.34698486328125,6.0,-0.6359584331512451,4.390585899353027,4,6.0,6.0,0.0,3884857,-0.22156143188476562,0.48690852522850037,-0.844884991645813,1.0
43,1,6.0,-5.365277369651774,3.7080108779710756,6.0,-2.5710093835844083,7.305297398281772,4,6.0,6.0,0.0,3884933,0.3446139693260193,0.7413616180419922,-0.5758681893348694,1.0
44,1,6.0,-5.517788137047533,1.9105250694678935,6.0,-3.079310178756714,4.720001220703125,4,6.0,6.0,0.0,3885537,-0.29492509365081787,0.72161865234375,-0.6263271570205688,1.0
45,1,6.0,-5.535839093824819,2.0492497252274773,6.0,-4.007394313812256,3.0186092853546143,4,6.0,6.0,0.0,3909829,-0.0017708702944219112,0.5355813503265381,-0.8444818258285522,1.0
46,1,6.0,2.57574462890625,5.041229724884033,6.0,4.4120091887444195,5.74934769294189,4,6.0,6.0,0.0,3930309,-0.3252229690551758,0.3402434289455414,-0.8823063373565674,1.0
47,1,6.0,-5.103292806163203,0.19454021824727397,6.0,-0.9513711929321289,2.047090530395508,4,6.0,6.0,0.0,3931480,-0.05981489270925522,0.40674033761024475,-0.9115834832191467,1.0
48,1,6.0,-1.073765754699707,6.2445759773254395,6.0,2.6467272208375205,7.268527115479282,4,6.0,6.0,0.0,3933064,-0.016284096986055374,0.26531776785850525,-0.9640235304832458,1.0
49,1,6.0,-5.331574313693229,3.856825975547461,6.0,1.6773779628590155,7.681303135433469,4,6.0,6.0,0.0,3934136,0.17523141205310822,0.4715772271156311,-0.8642389178276062,1.0
50,1,6.0,-5.089288756283111,4.54114275084282,6.0,-0.257348273108307,7.938034230254383,4,6.0,6.0,0.0,3938383,-0.40469712018966675,0.5259121060371399,-0.7480887174606323,1.0
51,1,6.0,-0.9233880043029785,2.4358043670654297,6.0,4.1975048102962385,6.008045191232303,4,6.0,6.0,0.0,3942815,-0.04994577541947365,0.5714163780212402,-0.8191390037536621,1.0
52,1,6.0,-4.327327781530313,5.870645757198166,6.0,-2.4308738708496094,6.30836820602417,4,6.0,6.0,0.0,3945818,0.29396840929985046,0.21496109664440155,-0.9313293099403381,1.0
53,1,6.0,1.588623046875,3.1450672149658203,6.0,4.591358780045345,5.473395159864257,4,6.0,6.0,0.0,3949402,0.08691864460706711,0.6104511618614197,-0.7872703075408936,1.0
54,1,6.0,-0.005192628860203996,0.0,6.0,3.1479601860046387,6.189647674560547,4,6.0,6.0,0.0,3964077,0.014577568508684635,0.8909485340118408,-0.4538702368736267,1.0
55,1,6.0,-5.518699991816943,2.68977076562233,6.0,-4.700739860534668,3.224355697631836,4,6.0,6.0,0.0,3967207,-0.27636101841926575,0.5257741212844849,-0.8044788241386414,1.0
56,1,6.0,3.2769353705054147,-8.881784197001252e-16,6.0,5.517501570527054,1.908322757291546,4,6.0,6.0,0.0,3973543,0.20341730117797852,0.6348490715026855,-0.745377779006958,1.0
57,1,6.0,-3.4066845624618214,0.0,6.0,-2.9218082427978516,0.14761042594909668,4,6.0,6.0,0.0,3980593,0.44473233819007874,0.2608465254306793,-0.8568385243415833,1.0
58,1,6.0,-3.9598467962658352,6.259572916341746,6.0,2.904587736281181,7.131008325899035,4,6.0,6.0,0.0,3992991,-0.3026297986507416,0.12003307789564133,-0.9455195665359497,1.0
59,1,6.0,-0.4648580181938473,0.0,6.0,4.40081286299994,5.766574687594847,4,6.0,6.0,0.0,4000087,0.039077028632164,0.7636996507644653,-0.6443879008293152,1.0
60,1,6.0,-5.312282681070286,0.8197355799792829,6.0,5.3195900198318675,3.9097423598229994,4,6.0,6.0,0.0,4002460,0.3861214816570282,0.2574440836906433,-0.885794997215271,1.0
61,1,6.0,-2.617898941040039,0.44018125534057617,6.0,0.22043079467382798,7.941381283512341,4,6.0,6.0,0.0,4007496,0.3179517984390259,0.8867498636245728,-0.33553141355514526,1.0
62,1,6.0,-2.55333455833805,-4.440892098500626e-16,6.0,1.8306385233032714,7.638681080810137,4,6.0,6.0,0.0,4018219,0.43005287647247314,0.7830122113227844,-0.4493844509124756,1.0
63,1,6.0,-1.0938516855239868,3.5548226833343506,6.0,1.8096643686294556,4.979800701141357,4,6.0,6.0,0.0,4029604,0.14469748735427856,0.4359407424926758,-0.8882670402526855,1.0
64,1,6.0,0.5903168753998624,-8.881784197001252e-16,6.0,2.5492095947265625,1.4596490859985352,4,6.0,6.0,0.0,4032961,-0.12664569914340973,0.5926917791366577,-0.79541015625,1.0
65,1,6.0,-5.305967639565511,0.8008440683226274,6.0,-2.3124303817749023,2.2410237789154053,4,6.0,6.0,0.0,4037148,-0.0638054683804512,0.43265044689178467,-0.8993011116981506,1.0
66,1,6.0,-3.1335151584284073,6.963070982708672,6.0,2.9853324964729424,7.0717753149475255,4,6.0,6.0,0.0,4068000,-0.1404237151145935,0.017586663365364075,-0.9899352788925171,1.0
67,1,6.0,2.9490013122558594,2.491211414337158,6.0,5.074609130670462,4.575982231166643,4,6.0,6.0,0.0,4075733,-0.01693367213010788,0.7001150846481323,-0.7138291597366333,1.0
68,1,6.0,-5.469086112830116,1.536241776470498,6.0,5.062722957050511,4.604191950057627,4,6.0,6.0,0.0,4078059,0.5304339528083801,0.23709075152873993,-0.813896656036377,1.0
69,1,6.0,3.2119102478027344,1.7258656024932861,6.0,5.496782277154509,1.7490914835063704,4,6.0,6.0,0.0,4078466,-0.003783589694648981,0.01016447227448225,-0.9999411702156067,1.0
70,1,6.0,-3.2244699449311653,0.0,6.0,-0.5469398498535156,2.7534523010253906,4,6.0,6.0,0.0,4080215,0.09924877434968948,0.7133820652961731,-0.6937115788459778,1.0
71,1,6.0,-2.7754087448120117,4.341655731201172,6.0,0.19939470291137695,5.011055946350098,4,6.0,6.0,0.0,4113548,-0.15336623787879944,0.2169366031885147,-0.9640629291534424,1.0
72,1,6.0,2.421173658598762,0.0,6.0,5.422653082277598,3.454669688868531,4,6.0,6.0,0.0,4114994,-0.07851338386535645,0.7525544762611389,-0.6538328528404236,1.0
73,1,6.0,-5.052901929801518,0.0437953929826862,6.0,0.7524223327636719,3.9654102325439453,4,6.0,6.0,0.0,4140642,-0.31182101368904114,0.5318594574928284,-0.7873329520225525,1.0
74,1,6.0,-1.492722988128662,6.396890640258789,6.0,0.4250185489654541,5.772910118103027,5,6.0,6.0,0.0,4362767,-0.8005918264389038,-0.18539957702159882,-0.5698067545890808,1.0
75,1,6.0,-2.1562695503234863,4.829864501953125,6.0,-0.8683995008468628,3.2494728565216064,5,6.0,6.0,0.0,4444702,-0.7938519716262817,-0.4714079797267914,-0.3841530680656433,1.0
76,1,6.0,-2.508026599884033,7.221433162689209,6.0,-0.9551343072211156,7.874770781127418,5,6.0,6.0,0.0,4480390,-0.9102508425712585,0.1605709046125412,-0.38165482878685,1.0
77,1,6.0,-0.05514967441558838,0.3422176241874695,6.0,0.22133506972597855,0.0,5,6.0,6.0,0.0,4512519,-0.6310766935348511,-0.6033974885940552,-0.48749738931655884,1.0
78,1,6.0,1.291777491569519,6.831161975860596,6.0,2.9112863540649414,5.835531711578369,5,6.0,6.0,0.0,4518878,-0.7013768553733826,-0.3733023703098297,-0.6072197556495667,1.0
79,1,6.0,-0.9189503192901611,0.913390576839447,6.0,-0.6676958902634458,1.1102230246251565e-16,5,6.0,6.0,0.0,4595607,-0.8172467350959778,-0.5556487441062927,-0.15284724533557892,1.0
80,1,6.0,5.1043291091918945,1.113034725189209,6.0,5.349365702494239,0.9306698202316964,5,6.0,6.0,0.0,4732521,-0.7610867023468018,-0.3872676193714142,-0.5203564167022705,1.0
81,1,6.0,1.5207570791244507,4.13059139251709,6.0,4.352735996246338,3.413640022277832,5,6.0,6.0,0.0,4754383,-0.8245711326599121,-0.1388484686613083,-0.5484555959701538,1.0
82,1,6.0,-3.9146807193756104,4.937657833099365,6.0,-2.4412038326263428,3.1646454334259033,5,6.0,6.0,0.0,4765651,-0.5813577771186829,-0.6257613301277161,-0.5200441479682922,1.0
83,1,6.0,-2.16743563456629,7.501281877255361,6.0,-1.9770441055297852,7.144274711608887,5,6.0,6.0,0.0,4773569,-0.6429653763771057,-0.6757996082305908,-0.3604032099246979,1.0
84,2,9.0,-1.1701385974884033,6.57417106628418,9.0,-0.9517589363241916,7.875076802736597,1,9.0,9.0,0.0,13209,0.023705825209617615,0.9859240651130676,-0.1655045449733734,1.0
85,2,9.0,-3.7900218963623047,1.5115083456039429,9.0,-4.015252113342285,3.9733810424804688,1,9.0,9.0,0.0,135020,-0.23500153422355652,0.9679526090621948,0.08855541795492172,1.0
86,2,9.0,-5.198925018310547,3.8531734943389893,9.0,-5.145555740801587,4.407603071307454,1,9.0,9.0,0.0,163519,-0.3651254177093506,0.9266749620437622,-0.08920148015022278,1.0
87,2,9.0,-4.448616027832031,1.156693696975708,9.0,-4.374245643615723,1.9997889995574951,1,9.0,9.0,0.0,220931,-0.26008376479148865,0.9618511199951172,-0.08484599739313126,1.0
88,2,9.0,2.727337598800659,0.1650051474571228,9.0,3.5597918033599854,1.44527268409729,1,9.0,9.0,0.0,261068,-0.12817130982875824,0.8314449787139893,-0.5406213402748108,1.0
89,2,9.0,4.608882904052734,1.4464130401611328,9.0,4.7524802660316245,5.2254889233981565,1,9.0,9.0,0.0,297988,-0.30060091614723206,0.9530622363090515,-0.03621448576450348,1.0
90,2,9.0,2.6890745162963867,6.478325843811035,9.0,2.903681184677134,7.131673357053543,1,9.0,9.0,0.0,304050,-0.24040547013282776,0.9221968054771423,-0.3029162883758545,1.0
91,2,9.0,-0.0016820728778839111,6.664125919342041,9.0,-0.5537368783578799,7.911162718740314,1,9.0,9.0,0.0,385756,-0.4318183362483978,0.8247571587562561,0.3651144802570343,1.0
92,2,9.0,-2.8236595752762113,0.0,9.0,-2.620424270629883,2.2173964977264404,1,9.0,9.0,0.0,531454,-0.6074090600013733,0.7910733819007874,-0.07250576466321945,1.0
93,2,9.0,-1.9814331531524658,2.5821125507354736,9.0,-3.414787530899048,4.847241401672363,1,9.0,9.0,0.0,551616,-0.7088904976844788,0.5960124731063843,0.3771516978740692,1.0
94,2,9.0,2.1170504093170166,7.260267734527588,9.0,2.09663497960558,7.535664265870137,1,9.0,9.0,0.0,687769,-0.05010713264346123,0.9960108399391174,0.07383526116609573,1.0
95,2,9.0,-0.03523722290992737,1.235700011253357,9.0,-0.3677960242420952,0.0,2,9.0,9.0,0.0,798577,0.9684187769889832,-0.24076269567012787,0.06479546427726746,1.0
96,2,9.0,-0.02449176438309969,7.959145724571333,9.0,-0.10410705208778381,7.339089870452881,2,9.0,9.0,0.0,812607,0.8565889000892639,-0.5117977857589722,0.06571493297815323,1.0
97,2,9.0,0.5830749273300171,4.512818813323975,9.0,1.5829135179519653,3.182706832885742,2,9.0,9.0,0.0,867397,0.8661397695541382,-0.3995162546634674,-0.30031436681747437,1.0
98,2,9.0,-0.15619266033172607,5.74662446975708,9.0,3.4585113525390625,2.449619770050049,2,9.0,9.0,0.0,1083443,0.9486727714538574,-0.21312488615512848,-0.23366157710552216,1.0
99,2,9.0,-1.912635326385498,5.865242004394531,9.0,-3.4504451751708984,3.6185853481292725,2,9.0,9.0,0.0,1111309,0.849207878112793,-0.43575432896614075,0.2982686460018158,1.0
100,2,9.0,1.1016726273717365,7.841407888965321,9.0,1.4421687126159668,6.1913909912109375,2,9.0,9.0,0.0,1295092,0.9020012617111206,-0.4228244423866272,-0.08725369721651077,1.0
101,2,9.0,-1.3074427632107235,7.784182821119055,9.0,-1.3157943487167358,7.740099906921387,2,9.0,9.0,0.0,1319777,0.9773831367492676,-0.20778034627437592,0.039364349097013474,1.0
102,2,9.0,-0.24764314861678938,7.938914126984217,9.0,-0.5965707302093506,7.321041584014893,2,9.0,9.0,0.0,1380767,0.8931413888931274,-0.39164096117019653,0.2211690992116928,1.0
103,2,9.0,-5.115256005139504,0.2303282511114817,9.0,-5.279916763305664,2.8598108291625977,2,9.0,9.0,0.0,1466940,0.929943323135376,0.366984099149704,0.022980934008955956,1.0
104,2,9.0,3.511643409729004,1.9670708179473877,9.0,3.184516429901123,0.5788195133209229,2,9.0,9.0,0.0,1547062,0.9250354170799255,-0.3697540760040283,0.087128646671772,1.0
105,2,9.0,-1.521612524986267,0.25131848454475403,9.0,-1.4077475498046488,0.0,2,9.0,9.0,0.0,1740059,0.6991675496101379,-0.651235044002533,-0.2950553894042969,1.0
106,2,9.0,-2.1339912824149425,7.517523206001192,9.0,-5.288825977842757,0.7495646108550797,2,9.0,9.0,0.0,1918946,0.8057811260223389,-0.5367615818977356,0.25020748376846313,1.0
107,2,9.0,-2.5232253074645996,6.770190238952637,9.0,-4.5844125435341425,5.4840828427673465,2,9.0,9.0,0.0,1956217,0.9956117868423462,-0.04953799396753311,0.07939234375953674,1.0
108,2,9.0,-0.7128585664941218,7.896736252273122,9.0,-1.2612504959106445,5.979773998260498,2,9.0,9.0,0.0,2089558,0.8742331266403198,-0.4667816758155823,0.13353385031223297,1.0
109,2,9.0,2.052013874053955,5.997318267822266,9.0,3.443206787109375,5.25153923034668,2,9.0,9.0,0.0,2426983,0.9140291213989258,-0.1916552037000656,-0.35751789808273315,1.0
110,2,9.0,4.389120576132794,5.784564782554396,9.0,5.086072652463679,0.1430259512233789,3,9.0,9.0,0.0,2573061,-0.6834908723831177,-0.7244517207145691,-0.08949825912714005,1.0
111,2,9.0,-0.5178148540026203,7.914419521039641,9.0,1.1739977488376514,1.7763568394002505e-15,3,9.0,9.0,0.0,2673183,-0.4985293745994568,-0.8477209806442261,-0.1812116503715515,1.0
112,2,9.0,-1.11696195602417,3.026683807373047,9.0,-1.0209627151489258,2.1080808639526367,3,9.0,9.0,0.0,2675350,-0.4158977270126343,-0.9044856429100037,-0.0945238471031189,1.0
113,2,9.0,-5.340613842010498,3.227583885192871,9.0,-5.256117343902588,2.621150493621826,3,9.0,9.0,0.0,2902593,-0.33147677779197693,-0.9344364404678345,-0.13019885122776031,1.0
114,2,9.0,0.10905897617340088,6.186004161834717,9.0,0.9153589010238647,3.7332329750061035,3,9.0,9.0,0.0,2962916,-0.44964149594306946,-0.848537027835846,-0.27893975377082825,1.0
115,2,9.0,-3.3136608600616455,2.5530431270599365,9.0,-2.4532535076141357,0.46073055267333984,3,9.0,9.0,0.0,3037062,-0.8370231986045837,-0.5060501098632812,-0.20809954404830933,1.0
116,2,9.0,2.0232722759246826,4.927809715270996,9.0,4.185162544250488,1.065033197402954,3,9.0,9.0,0.0,3268815,0.2936939001083374,-0.8341444730758667,-0.4668477773666382,1.0
117,2,9.0,-4.455599308013916,1.946865439414978,9.0,-3.4834751704933384,-2.220446049250313e-16,3,9.0,9.0,0.0,3396781,-0.6882742047309875,-0.6490371823310852,-0.3240823447704315,1.0
118,2,9.0,-1.6212440729141235,3.6472978591918945,9.0,-2.3637280464172363,2.024799346923828,3,9.0,9.0,0.0,3410561,-0.14611206948757172,-0.8995524644851685,0.41165104508399963,1.0
119,2,9.0,5.044864566079979,4.646575664550793,9.0,4.023194789886475,2.3845279216766357,3,9.0,9.0,0.0,3490873,-0.4976806044578552,-0.7904736995697021,0.3570229113101959,1.0
120,2,9.0,1.4012009281071154,7.7581084963611815,9.0,0.3989947831416971,0.0,3,9.0,9.0,0.0,3547316,-0.39912399649620056,-0.9093408584594727,0.11747026443481445,1.0
121,2,9.0,3.917177200317383,5.995241165161133,9.0,3.7787742614746094,5.3778839111328125,3,9.0,9.0,0.0,3565370,-0.011883660219609737,-0.9757107496261597,0.2187403291463852,1.0
122,2,9.0,-1.7254235744476318,4.199745178222656,9.0,-2.6852400302886963,0.2350010871887207,3,9.0,9.0,0.0,3617869,0.03813822939991951,-0.9712178111076355,0.23512008786201477,1.0
123,2,9.0,-1.918131709098816,6.0656585693359375,9.0,-1.8440519571304321,5.034091949462891,3,9.0,9.0,0.0,3720968,-0.747840166091919,-0.6621735692024231,-0.04755261540412903,1.0
124,2,9.0,3.2974908351898193,0.332922101020813,9.0,3.140555132566306,0.0,3,9.0,9.0,0.0,3723109,-0.4199272692203522,-0.8209218978881836,0.3869733214378357,1.0
125,2,9.0,2.834904909133911,6.792087554931641,9.0,2.945091962814331,5.284239768981934,3,9.0,9.0,0.0,3756072,-0.4175563454627991,-0.9062345623970032,-0.06622370332479477,1.0
126,2,9.0,4.163632392883301,4.26939582824707,9.0,3.4684855937957764,1.6015372276306152,3,9.0,9.0,0.0,3777444,-0.6849732995033264,-0.7050278186798096,0.1837046593427658,1.0
127,2,9.0,-4.673492908477783,5.325441360473633,9.0,-4.018650531768799,4.323600769042969,3,9.0,9.0,0.0,3803364,-0.23575009405612946,-0.8134557008743286,-0.5317063927650452,1.0
128,2,9.0,4.670274257659912,0.8937925100326538,9.0,4.727039303371876,0.0,3,9.0,9.0,0.0,3814986,-0.8778427839279175,-0.4779859185218811,-0.03035695105791092,1.0
129,2,9.0,-1.5547109842300415,6.335762023925781,9.0,-1.9279865026474,5.745697021484375,3,9.0,9.0,0.0,3851944,-0.6699671149253845,-0.6273936629295349,0.3968895375728607,1.0
130,2,9.0,5.192182540893555,2.0399770736694336,9.0,5.540212269571959,2.2290877490839245,4,9.0,9.0,0.0,3877443,0.39161619544029236,0.439309298992157,-0.8084825873374939,1.0
131,2,9.0,-1.377225974862009,0.0,9.0,5.020901327597642,4.7034481487428295,4,9.0,9.0,0.0,3878550,0.28064313530921936,0.5685006380081177,-0.7733346223831177,1.0
132,2,9.0,-4.064367771148682,3.678020477294922,9.0,4.2500996589660645,5.062833786010742,4,9.0,9.0,0.0,3912446,0.5335413217544556,0.13895349204540253,-0.8342815041542053,1.0
133,2,9.0,2.5191473960876465,4.563294410705566,9.0,4.7617452201662545,5.211233593660552,4,9.0,9.0,0.0,3918569,0.21547037363052368,0.2710503041744232,-0.9381387233734131,1.0
134,2,9.0,2.513594627380371,3.9114456176757812,9.0,4.957511620794952,4.8538923426998135,4,9.0,9.0,0.0,3930309,-0.3252229690551758,0.3402434289455414,-0.8823063373565674,1.0
135,2,9.0,-5.046030843977189,0.023240469021216015,9.0,-0.24196243286132812,2.1667723655700684,4,9.0,9.0,0.0,3931480,-0.05981489270925522,0.40674033761024475,-0.9115834832191467,1.0
136,2,9.0,-0.7959456443786621,6.270361423492432,9.0,2.7133322016384063,7.236182240494061,4,9.0,9.0,0.0,3933064,-0.016284096986055374,0.26531776785850525,-0.9640235304832458,1.0
137,2,9.0,-5.058559985235771,4.614072023191335,9.0,0.922587336555285,7.8777215905765825,4,9.0,9.0,0.0,3934136,0.17523141205310822,0.4715772271156311,-0.8642389178276062,1.0
138,2,9.0,-5.502565860748291,2.6276822090148926,9.0,1.6835597109119789,7.679583979491342,4,9.0,9.0,0.0,3938383,-0.40469712018966675,0.5259121060371399,-0.7480887174606323,1.0
139,2,9.0,-4.152950399930393,-2.7755575615628914e-17,9.0,4.301677334204371,5.897793163483854,4,9.0,9.0,0.0,3942815,-0.04994577541947365,0.5714163780212402,-0.8191390037536621,1.0
140,2,9.0,1.8056974411010742,3.6446027755737305,9.0,4.4482250493378,5.693624909322266,4,9.0,9.0,0.0,3949402,0.08691864460706711,0.6104511618614197,-0.7872703075408936,1.0
141,2,9.0,5.062671661376953,4.081235408782959,9.0,5.270567855412742,4.110909053206485,4,9.0,9.0,0.0,3958105,0.0751589983701706,0.14090123772621155,-0.9871666431427002,1.0
142,2,9.0,0.08410507440567017,0.2716468572616577,9.0,1.9120700359344482,3.8599472045898438,4,9.0,9.0,0.0,3964077,0.014577568508684635,0.8909485340118408,-0.4538702368736267,1.0
143,2,9.0,2.3156806301594015,-4.440892098500626e-16,9.0,5.516980511383322,2.7265932463499336,4,9.0,9.0,0.0,3973543,0.20341730117797852,0.6348490715026855,-0.745377779006958,1.0
144,2,9.0,-5.359996074187436,0.962470686560885,9.0,-5.015439033508301,1.0673638582229614,4,9.0,9.0,0.0,3980593,0.44473233819007874,0.2608465254306793,-0.8568385243415833,1.0
145,2,9.0,0.7977285385131836,5.215606212615967,9.0,4.188535907669539,6.017537518615522,4,9.0,9.0,0.0,3982313,-0.09202796220779419,0.22917592525482178,-0.9690248966217041,1.0
146,2,9.0,-4.771423637409675,5.196342097476304,9.0,3.9217149702169323,6.299930114054937,4,9.0,9.0,0.0,3992991,-0.3026297986507416,0.12003307789564133,-0.9455195665359497,1.0
147,2,9.0,-0.6183622790113197,0.0,9.0,4.331444453798342,5.866288836120528,4,9.0,9.0,0.0,4000087,0.039077028632164,0.7636996507644653,-0.6443879008293152,1.0
148,2,9.0,-5.537497073742209,2.061991581303819,9.0,4.846975950325355,5.080095096422512,4,9.0,9.0,0.0,4002460,0.3861214816570282,0.2574440836906433,-0.885794997215271,1.0
149,2,9.0,-2.7288341522216797,2.9898178577423096,9.0,-0.8777961435408292,7.881782499253565,4,9.0,9.0,0.0,4007496,0.3179517984390259,0.8867498636245728,-0.33553141355514526,1.0
150,2,9.0,-4.201021001936312,0.0,9.0,0.34993792379901123,7.9296397649458275,4,9.0,9.0,0.0,4018219,0.43005287647247314,0.7830122113227844,-0.4493844509124756,1.0
151,2,9.0,-3.706853642425745,6.5273307393349125,9.0,3.5517203293942323,6.656282636158799,4,9.0,9.0,0.0,4068000,-0.1404237151145935,0.017586663365364075,-0.9899352788925171,1.0
152,2,9.0,5.018432140350342,4.449717998504639,9.0,5.095826834002338,4.525625786305361,4,9.0,9.0,0.0,4075733,-0.01693367213010788,0.7001150846481323,-0.7138291597366333,1.0
153,2,9.0,-5.410465790406523,3.5084824063626634,9.0,3.975767701236421,6.242722868068494,4,9.0,9.0,0.0,4078059,0.5304339528083801,0.23709075152873993,-0.813896656036377,1.0
154,2,9.0,4.572626113891602,1.7283457517623901,9.0,5.495303239414017,1.737724828323677,4,9.0,9.0,0.0,4078466,-0.003783589694648981,0.01016447227448225,-0.9999411702156067,1.0
155,2,9.0,-3.6418426911136024,3.552713678800501e-15,9.0,-0.4104156494140625,3.3230552673339844,4,9.0,9.0,0.0,4080215,0.09924877434968948,0.7133820652961731,-0.6937115788459778,1.0
156,2,9.0,1.2417051792144775,7.229036331176758,9.0,1.3648206154316227,7.768225930811205,4,9.0,9.0,0.0,4092658,-0.22217997908592224,0.9505414962768555,-0.21704117953777313,1.0
157,2,9.0,-3.3588799566595036,0.0,9.0,1.4776439666748047,3.2671709060668945,4,9.0,9.0,0.0,4140642,-0.31182101368904114,0.5318594574928284,-0.7873329520225525,1.0
158,2,9.0,4.296921730041504,0.8247890472412109,9.0,4.7282438893553405,1.1102230246251565e-16,5,9.0,9.0,0.0,4206539,-0.8120060563087463,-0.5171975493431091,-0.27046775817871094,1.0
159,2,9.0,0.9171347885705404,7.8782159355121095,9.0,1.5816396474838257,6.888590335845947,5,9.0,9.0,0.0,4598760,-0.39999666810035706,-0.7608965039253235,-0.5109198689460754,1.0
160,2,9.0,2.036484479904175,4.123422145843506,9.0,2.643598794937134,2.304340362548828,5,9.0,9.0,0.0,4835805,-0.9409259557723999,-0.32119593024253845,-0.10719838738441467,1.0
161,3,12.0,0.7205485105514526,2.294811964035034,12.0,1.3516403436660767,3.909531354904175,1,12.0,12.0,0.0,95603,-0.3938150107860565,0.8561245203018188,-0.33460500836372375,1.0
162,3,12.0,4.777549743652344,3.2954347133636475,12.0,5.044775794206151,4.646786348803452,1,12.0,12.0,0.0,96279,-0.284455806016922,0.9404773116111755,-0.18597674369812012,1.0
163,3,12.0,-3.062067985534668,3.1427557468414307,12.0,-3.726797103881836,3.9725067615509033,1,12.0,12.0,0.0,153312,-0.3236706256866455,0.7384312748908997,0.5915712714195251,1.0
164,3,12.0,4.018544673919678,5.282942771911621,12.0,3.94133644997415,6.279163525615877,1,12.0,12.0,0.0,166939,-0.3170318305492401,0.9455794095993042,0.07328334450721741,1.0
165,3,12.0,4.101386070251465,1.0853208303451538,12.0,4.080449104309082,1.4429112672805786,1,12.0,12.0,0.0,191671,0.010366416536271572,0.9982367157936096,0.05844632163643837,1.0
166,3,12.0,-3.571223497390747,4.835239410400391,12.0,-3.4668729305267334,5.162203788757324,1,12.0,12.0,0.0,236067,-0.3976301848888397,0.8741082549095154,-0.27897125482559204,1.0
167,3,12.0,-1.3625579716760525,2.220446049250313e-16,12.0,-1.1976094245910645,0.3256094455718994,1,12.0,12.0,0.0,246678,-0.3112524747848511,0.8477541208267212,-0.42945876717567444,1.0
168,3,12.0,-4.311377048492432,1.599974274635315,12.0,-4.465301036834717,4.216965675354004,1,12.0,12.0,0.0,249024,-0.484591007232666,0.8732317090034485,0.05136100947856903,1.0
169,3,12.0,3.3851540481935847,0.0,12.0,3.441926956176758,0.36411452293395996,1,12.0,12.0,0.0,286595,-0.09342962503433228,0.9837397336959839,-0.1533852219581604,1.0
170,3,12.0,0.34293824434280396,2.8756802082061768,12.0,1.7566983699798584,7.338982582092285,1,12.0,12.0,0.0,352933,-0.30662801861763,0.9073969125747681,-0.2874198257923126,1.0
171,3,12.0,1.2417128086090088,6.082572937011719,12.0,2.6974036175118683,7.243917518788107,1,12.0,12.0,0.0,440500,-0.04571545869112015,0.6229919195175171,-0.7808912396430969,1.0
172,3,12.0,-4.808463096618652,0.7459404468536377,12.0,-5.207331657409668,3.3291380405426025,1,12.0,12.0,0.0,496283,-0.42972901463508606,0.8923824429512024,0.13779161870479584,1.0
173,3,12.0,3.6407470703125,2.6743786334991455,12.0,1.9211277961730957,4.591429710388184,1,12.0,12.0,0.0,637672,-0.3975476920604706,0.6830466985702515,0.6127014756202698,1.0
174,3,12.0,-1.2845409890106954,0.0,12.0,-1.2466188669204712,0.9192404747009277,1,12.0,12.0,0.0,733663,-0.3952096104621887,0.917810320854187,-0.03786313906311989,1.0
175,3,12.0,4.838111400604248,5.066384792327881,12.0,4.847821645863921,5.078793884502334,1,12.0,12.0,0.0,735573,-0.35254234075546265,0.7369791269302368,-0.5766937136650085,1.0
176,3,12.0,-3.599944591522217,2.364441394805908,12.0,-3.2842532654079233,0.0,2,12.0,12.0,0.0,955873,0.9191226363182068,-0.3905062675476074,-0.05213894695043564,1.0
177,3,12.0,1.5504893064498901,2.684495687484741,12.0,0.8184903860092163,1.8497788906097412,2,12.0,12.0,0.0,1210814,0.8414273858070374,-0.4062786102294922,0.3562830984592438,1.0
178,3,12.0,2.512570858001709,0.11838436126708984,12.0,2.4817618661913214,1.3877787807814457e-17,2,12.0,12.0,0.0,1397584,0.896101713180542,-0.42954108119010925,0.11178611218929291,1.0
179,3,12.0,0.5095083713531494,4.125311851501465,12.0,-1.1569881439208984,2.6346216201782227,2,12.0,12.0,0.0,1820624,0.9047025442123413,-0.28404301404953003,0.3175419867038727,1.0
180,3,12.0,0.7351226806640625,4.0111799240112305,12.0,-1.134659746586294,0.0,2,12.0,12.0,0.0,1918946,0.8057811260223389,-0.5367615818977356,0.25020748376846313,1.0
181,3,12.0,-3.9321675300598145,4.7387237548828125,12.0,-1.25797700881958,7.180253982543945,2,12.0,12.0,0.0,2198350,0.8340855240821838,0.37194058299064636,-0.4073837995529175,1.0
182,3,12.0,-5.056875228881836,1.383455514907837,12.0,-5.380690895901811,1.0243794587128865,2,12.0,12.0,0.0,2255934,0.8716380000114441,-0.3639993369579315,0.3282555341720581,1.0
183,3,12.0,2.1146528720855713,4.587170124053955,12.0,2.6629703044891357,3.028167247772217,2,12.0,12.0,0.0,2332056,0.9472640156745911,-0.3023017346858978,-0.10632265359163284,1.0
184,3,12.0,-0.5359264612197876,3.7316246032714844,12.0,-0.3148380517959595,0.7134928703308105,2,12.0,12.0,0.0,2453966,0.9182058572769165,-0.3950450122356415,-0.028938384726643562,1.0
185,3,12.0,-0.5239515900611877,3.2094109058380127,12.0,-0.24642592668533325,1.626833200454712,2,12.0,12.0,0.0,2461797,0.873673141002655,-0.47920089960098267,-0.08403413742780685,1.0
186,3,12.0,0.46015629172325134,7.899367332458496,12.0,-0.4016801416873932,5.920984268188477,3,12.0,12.0,0.0,2466052,-0.09922638535499573,-0.9122623801231384,0.3974058926105499,1.0
187,3,12.0,-3.4838626384735107,3.769742488861084,12.0,-4.984676361083984,0.1770176887512207,3,12.0,12.0,0.0,2528841,-0.4297794699668884,-0.8331605195999146,0.34804192185401917,1.0
188,3,12.0,1.311862704704335,7.7829536269465525,12.0,2.273363236981402,1.7763568394002505e-15,3,12.0,12.0,0.0,2573061,-0.6834908723831177,-0.7244517207145691,-0.08949825912714005,1.0
189,3,12.0,-2.191272321898526,7.489706246385834,12.0,-0.5902477467979641,1.7763568394002505e-15,3,12.0,12.0,0.0,2673183,-0.4985293745994568,-0.8477209806442261,-0.1812116503715515,1.0
190,3,12.0,4.5695327411597155,5.506977342426553,12.0,3.0100483894348145,4.6346235275268555,3,12.0,12.0,0.0,2674845,-0.7237614393234253,-0.3368793725967407,0.6022305488586426,1.0
191,3,12.0,-4.082683083319854,6.129567909064209,12.0,-3.857588529586792,5.691981315612793,3,12.0,12.0,0.0,2726702,-0.5818207859992981,-0.7232393026351929,-0.37203431129455566,1.0
192,3,12.0,-3.8486344814300537,5.287265300750732,12.0,-3.3262526988983154,3.4274067878723145,3,12.0,12.0,0.0,2770708,-0.43024197220802307,-0.8690837025642395,-0.2441011518239975,1.0
193,3,12.0,0.40150249004364014,3.7131266593933105,12.0,1.4327499866485596,0.18121623992919922,3,12.0,12.0,0.0,2776058,-0.4051206707954407,-0.8776187300682068,-0.2562471926212311,1.0
194,3,12.0,-4.1690354347229,3.7781283855438232,12.0,-3.8303253650665283,1.6228783130645752,3,12.0,12.0,0.0,2842251,-0.05407911539077759,-0.9864295721054077,-0.15502315759658813,1.0
195,3,12.0,0.844637930393219,3.048948049545288,12.0,2.236233949661255,1.7593591213226318,3,12.0,12.0,0.0,2945272,-0.5933891534805298,-0.547111451625824,-0.590388298034668,1.0
196,3,12.0,-0.5712511550240541,7.90957482001965,12.0,-0.5560373067855835,7.707240581512451,3,12.0,12.0,0.0,2959241,-0.5126124024391174,-0.8562031388282776,-0.06437934190034866,1.0
197,3,12.0,1.8032022714614868,4.898336410522461,12.0,1.6519356966018677,2.2019824981689453,3,12.0,12.0,0.0,2987234,-0.21708233654499054,-0.9746208190917969,0.05467665195465088,1.0
198,3,12.0,1.177654504776001,1.6470619440078735,12.0,1.7349638430216814,-2.220446049250313e-16,3,12.0,12.0,0.0,3039560,-0.38329559564590454,-0.8748984932899475,-0.29603564739227295,1.0
199,3,12.0,-0.7291930913925171,1.8057979345321655,12.0,-0.4033454473676861,0.0,3,12.0,12.0,0.0,3070458,-0.8049086332321167,-0.5839678049087524,-0.10537420958280563,1.0
200,3,12.0,-3.06219220161438,1.3711307048797607,12.0,-2.2002540991501625,2.220446049250313e-16,3,12.0,12.0,0.0,3117470,-0.6477118134498596,-0.6450221538543701,-0.4054822623729706,1.0
201,3,12.0,-0.1908794641494751,5.158438682556152,12.0,1.0965243577957153,3.2923154830932617,3,12.0,12.0,0.0,3174124,-0.7541911602020264,-0.5405095219612122,-0.372887521982193,1.0
202,3,12.0,2.9058194160461426,3.499497413635254,12.0,1.6435494422912598,1.9320526123046875,3,12.0,12.0,0.0,3186708,-0.5742116570472717,-0.6376494765281677,0.5135018229484558,1.0
203,3,12.0,-3.636813163757324,4.107785701751709,12.0,-1.3926024436950684,1.7898883819580078,3,12.0,12.0,0.0,3260931,-0.6559318900108337,-0.5422884821891785,-0.5250490307807922,1.0
204,3,12.0,3.554905652999878,4.078449726104736,12.0,4.262184143066406,2.8147130012512207,3,12.0,12.0,0.0,3268815,0.2936939001083374,-0.8341444730758667,-0.4668477773666382,1.0
205,3,12.0,2.746975898742676,4.991037368774414,12.0,3.181335926055908,2.3456640243530273,3,12.0,12.0,0.0,3398542,-0.6097375750541687,-0.7821301817893982,-0.1284227818250656,1.0
206,3,12.0,-1.4930418729782104,4.4718828201293945,12.0,-1.4302741289138794,4.210471153259277,3,12.0,12.0,0.0,3414961,-0.5484851002693176,-0.8130512237548828,-0.19522243738174438,1.0
207,3,12.0,4.900871276855469,3.9396331310272217,12.0,4.67437744140625,2.4419829845428467,3,12.0,12.0,0.0,3458894,-0.2946852743625641,-0.9448503851890564,0.14289265871047974,1.0
208,3,12.0,4.836265563964844,1.2792916297912598,12.0,4.714408953893272,0.0,3,12.0,12.0,0.0,3473623,-0.35819268226623535,-0.9294407367706299,0.08853209763765335,1.0
209,3,12.0,3.7609071731567383,6.439352989196777,12.0,2.9629478454589844,4.610996246337891,3,12.0,12.0,0.0,3516025,-0.0018863121513277292,-0.9165136218070984,0.39999905228614807,1.0
210,3,12.0,-2.938897879743188,7.105838976227225,12.0,-2.5413103103637695,6.336130142211914,3,12.0,12.0,0.0,3588276,-0.4665886163711548,-0.7858297228813171,-0.40591469407081604,1.0
211,3,12.0,-1.281583547592163,5.546506881713867,12.0,-2.6243257883070896,0.0,3,12.0,12.0,0.0,3617869,0.03813822939991951,-0.9712178111076355,0.23512008786201477,1.0
212,3,12.0,-3.56587553024292,3.554563045501709,12.0,-2.2466044425964355,1.5087342262268066,3,12.0,12.0,0.0,3783186,-0.6989243626594543,-0.6010591983795166,-0.3875984251499176,1.0
213,3,12.0,3.8219873905181885,6.40281343460083,12.0,3.5956308841705322,4.74737024307251,3,12.0,12.0,0.0,3816733,0.020970070734620094,-0.9905630350112915,0.1354442834854126,1.0
214,3,12.0,0.9367952346801758,6.5199875831604,12.0,2.1659208693507006,7.502017481273875,4,12.0,12.0,0.0,3865459,0.18047964572906494,0.6139522194862366,-0.7684332728385925,1.0
215,3,12.0,5.120227813720703,3.454031229019165,12.0,5.389643047374141,3.6004247673160346,4,12.0,12.0,0.0,3877443,0.39161619544029236,0.439309298992157,-0.8084825873374939,1.0
216,3,12.0,-2.858190395167327,-1.7763568394002505e-15,12.0,3.352832794189453,4.5659027099609375,4,12.0,12.0,0.0,3878550,0.28064313530921936,0.5685006380081177,-0.7733346223831177,1.0
217,3,12.0,-4.5655449315424175,5.513113103078933,12.0,3.3197569629205077,6.826447097531352,4,12.0,12.0,0.0,3912446,0.5335413217544556,0.13895349204540253,-0.8342815041542053,1.0
218,3,12.0,3.210005760192871,5.451934814453125,12.0,4.384718993508055,5.791337186472558,4,12.0,12.0,0.0,3918569,0.21547037363052368,0.2710503041744232,-0.9381387233734131,1.0
219,3,12.0,3.135892868041992,3.0456061363220215,12.0,5.324180238740616,3.889474349834765,4,12.0,12.0,0.0,3930309,-0.3252229690551758,0.3402434289455414,-0.8823063373565674,1.0
220,3,12.0,-4.6569400097737015,4.440892098500626e-16,12.0,-1.1561660766601562,1.562013864517212,4,12.0,12.0,0.0,3931480,-0.05981489270925522,0.40674033761024475,-0.9115834832191467,1.0
221,3,12.0,-4.587449159825496,5.479410616020106,12.0,-0.04662431424564062,7.957139118858652,4,12.0,12.0,0.0,3934136,0.17523141205310822,0.4715772271156311,-0.8642389178276062,1.0
222,3,12.0,-1.521254301071167,3.803650379180908,12.0,3.0549134718257793,7.020731870576609,4,12.0,12.0,0.0,3938383,-0.40469712018966675,0.5259121060371399,-0.7480887174606323,1.0
223,3,12.0,-3.890729997507915,0.0,12.0,4.393007822989066,5.778583750710916,4,12.0,12.0,0.0,3942815,-0.04994577541947365,0.5714163780212402,-0.8191390037536621,1.0
224,3,12.0,2.766144275665283,4.720550060272217,12.0,4.294363143515298,5.905534210014707,4,12.0,12.0,0.0,3949402,0.08691864460706711,0.6104511618614197,-0.7872703075408936,1.0
225,3,12.0,-0.4629146493027321,-8.881784197001252e-16,12.0,4.949806213378906,1.1133489608764648,4,12.0,12.0,0.0,3953454,0.8492937088012695,0.10636190325021744,-0.5170950889587402,1.0
226,3,12.0,3.9409494400024414,4.149537086486816,12.0,5.179787480943266,4.326360124887312,4,12.0,12.0,0.0,3958105,0.0751589983701706,0.14090123772621155,-0.9871666431427002,1.0
227,3,12.0,-5.285195827484131,2.5082385540008545,12.0,-3.6600136756896973,6.460206031799316,4,12.0,12.0,0.0,3978596,-0.5760886669158936,0.7559612989425659,-0.3108767569065094,1.0
228,3,12.0,-1.5425214767456055,4.377224445343018,12.0,4.391654311925846,5.780666302467711,4,12.0,12.0,0.0,3982313,-0.09202796220779419,0.22917592525482178,-0.9690248966217041,1.0
229,3,12.0,-5.243027605877697,4.176270936888491,12.0,4.620571186391107,5.428448096032476,4,12.0,12.0,0.0,3992991,-0.3026297986507416,0.12003307789564133,-0.9455195665359497,1.0
230,3,12.0,-0.7718665138902492,-4.440892098500626e-16,12.0,4.250354560158314,5.952111132329879,4,12.0,12.0,0.0,4000087,0.039077028632164,0.7636996507644653,-0.6443879008293152,1.0
231,3,12.0,-5.435159832506541,3.3994464100663695,12.0,4.0559164900956866,6.157896599472866,4,12.0,12.0,0.0,4002460,0.3861214816570282,0.2574440836906433,-0.885794997215271,1.0
232,3,12.0,3.2155213356018066,3.6418051719665527,12.0,4.698120735006879,5.309128089645386,4,12.0,12.0,0.0,4013208,0.14460940659046173,0.7394354343414307,-0.6575129628181458,1.0
233,3,12.0,-4.2224543222024575,0.0,12.0,-4.020817756652832,0.32682037353515625,4,12.0,12.0,0.0,4051948,0.4293522536754608,0.7686217427253723,-0.4742122292518616,1.0
234,3,12.0,-1.546531306266047,7.717691840579917,12.0,2.0076980590820312,7.35832405090332,4,12.0,12.0,0.0,4061530,-0.41351577639579773,-0.09159330278635025,-0.9058782458305359,1.0
235,3,12.0,-2.7278127670288086,2.687042713165283,12.0,-1.0910190343856812,3.6221866607666016,4,12.0,12.0,0.0,4062874,0.17927798628807068,0.4880351424217224,-0.8542137145996094,1.0
236,3,12.0,-4.1158064687664595,6.094511444323063,12.0,3.97991292754487,6.238335726537924,4,12.0,12.0,0.0,4068000,-0.1404237151145935,0.017586663365364075,-0.9899352788925171,1.0
237,3,12.0,-3.474799633026123,2.6366465091705322,12.0,-1.3708209991455078,4.570569038391113,4,12.0,12.0,0.0,4072330,0.3019239604473114,0.6451455354690552,-0.7018754482269287,1.0
238,3,12.0,-4.407878162962241,5.7557038101793605,12.0,1.9459815400614353,7.606603967517351,4,12.0,12.0,0.0,4078059,0.5304339528083801,0.23709075152873993,-0.813896656036377,1.0
239,3,12.0,-4.059216129498683,0.0,12.0,-0.5466690063476562,3.6121463775634766,4,12.0,12.0,0.0,4080215,0.09924877434968948,0.7133820652961731,-0.6937115788459778,1.0
240,3,12.0,1.500636100769043,0.48306751251220703,12.0,5.286638262719229,4.05524011397512,4,12.0,12.0,0.0,4096150,-0.3566402792930603,0.6411406397819519,-0.6795192360877991,1.0
241,3,12.0,-1.6000265055025205,0.0,12.0,0.8380575180053711,1.6469755172729492,4,12.0,12.0,0.0,4140642,-0.31182101368904114,0.5318594574928284,-0.7873329520225525,1.0
242,3,12.0,0.7461206912994385,7.071294784545898,12.0,3.6777314659210774,6.558152484759066,5,12.0,12.0,0.0,4165193,-0.7857524752616882,-0.10664656013250351,-0.6092779040336609,1.0
243,3,12.0,5.025179386138916,0.33797013759613037,12.0,5.075207268120996,0.11052204213447586,5,12.0,12.0,0.0,4549611,-0.8193385601043701,-0.5599255561828613,-0.12315738946199417,1.0
244,3,12.0,0.47425301851767254,7.9183689723447,12.0,1.947890043258667,7.010952949523926,5,12.0,12.0,0.0,4686873,-0.8647034764289856,-0.26336345076560974,-0.42770031094551086,1.0
245,3,12.0,3.7417030334472656,3.244724988937378,12.0,4.631048202514648,1.5121328830718994,5,12.0,12.0,0.0,4734941,-0.789479672908783,-0.5460421442985535,-0.2802852690219879,1.0
246,3,12.0,-1.4067069292068481,3.2263834476470947,12.0,0.9237126111984253,1.3664205074310303,5,12.0,12.0,0.0,4771972,-0.7326000928878784,-0.42459553480148315,-0.5319921970367432,1.0
247,3,12.0,3.1325368881225586,5.127959251403809,12.0,5.212549209594727,3.424522638320923,5,12.0,12.0,0.0,4780731,-0.7250521779060364,-0.43635377287864685,-0.5328177213668823,1.0
248,3,12.0,1.8874521255493164,6.675509929656982,12.0,3.881944983843714,6.34202107505577,5,12.0,12.0,0.0,4829848,-0.8667784333229065,-0.0822422131896019,-0.4918651878833771,1.0
249,4,15.0,-1.3331746849209205,0.0,15.0,-1.2775452136993408,0.9682385921478271,1,15.0,15.0,0.0,71492,-0.5522199273109436,0.8323258757591248,-0.04782065749168396,1.0
250,4,15.0,-2.6886730194091797,3.32452392578125,15.0,-1.8723411560058594,5.882359504699707,1,15.0,15.0,0.0,236067,-0.3976301848888397,0.8741082549095154,-0.27897125482559204,1.0
251,4,15.0,-0.26110961774347574,4.440892098500626e-16,15.0,0.2701178789138794,1.0486462116241455,1,15.0,15.0,0.0,246678,-0.3112524747848511,0.8477541208267212,-0.42945876717567444,1.0
252,4,15.0,-2.37966251373291,2.3650763034820557,15.0,-1.2214018106460571,5.830202102661133,1,15.0,15.0,0.0,357596,-0.15397301316261292,0.9371088147163391,-0.31324008107185364,1.0
253,4,15.0,3.4254820250402993,-2.220446049250313e-16,15.0,3.520420551300049,0.7603646516799927,1,15.0,15.0,0.0,453199,-0.6278699636459351,0.772321343421936,-0.09643147140741348,1.0
254,4,15.0,-0.7047027349472046,2.9809374809265137,15.0,0.7209970951080322,6.880894184112549,1,15.0,15.0,0.0,528342,-0.38144272565841675,0.868198037147522,-0.3173855245113373,1.0
255,4,15.0,0.8454524074466436,5.551115123125783e-17,15.0,-0.09759777784347534,3.483856678009033,1,15.0,15.0,0.0,690227,-0.7260154485702515,0.6637890934944153,0.17968204617500305,1.0
256,4,15.0,-1.2695086002349854,0.9542874097824097,15.0,-2.1082558631896973,4.330492973327637,1,15.0,15.0,0.0,728142,-0.5902771353721619,0.7833883762359619,0.1946163773536682,1.0
257,4,15.0,-1.041090726852417,7.448968887329102,15.0,-1.1194526302588317,7.836463236198426,1,15.0,15.0,0.0,751232,-0.7555550336837769,0.6420873999595642,0.12984757125377655,1.0
258,4,15.0,-2.594104766845703,2.8409526348114014,15.0,0.5668549537658691,2.213904619216919,2,15.0,15.0,0.0,958507,0.9607229828834534,-0.053998034447431564,-0.27220508456230164,1.0
259,4,15.0,2.4034743309020996,1.1395248174667358,15.0,2.2532156330939355,2.220446049250313e-16,2,15.0,15.0,0.0,1051994,0.852656900882721,-0.5179874897003174,0.06830228865146637,1.0
260,4,15.0,2.1183247566223145,4.034214496612549,15.0,2.894835948944092,2.0868465900421143,2,15.0,15.0,0.0,1052354,0.7738395929336548,-0.5883335471153259,-0.23459745943546295,1.0
261,4,15.0,1.6420042514801025,6.724514007568359,15.0,1.886216163635254,4.001119613647461,2,15.0,15.0,0.0,1060203,0.8642375469207764,-0.50107342004776,-0.04493219405412674,1.0
262,4,15.0,3.0349388122558594,5.733509063720703,15.0,1.4871902465820312,3.835585832595825,2,15.0,15.0,0.0,1208841,0.9660347700119019,-0.20026330649852753,0.16331392526626587,1.0
263,4,15.0,-2.6444313526153564,4.458786964416504,15.0,-4.519360542297363,3.7976276874542236,2,15.0,15.0,0.0,1272402,0.9598832726478577,-0.09324993938207626,0.26444011926651,1.0
264,4,15.0,-0.27382177114486694,3.240323543548584,15.0,-0.7579806447029114,1.6332221031188965,2,15.0,15.0,0.0,1273121,0.6861276626586914,-0.6965581178665161,0.209846630692482,1.0
265,4,15.0,2.4359090328216553,3.528346300125122,15.0,2.3282454013824463,1.5254576206207275,2,15.0,15.0,0.0,1294210,0.9015581011772156,-0.43203428387641907,0.023223623633384705,1.0
266,4,15.0,-2.9284348000538927,7.113514517183081,15.0,-2.7529499530792236,6.283968448638916,2,15.0,15.0,0.0,1371889,0.8405000567436218,-0.5300805568695068,-0.1121349111199379,1.0
267,4,15.0,-3.9827582681671396,6.235324331964085,15.0,-3.9841361045837402,6.044212818145752,2,15.0,15.0,0.0,1415133,0.8488339781761169,-0.5286458134651184,0.0038113417103886604,1.0
268,4,15.0,2.203950881958008,4.7511820793151855,15.0,5.343857542794169,0.9141921037983298,2,15.0,15.0,0.0,1663915,0.9457669854164124,-0.25139907002449036,-0.2057262808084488,1.0
269,4,15.0,-1.3970849514007568,1.8871984481811523,15.0,-3.200500726699829,1.8974640369415283,2,15.0,15.0,0.0,1702331,0.8869094848632812,0.002629453781992197,0.46193578839302063,1.0
270,4,15.0,-4.395435623472896,5.7748482657931035,15.0,-5.445970609045044,3.3517116655543973,2,15.0,15.0,0.0,1923753,0.8247798681259155,-0.5187956690788269,0.22492048144340515,1.0
271,4,15.0,4.895274639129639,0.539147138595581,15.0,5.12508708764175,0.2597380355995621,2,15.0,15.0,0.0,1981860,0.8809898495674133,-0.3654128313064575,-0.30055004358291626,1.0
272,4,15.0,-5.446614004204572,1.3635398210155372,15.0,-4.411770820617676,2.0544424057006836,2,15.0,15.0,0.0,2178596,0.9973962903022766,0.0400426909327507,-0.05997646972537041,1.0
273,4,15.0,-0.33228058099293944,7.931240634487089,15.0,-0.2664470672607422,7.79786491394043,2,15.0,15.0,0.0,2219402,0.9689868092536926,-0.22158898413181305,-0.10937509685754776,1.0
274,4,15.0,-1.458869218826294,7.300135612487793,15.0,-0.5570155195957225,0.0,3,15.0,15.0,0.0,2573061,-0.6834908723831177,-0.7244517207145691,-0.08949825912714005,1.0
275,4,15.0,0.8915424346923828,6.303260803222656,15.0,0.6707520484924316,4.528425216674805,3,15.0,15.0,0.0,2588057,-0.20425674319267273,-0.9714295268058777,0.12084626406431198,1.0
276,4,15.0,0.8920636177062988,6.6871514320373535,15.0,1.0608482360839844,5.914262294769287,3,15.0,15.0,0.0,2594444,-0.2229471206665039,-0.9523851871490479,-0.2079833298921585,1.0
277,4,15.0,1.5145715712401455,7.726579903941244,15.0,1.762736439704895,6.210211753845215,3,15.0,15.0,0.0,2670719,-0.5733795762062073,-0.8085336685180664,-0.13232244551181793,1.0
278,4,15.0,-3.7418745345348476,6.490266029527238,15.0,-2.3544936173119595,8.881784197001252e-16,3,15.0,15.0,0.0,2673183,-0.4985293745994568,-0.8477209806442261,-0.1812116503715515,1.0
279,4,15.0,2.843480110168457,4.360343933105469,15.0,3.555469512939453,2.479326009750366,3,15.0,15.0,0.0,2842434,-0.48076722025871277,-0.8200675845146179,-0.31040623784065247,1.0
280,4,15.0,1.6205071210861206,6.370644569396973,15.0,2.1019856929779053,4.971076011657715,3,15.0,15.0,0.0,3055001,-0.7496485710144043,-0.6258376836776733,-0.2153002917766571,1.0
281,4,15.0,4.423636436462402,4.160076141357422,15.0,4.914186477661133,2.522264003753662,3,15.0,15.0,0.0,3105872,-0.5299605131149292,-0.812366247177124,-0.2433164268732071,1.0
282,4,15.0,3.0633301044475796,7.014557569097752,15.0,3.131085157394409,6.06557035446167,3,15.0,15.0,0.0,3173475,-0.5315353870391846,-0.8448854088783264,-0.060322485864162445,1.0
283,4,15.0,1.9873374426384405,7.588741605235537,15.0,1.9694390296936035,7.188061237335205,3,15.0,15.0,0.0,3187953,-0.681218147277832,-0.7313511967658997,0.032669514417648315,1.0
284,4,15.0,0.2683129906654358,5.076632022857666,15.0,-1.5238001346588135,1.403998851776123,3,15.0,15.0,0.0,3227732,-0.7050274014472961,-0.6373486518859863,0.31100326776504517,1.0
285,4,15.0,-4.980360071506578,4.799665608994041,15.0,-5.2435302734375,3.7377848625183105,3,15.0,15.0,0.0,3290074,-0.18526369333267212,-0.9538323879241943,0.2363920360803604,1.0
286,4,15.0,-4.467489242553711,1.1049785614013672,15.0,-4.361830666120781,0.0,3,15.0,15.0,0.0,3372684,0.08124697953462601,-0.9921684861183167,-0.09487183392047882,1.0
287,4,15.0,-3.2276337146759033,5.202095985412598,15.0,-2.507660150527954,3.1500356197357178,3,15.0,15.0,0.0,3375620,-0.6324527859687805,-0.7309168577194214,-0.256445050239563,1.0
288,4,15.0,2.0954298074535527,7.53624952454185,15.0,2.276045083999634,7.150356292724609,3,15.0,15.0,0.0,3381632,-0.08244096487760544,-0.9026211500167847,-0.4224671721458435,1.0
289,4,15.0,-2.1978561878204346,3.1070003509521484,15.0,-3.7513301372528076,1.1949251890182495,3,15.0,15.0,0.0,3613252,-0.6356648206710815,-0.5991463661193848,0.486779123544693,1.0
290,4,15.0,-0.8843604701523897,7.881187357014625,15.0,-1.2409029006958008,6.2980546951293945,3,15.0,15.0,0.0,3617813,-0.5085654854774475,-0.8399843573570251,0.18917563557624817,1.0
291,4,15.0,-1.6795827150344849,3.4158568382263184,15.0,-2.285947322845459,0.911128044128418,3,15.0,15.0,0.0,3617869,0.03813822939991951,-0.9712178111076355,0.23512008786201477,1.0
292,4,15.0,1.3063791990280151,0.5704544186592102,15.0,1.2695272160642386,0.0,3,15.0,15.0,0.0,3678789,-0.515384316444397,-0.855176568031311,0.05524535849690437,1.0
293,4,15.0,-2.0580332279205322,7.05409574508667,15.0,0.8568239212036133,5.0491814613342285,3,15.0,15.0,0.0,3688713,-0.6229667663574219,-0.4433087706565857,-0.6445073485374451,1.0
294,4,15.0,1.746037483215332,1.170870065689087,15.0,2.0752802426742605,0.0,3,15.0,15.0,0.0,3719194,-0.7568071484565735,-0.6292344331741333,-0.1769375503063202,1.0
295,4,15.0,-1.200244426727295,2.970632791519165,15.0,-2.471944808959961,1.4653360843658447,3,15.0,15.0,0.0,3843107,-0.5555657744407654,-0.6351532340049744,0.5365883111953735,1.0
296,4,15.0,-0.49039745330810547,6.0843095779418945,15.0,1.5520512376502071,7.716156737117612,4,15.0,15.0,0.0,3865459,0.18047964572906494,0.6139522194862366,-0.7684332728385925,1.0
297,4,15.0,3.31905838993924,0.0,15.0,5.137152045957606,0.29583048257536193,4,15.0,15.0,0.0,3877844,0.21458177268505096,0.15686140954494476,-0.9640275835990906,1.0
298,4,15.0,-4.339155730604988,-8.881784197001252e-16,15.0,0.26470470428466797,3.3844308853149414,4,15.0,15.0,0.0,3878550,0.28064313530921936,0.5685006380081177,-0.7733346223831177,1.0
299,4,15.0,4.876170315275697,8.881784197001252e-16,15.0,5.2686600593783215,0.6892380582188053,4,15.0,15.0,0.0,3923794,0.014985878951847553,0.8688835501670837,-0.49478963017463684,1.0
300,4,15.0,4.486421585083008,2.460592746734619,15.0,5.510952510871052,2.8556822015648056,4,15.0,15.0,0.0,3930309,-0.3252229690551758,0.3402434289455414,-0.8823063373565674,1.0
301,4,15.0,-3.5700604136750407,6.642828655857448,15.0,-1.655996273782744,7.687249424009645,4,15.0,15.0,0.0,3934136,0.17523141205310822,0.4715772271156311,-0.8642389178276062,1.0
302,4,15.0,-3.6285086954131596,-4.440892098500626e-16,15.0,4.474807304470032,5.65272467316646,4,15.0,15.0,0.0,3942815,-0.04994577541947365,0.5714163780212402,-0.8191390037536621,1.0
303,4,15.0,-5.315176550087024,3.9292299377903346,15.0,4.294131228938305,5.905779659116046,4,15.0,15.0,0.0,3953454,0.8492937088012695,0.10636190325021744,-0.5170950889587402,1.0
304,4,15.0,3.6970129013061523,4.343127250671387,15.0,5.089007282658464,4.541810778425151,4,15.0,15.0,0.0,3958105,0.0751589983701706,0.14090123772621155,-0.9871666431427002,1.0
305,4,15.0,4.396080017089844,5.009727954864502,15.0,4.574449000300081,5.499413042150152,4,15.0,15.0,0.0,3972906,0.49897804856300354,0.8142775297164917,-0.2966024875640869,1.0
306,4,15.0,-2.1144533157348633,3.95705246925354,15.0,4.552154566547143,5.533715910771312,4,15.0,15.0,0.0,3982313,-0.09202796220779419,0.22917592525482178,-0.9690248966217041,1.0
307,4,15.0,-5.483607333431785,3.1855275421040496,15.0,5.094645400234468,4.52842970921156,4,15.0,15.0,0.0,3992991,-0.3026297986507416,0.12003307789564133,-0.9455195665359497,1.0
308,4,15.0,-4.354698181152344,2.751335859298706,15.0,1.283839225769043,3.1566317081451416,4,15.0,15.0,0.0,3999963,0.34451115131378174,0.06730564683675766,-0.9363663792610168,1.0
309,4,15.0,-0.8029825091362,0.1450490951538086,15.0,2.5169665813446045,4.0797038078308105,4,15.0,15.0,0.0,4000087,0.039077028632164,0.7636996507644653,-0.6443879008293152,1.0
310,4,15.0,-4.961310517129473,4.844876337960239,15.0,2.5510082244873047,7.028227806091309,4,15.0,15.0,0.0,4002460,0.3861214816570282,0.2574440836906433,-0.885794997215271,1.0
311,4,15.0,1.1446566581726074,1.9727239608764648,15.0,4.45037519734815,5.690316628630663,4,15.0,15.0,0.0,4013208,0.14460940659046173,0.7394354343414307,-0.6575129628181458,1.0
312,4,15.0,-4.468327523457571,5.662694653979946,15.0,4.366320123193326,5.819646227113742,4,15.0,15.0,0.0,4068000,-0.1404237151145935,0.017586663365364075,-0.9899352788925171,1.0
313,4,15.0,-5.525406360626221,2.0422847270965576,15.0,-0.6061468124389648,6.563939094543457,4,15.0,15.0,0.0,4072330,0.3019239604473114,0.6451455354690552,-0.7018754482269287,1.0
314,4,15.0,-4.476591861445556,-3.552713678800501e-15,15.0,-0.9517745971679688,3.624765396118164,4,15.0,15.0,0.0,4080215,0.09924877434968948,0.7133820652961731,-0.6937115788459778,1.0
315,4,15.0,-3.8014438113066946,6.427220292424847,15.0,-0.5645546913146973,6.6064372062683105,4,15.0,15.0,0.0,4095344,0.1729995459318161,0.054448775947093964,-0.9834157228469849,1.0
316,4,15.0,2.0897912979125977,5.946675777435303,15.0,3.6883143083101566,6.546952028161056,4,15.0,15.0,0.0,4095432,0.03573263809084892,0.3513251543045044,-0.9355713725090027,1.0
317,4,15.0,3.9389071464538574,1.209101676940918,15.0,5.026271343231201,2.2350525856018066,4,15.0,15.0,0.0,4096150,-0.3566402792930603,0.6411406397819519,-0.6795192360877991,1.0
318,4,15.0,4.89367931948219,-2.220446049250313e-16,15.0,5.058652876871238,0.06099941033115264,4,15.0,15.0,0.0,4135894,0.39303794503211975,0.31889474391937256,-0.8624542355537415,1.0
319,4,15.0,-5.307799885476619,0.8063252508233891,15.0,-3.489408493041992,1.1351112127304077,4,15.0,15.0,0.0,4140972,-0.2288881242275238,0.17320290207862854,-0.9579201340675354,1.0
320,4,15.0,-4.003262000075001,0.0,15.0,-1.7833023071289062,1.39752197265625,4,15.0,15.0,0.0,4141204,0.016892949119210243,0.5326743721961975,-0.8461517095565796,1.0
321,4,15.0,3.4939212799072266,5.0964274406433105,15.0,5.383681554162922,3.6267476086340364,5,15.0,15.0,0.0,4229686,-0.8290077447891235,-0.3433189392089844,-0.4414501488208771,1.0
322,4,15.0,0.8843501806259155,7.420877456665039,15.0,3.331390857696533,5.6384477615356445,5,15.0,15.0,0.0,4287400,-0.7974923253059387,-0.35522130131721497,-0.4876718521118164,1.0
323,4,15.0,-5.505150714277294,2.979927025222841,15.0,-5.4792327880859375,2.967848300933838,5,15.0,15.0,0.0,4295503,-0.6751033067703247,-0.31162703037261963,-0.6686733961105347,1.0
324,4,15.0,-2.746264934539795,0.6245552897453308,15.0,-2.5504403114318848,0.2548377513885498,5,15.0,15.0,0.0,4302011,-0.7965083718299866,-0.5343075394630432,-0.28300145268440247,1.0
325,4,15.0,-5.334918524054926,3.84205968871864,15.0,-5.025543689727783,3.6421499252319336,5,15.0,15.0,0.0,4505689,-0.8795238137245178,-0.25825923681259155,-0.3996748626232147,1.0
326,4,15.0,-1.2711783647537231,3.289124011993408,15.0,3.3805675534166015,-4.440892098500626e-16,5,15.0,15.0,0.0,4542288,-0.7951066493988037,-0.3501342535018921,-0.49518829584121704,1.0
327,4,15.0,-2.213059663772583,7.379693031311035,15.0,-1.3626601696014404,1.3180952072143555,5,15.0,15.0,0.0,4653284,-0.8904370665550232,-0.45069268345832825,-0.06322900950908661,1.0
328,4,15.0,-0.9849846363067627,3.217864751815796,15.0,0.8878506422042847,2.612297296524048,5,15.0,15.0,0.0,4841142,-0.9429907202720642,-0.10239489376544952,-0.3166761100292206,1.0
329,4,15.0,1.4376680850982666,2.7080838680267334,15.0,2.618112802505493,0.6823279857635498,5,15.0,15.0,0.0,4845386,-0.7901480197906494,-0.529565691947937,-0.30858752131462097,1.0
