rank,set_id,cx_m,cy_m,cz_m,nx,ny,nz,radius_m,dip_deg,dipdir_deg_trendconv,pole_trend_deg,pole_plunge_deg
1,1,19.504,13.727,17.948,0.8396,-0.4379,-0.3215,19.3,71.2,332.5,152.5,18.8
2,3,11.228,15.521,26.001,0.5074,0.3993,-0.7636,16.76,40.2,38.2,218.2,49.8
3,2,25.331,10.308,8.393,0.1562,0.9156,0.3706,7.8,68.2,260.3,80.3,21.8
4,1,12.388,-13.036,-4.538,0.8323,-0.2196,0.5089,6.64,59.4,165.2,345.2,30.6
5,3,25.835,-14.792,-7.286,0.8018,0.5171,-0.2995,6.21,72.6,32.8,212.8,17.4
6,2,12.125,15.763,-5.878,0.9384,-0.07,0.3383,5.77,70.2,175.7,355.7,19.8
7,1,17.248,4.013,13.697,0.9248,-0.0443,-0.3779,5.43,67.8,357.3,177.3,22.2
8,2,22.022,-9.734,3.921,0.989,0.1391,0.0506,4.86,87.1,188.0,8.0,2.9
9,2,11.42,1.691,1.866,0.8521,0.1449,0.5029,4.78,59.8,189.6,9.6,30.2
10,2,21.269,-7.585,-8.866,0.7007,0.438,0.5632,4.62,55.7,212.0,32.0,34.3
11,1,12.448,-9.744,5.65,0.7294,-0.2861,-0.6214,4.62,51.6,338.6,158.6,38.4
12,1,24.776,-3.559,-9.994,0.8524,-0.1058,-0.512,4.51,59.2,352.9,172.9,30.8
13,2,19.722,16.838,4.409,0.9973,0.0596,0.0422,4.39,87.6,183.4,3.4,2.4
14,2,13.594,16.578,5.938,0.7891,-0.0257,0.6137,4.25,52.1,178.1,358.1,37.9
15,3,10.759,9.267,4.563,0.8306,0.1964,-0.5212,4.05,58.6,13.3,193.3,31.4
16,3,10.407,8.058,-7.986,0.783,0.3814,-0.4914,3.98,60.6,26.0,206.0,29.4
17,2,17.412,-5.231,0.439,0.7097,0.3949,0.5834,3.92,54.3,209.1,29.1,35.7
18,2,20.367,3.172,-2.426,0.9661,0.2414,0.0918,3.9,84.7,194.0,14.0,5.3
19,1,21.367,3.369,1.312,0.9132,-0.2754,0.3003,3.87,72.5,163.2,343.2,17.5
20,3,13.356,5.246,13.244,0.6565,0.3296,-0.6785,3.82,47.3,26.7,206.7,42.7
