wedge_id,position,vol_voxel_m3,vol_poly_m3,cx_m,cy_m,cz_m
1,floor,5.73,7.82,14.1,7.53,-1.87
2,wall,18.04,23.71,14.13,6.65,3.53
3,crown,0.05,0.08,13.24,-3.08,3.7
4,crown,1.06,1.19,13.46,-3.18,4.7
5,floor,10.8,17.2,14.79,2.54,-3.3
6,wall,2.16,3.55,14.55,-3.78,3.45
7,wall,1.85,3.89,15.78,7.67,1.03
8,floor,4.82,8.67,17.55,-0.46,-2.43
9,floor,0.13,0.1,16.03,3.32,-2.56
10,crown,13.72,5.48,18.19,5.52,4.28
11,floor,2.98,3.52,18.68,-1.59,-2.86
12,crown,5.89,6.93,19.48,5.03,5.65
13,floor,1.47,0.0,19.99,-3.65,-2.57
14,floor,11.58,14.55,20.45,-0.67,-2.93
15,crown,1.91,2.31,19.95,2.88,6.33
16,crown,2.23,0.0,20.01,5.44,6.09
17,crown,0.11,0.07,19.81,2.12,5.41
18,crown,3.91,4.72,20.26,3.41,6.62
19,floor,3.4,0.0,20.91,-5.37,-2.56
20,floor,3.02,0.0,21.04,-3.86,-3.12
21,floor,0.05,0.0,20.64,2.46,-2.99
23,crown,0.04,0.0,20.74,-0.89,5.17
25,floor,0.06,0.0,20.84,1.39,-3.1
26,floor,0.12,0.03,20.94,0.86,-3.17
27,floor,1.8,2.05,21.35,-0.92,-3.88
28,floor,3.15,7.71,21.49,-4.32,-3.45
29,floor,2.87,0.0,21.69,-6.61,-2.38
