wedge_id,n_bounding_planes,plane_ranks(top20_fractures.csv)
1,6,4 5 9 11 16 17
2,7,4 5 7 11 14 15 17
3,3,11 15 17
4,5,7 11 14 15 17
5,5,4 5 9 16 17
6,4,11 14 15 17
7,4,4 11 14 16
8,5,4 5 14 16 17
9,3,4 5 16
10,6,5 11 14 16 18 19
11,4,5 14 16 17
12,6,5 8 11 16 18 19
13,5,5 14 16 17 19
14,7,5 8 13 14 17 18 19
15,5,5 8 11 18 19
16,5,8 11 13 16 19
17,3,5 18 19
18,6,5 8 11 13 16 19
19,5,5 13 16 17 19
20,5,5 13 14 17 19
21,3,8 14 18
22,3,8 13 18
23,3,8 13 18
24,3,8 13 18
25,4,8 13 14 18
26,4,8 13 14 18
27,5,8 13 14 18 19
28,6,5 8 13 14 17 19
29,5,5 8 13 16 17
