set_id,cx,cy,cz,nx,ny,nz,radius,adoption,radius_status,arc_deg,n_traces,n_faces,residual_m
1,-0.46871427722342696,-0.4365870253189823,-0.45073164247739256,0.500206158895065,-0.8241699829117746,0.2655892277006925,3.59149523120432,deterministic_disc,determined,162.7,3,3,1.761385043634481e-08
1,0.0,-5.281789064407349,-2.657825469970703,0.18638793796539269,-0.7272383442854898,0.6605936172730617,0.5,deterministic_disc,shrinkage,0.0,1,1,1.5916796490885316e-08
1,0.5,-5.3833523988723755,-2.1669711470603943,0.3390539405978422,-0.8766341599631765,0.34140148645067575,0.5,deterministic_disc,shrinkage,0.0,2,2,6.07073657437877e-08
1,0.5,5.0230772495269775,-0.8340183049440384,0.3660215577483186,-0.9263697503752749,-0.08869782890885859,0.8094551218715709,deterministic_disc,shrinkage,213.7,2,2,0.02011532928826124
1,0.0,-0.3902268707752228,-3.2979263067245483,0.25843485581879627,-0.964745677663904,0.04977150516844734,0.6040485779421154,deterministic_disc,shrinkage,0.0,1,1,3.6579338708081593e-09
1,0.75,-1.5993848256766796,-1.76373041421175,0.46812443201663206,-0.8337838679131926,0.29268409208021784,3.3188899985426694,deterministic_disc,shrinkage,236.7,4,3,0.04981624805711929
1,0.0,1.9724488854408264,0.48965996503829956,0.3133467152776045,-0.7221623097571108,-0.6166809826733841,0.583466263076982,deterministic_disc,shrinkage,0.0,1,1,2.797381883770858e-09
1,0.0,1.625030279159546,3.423218846321106,0.309701418055424,-0.9360078132503284,0.1672555086949242,0.5,deterministic_disc,shrinkage,0.0,1,1,9.682290693066634e-09
1,1.026959879060599,-3.830230700754834,-1.5082647487263967,0.5962281791842463,-0.7607950638792688,-0.25632563103126854,1.2887975890614138,deterministic_disc,determined,278.5,3,3,5.555294831225334e-08
1,0.0,-2.2738873958587646,2.3785301446914673,0.35961434857939834,-0.8788633496327523,-0.31349120078259585,0.5,deterministic_disc,shrinkage,0.0,1,1,3.048034055181561e-08
1,0.0,3.9099669456481934,1.976428747177124,0.6499070546902845,-0.6692603848903493,0.3601546299580514,0.5,deterministic_disc,shrinkage,0.0,1,1,5.040362812686079e-09
1,0.5320579223240252,-4.775902798508746,-0.277212454477141,0.33030022514908114,-0.834282038309661,-0.44144675989335774,0.6041259125379745,deterministic_disc,determined,235.9,2,2,1.4355270699232468e-08
1,0.0,4.374290227890015,-2.150136709213257,0.3076565238728976,-0.9329694427851397,0.1868568493463143,0.7226532355652198,deterministic_disc,shrinkage,0.0,1,1,2.6761028715667434e-08
1,0.5,4.580345153808594,-3.035981148481369,0.2626446980169067,-0.9348752946945215,-0.23880105940602464,1.2556878073328006,deterministic_disc,shrinkage,0.0,2,2,5.561245780028721e-08
1,0.0,1.7916465997695923,-2.55656760931015,0.3697772017328239,-0.9250403024759432,0.08697850236614815,0.6772560247695235,deterministic_disc,shrinkage,0.0,1,1,2.5744717851299964e-08
1,0.6281127449735542,-1.1267311701734088,-3.019450583588951,0.5379903469766222,-0.7601868858937509,0.36425579621350546,0.8329984266147655,deterministic_disc,determined,267.6,3,2,0.04153648489440125
1,1.5,3.511746346950531,0.4978007972240448,0.1281199597028296,-0.927768305109011,0.35047289190591974,2.1502177893422916,deterministic_disc,shrinkage,37.2,4,4,4.002326968395763e-08
1,0.5,4.948384046554565,-0.5580852814018726,0.04727321010764697,-0.898321557894732,0.4367878457875175,1.0380470034747826,deterministic_disc,shrinkage,0.0,2,2,8.451098854249144e-08
1,0.0,1.5142532289028168,2.1063173413276672,0.3042474976325832,-0.8233219957388452,0.4791391776059605,1.8020897368636817,deterministic_disc,shrinkage,0.0,1,1,1.085912158429377e-08
1,0.0,4.50011682510376,-0.06242360174655914,0.011535101345918997,0.9930283234169971,0.11731023113338122,0.5,deterministic_disc,shrinkage,0.0,1,1,2.1684169041653092e-08
1,0.0,1.747638761997223,-3.7126787900924683,0.43124720089398216,-0.8506507205527079,0.30069786055817627,0.5,deterministic_disc,shrinkage,0.0,1,1,2.7938856325353193e-08
1,0.0,0.10983014851808548,-3.591177463531494,0.4436091675199732,-0.8883617309134898,-0.11842441277297931,0.5,deterministic_disc,shrinkage,0.0,1,1,6.940150537742846e-10
1,0.3333333333333333,-0.5092823803424835,0.16691862543423971,0.05271247737936475,-0.9683825621908657,0.24383725714743465,1.2354572918204418,deterministic_disc,shrinkage,252.2,3,2,0.06002053196666626
1,0.0,3.5189064741134644,1.7904417514801025,0.14100512632421688,-0.9898202257978593,-0.019325500039239895,1.0792571270909355,deterministic_disc,shrinkage,0.0,1,1,1.4289774466146442e-08
1,0.515114328867312,3.552950832722402,-1.0624616171436776,0.1337484769305652,-0.9859370040249035,-0.10019764973866153,0.8606502473132436,deterministic_disc,determined,249.3,2,2,4.2591736672313354e-08
1,0.0,0.9983570277690887,3.6285282373428345,0.49706408410457525,-0.8478564028917391,-0.18457198153772078,0.5,deterministic_disc,shrinkage,0.0,1,1,1.4044868395758276e-08
1,1.6,-4.106546330451965,0.38011679649353025,0.13630772552566747,-0.9316312227903183,0.33687307503603736,2.071845867531763,deterministic_disc,shrinkage,281.3,5,4,0.06951139563216024
1,0.5318121673436056,-3.4805464890174584,-1.9206377567252928,0.3854509370576948,-0.8516514981176971,0.35512997743815905,0.6682408085611653,deterministic_disc,determined,251.0,2,2,6.461781135921763e-09
1,0.0,-0.17551162838935852,3.208350658416748,0.05255950627566332,-0.9946090007125894,-0.08938922754763486,0.5301868567276873,deterministic_disc,shrinkage,0.0,1,1,4.615708713904193e-09
1,0.5,-5.204423546791077,-1.8839681148529053,0.5080313398219456,-0.6973480321038754,0.5055787573460452,0.8491208853286305,deterministic_disc,shrinkage,0.0,2,2,3.1968025331835987e-08
1,0.5,4.345622360706329,-3.3030611872673035,0.2897321161936083,-0.800190557584345,0.5251193887096808,1.1236633278042667,deterministic_disc,shrinkage,0.0,2,2,2.405599078224868e-09
1,0.0,1.9661317467689514,0.46238475292921066,0.6294969918868336,-0.765190184423249,-0.13497228925872917,0.6729673748267501,deterministic_disc,shrinkage,0.0,1,1,1.0237962812769111e-08
2,0.0,0.04057112103328109,-3.9303089380264282,0.8324903109475126,-0.5027334009342489,-0.23284975792041862,0.5,deterministic_disc,shrinkage,0.0,1,1,9.222323665284765e-09
2,0.0,2.244517683982849,-3.2439850568771362,0.8538748671593142,-0.441669794505169,0.27536431115056564,1.0583761356760246,deterministic_disc,shrinkage,0.0,1,1,2.332523520944645e-08
2,0.0,-4.1270235776901245,-2.4654263257980347,0.90668641350863,-0.2645421924713422,0.32853793686774263,1.4092562732922354,deterministic_disc,shrinkage,67.4,2,1,0.0642562631333181
2,0.4745928065608029,-3.7413854142664973,0.14226001896966728,0.8489626063068506,-0.3596797702820441,0.3871601166733674,1.0113347614134676,deterministic_disc,determined,217.9,2,2,1.3677993609904386e-08
2,0.0,-0.2601383924484253,-1.6463715434074402,0.9863556841178986,0.04509283701771959,-0.1583322470566418,1.2051537085518949,deterministic_disc,shrinkage,0.0,1,1,5.814896442210897e-12
2,0.0,-3.604704976081848,0.6020907685160637,0.826668276084555,-0.2247109599134879,-0.5158726061831052,1.3113269239078154,deterministic_disc,shrinkage,0.0,1,1,8.307437594729366e-09
2,0.0,2.781788468360901,-1.8077077865600586,0.9857367824060529,0.16739579951775882,-0.017367847177247823,0.5,deterministic_disc,shrinkage,0.0,1,1,1.3541850240321263e-08
2,0.0,-4.7459611892700195,-3.7488315105438232,0.7840524845329812,-0.6035066195760511,0.14505675311941482,0.5,deterministic_disc,shrinkage,0.0,1,1,1.0004789798944212e-08
2,0.0,1.858435332775116,2.978076457977295,0.912857368942089,-0.36469063772239896,0.18355425008905885,0.7195387476355456,deterministic_disc,shrinkage,0.0,1,1,9.919881963487077e-09
3,0.0,-1.6981318593025208,3.472226142883301,0.4199807036770348,0.8933880305576215,0.15960587519047417,0.5,deterministic_disc,shrinkage,0.0,1,1,1.8412151717937488e-09
3,0.5,-3.4857450127601624,-2.8974201381206512,0.31980399102149815,0.9323817277941395,-0.1684924953887761,1.4127663567817628,deterministic_disc,shrinkage,0.0,2,2,4.372058800857848e-09
3,0.0,1.8072162866592407,-3.0850605964660645,0.5085377589177837,0.8501031224922992,0.13679922837399758,1.0809390103648777,deterministic_disc,shrinkage,0.0,1,1,3.387970722196929e-08
3,0.0,1.6268343329429626,3.376818895339966,0.6991555092922155,0.6074411271441545,-0.3770899771674949,0.5,deterministic_disc,shrinkage,0.0,1,1,2.6603476744595744e-08
3,0.5,-1.6704144477844238,-3.4410932660102844,0.07201781439555538,0.960653559388747,-0.2682502064182219,0.7501127055644233,deterministic_disc,shrinkage,0.0,2,2,7.681589776848348e-09
3,0.5,4.474215388298035,-2.7810548543930054,0.16574514972861246,-0.9859320008075039,0.021601738938152378,1.4670810235288518,deterministic_disc,shrinkage,0.0,2,2,1.1294631921650509e-07
3,0.5,0.8712665885686874,-3.439620554447174,0.4699498244073114,0.8765171858755126,-0.10423428133013368,0.8623667592399599,deterministic_disc,shrinkage,0.0,2,2,1.7779766491377593e-08
3,0.0,2.8765032291412354,-0.9408796243369579,0.6681049007256226,0.7163068799218987,-0.2013462078186741,1.0180728170605935,deterministic_disc,shrinkage,0.0,1,1,5.827170803953433e-09
3,0.5,-0.034653590992093086,2.994821399450302,0.5036557204050212,0.7827497142136245,-0.36555957134479244,1.3199673934908758,deterministic_disc,shrinkage,0.0,2,2,4.219944532856986e-09
3,0.6985228463807271,-1.4494549034814663,-0.9732707519566354,0.1663898185515222,0.9743513556163251,-0.15150532693942204,0.9303219725151887,deterministic_disc,determined,218.4,2,2,1.5704774085451736e-08
3,0.5,4.484933137893677,-3.390020430088043,0.3785884007812932,0.6549235486474642,0.6540229110825367,1.166777939411605,deterministic_disc,shrinkage,0.0,2,2,2.3673733354422836e-08
3,0.0,3.445931315422058,-2.767936110496521,0.5171185297298201,0.8547531037176277,0.04455959936031294,0.646160937724206,deterministic_disc,shrinkage,0.0,1,1,1.2090957942520427e-08
3,0.30781705604599874,-1.857611420278438,-1.391225061726879,0.31851979913773726,-0.9467789268096644,-0.04641983742319775,1.3065337710872833,deterministic_disc,determined,208.8,2,2,1.6101274172030748e-08
3,0.37809819220634083,-0.5270334690123368,-2.5699420035389227,0.5284503699033206,0.8331928120416469,0.16288015382844054,0.95339152244078,deterministic_disc,determined,235.7,2,2,5.355506286832534e-09
3,0.4008606978824648,1.6744514047957564,-3.436187743322731,0.7762270953252366,0.6277344914587932,0.05848850071523867,1.00845667300383,deterministic_disc,determined,148.6,2,2,3.497369887935165e-09
3,2.6163429504637046,0.7142353996649387,-0.06796078457739867,0.6499071293720438,0.7065362127436599,0.2800487516009232,3.7798058906958287,deterministic_disc,determined,195.3,4,4,3.114971807023508e-08
3,0.0,-3.471585988998413,0.1266953945159912,0.6302100974504807,0.6801208212845535,0.3745275711168408,1.1977998587441037,deterministic_disc,shrinkage,0.0,1,1,4.453468651355992e-09
3,0.0,-5.137483596801758,0.13640132546424866,0.6808416855467491,0.7125760329463743,-0.16938121646826526,0.7987039274054416,deterministic_disc,shrinkage,0.0,1,1,2.3565251576411562e-08
3,0.0,-4.074075222015381,-1.0247635766863823,0.5627420616939994,0.8193432794003505,-0.10953521124216756,1.2908852668432182,deterministic_disc,shrinkage,0.0,1,1,2.900352532595569e-08
3,0.683907344830768,0.46624922329428586,2.9507048433818173,0.049537198461966823,-0.9766274707706049,-0.20915269375446993,1.4941709291087792,deterministic_disc,determined,145.4,3,3,1.1701648398685727e-08
3,0.0,3.4542298316955566,-3.1869670152664185,0.7685900662545829,0.5015414184884059,-0.3971467179713484,0.6308580200620091,deterministic_disc,shrinkage,0.0,1,1,3.940793156181299e-08
3,-0.060189005322720535,3.6782791959464483,-1.2153222450787444,0.35248940451757393,0.80744017796434,0.4730661462330202,2.4540915581273763,deterministic_disc,determined,177.0,3,3,5.241762873885014e-08
3,0.0,-0.4445120841264725,-3.4466954469680786,0.5404353655536764,0.8095781083806814,0.22915693768599238,0.6707455908784424,deterministic_disc,shrinkage,0.0,1,1,2.450863474159355e-09
3,0.0,-1.4884363412857056,-0.9127573296427727,0.5349598521781808,0.8379312149528467,-0.1081167681959888,0.9170808717785907,deterministic_disc,shrinkage,0.0,1,1,3.940491813491871e-08
3,0.6690880151943812,-1.4226433067593287,-2.281439596133998,0.2855609840452387,0.8149328756237988,-0.5043206644771173,1.437504303976364,deterministic_disc,determined,238.1,3,3,2.9362100858920433e-08
3,0.0,-1.6986491084098816,-3.832414150238037,0.5799669530634565,0.8089300264705214,0.09628367270047564,0.5,deterministic_disc,shrinkage,0.0,1,1,3.641222376717682e-08
3,1.0698020353265454,-1.4148800173147476,1.7418084980286457,0.3797147174447206,0.8629826194676196,-0.33328326068478403,1.2493245298659401,deterministic_disc,determined,287.2,3,3,9.039937581596353e-09
3,0.5,4.1177462339401245,-3.790862202644348,0.016205543451293967,0.9990280630974677,-0.040991578466439416,0.5,deterministic_disc,shrinkage,0.0,2,2,1.1867681048566931e-07
3,0.0,-4.65505576133728,-3.925064206123352,0.7803288741015307,0.5761309297704359,-0.24322828783940925,0.5,deterministic_disc,shrinkage,0.0,1,1,2.693289872549477e-08
3,0.5,-3.7127395272254944,-3.8979990482330322,0.04873843976943554,-0.983813283909417,0.1724412563518661,0.5,deterministic_disc,shrinkage,0.0,2,2,3.5764412166470245e-08
3,0.5,-1.6658658385276794,2.917187601327896,0.4977625228031175,0.8426661176925401,0.20529560391215926,1.162033958465207,deterministic_disc,shrinkage,0.0,2,2,1.0719883343527422e-08
3,0.3224900976630738,1.1971400773602914,-2.888515260640597,0.7744365061708918,0.43230727847878436,-0.4619074743756471,1.2961068087148062,deterministic_disc,determined,226.3,2,2,6.836555258152773e-09
3,1.0,1.6731903155644734,2.3633271753787994,0.5509243708749001,0.7717687600429068,-0.3175772639814283,1.5735653526559816,deterministic_disc,shrinkage,66.4,3,3,4.9456909825618854e-08
3,0.5,-1.2484307456761599,3.2141902446746826,0.7082832500830208,0.5771867554407263,-0.40643607983991803,1.1300288355748345,deterministic_disc,shrinkage,0.0,2,2,3.279004390363246e-09
3,0.5757535811250375,-2.323334000305623,0.49377212200833304,0.4925529712513516,0.6968682077552978,-0.5213120673180167,1.2001514825593549,deterministic_disc,determined,227.9,2,2,1.3936192344420979e-08
4,1.5,-2.8226558146998286,1.6077870950102806,0.1292256098393647,-0.6572143847068399,0.7425429242111558,3.7557251771318674,orientation_only,lower_bound,0.0,4,4,6.38910711994621e-08
4,1.5,2.735381245147437,-2.471234977245331,0.06311370423978208,-0.48299448140313966,0.8733458600527316,3.264956579861625,orientation_only,lower_bound,0.0,4,4,2.8840814854536498e-08
4,0.7741057214231946,-1.4055082786992432,-0.6314175077267968,0.02421082732803821,-0.5313090015901608,0.8468320852857186,1.7710044394860454,deterministic_disc,determined,231.9,3,3,4.2328940634394976e-08
4,0.5,-3.1096295416355133,-1.8771671205759048,0.4200885358422343,-0.34573318369208195,0.8390436149259852,2.4882214833273752,orientation_only,lower_bound,54.2,2,2,5.664148928637263e-08
4,1.5,1.3002632409334183,-1.3752185441553593,0.3711072087829978,0.51954406877072,-0.7696449832191838,4.651653140334136,orientation_only,lower_bound,0.0,4,4,2.5199038823238116e-08
4,0.5,4.507533431053162,0.22476588655263186,0.0265055920854832,0.16615547467054026,-0.9857432788638254,1.0798692225245843,orientation_only,lower_bound,0.0,2,2,4.506893679907264e-09
4,1.5,3.7588578164577484,1.5762083008885384,0.3688004659177353,0.47118078924469997,-0.8012333493967929,0.9834140190853038,orientation_only,lower_bound,19.1,4,4,2.505363535717562e-08
4,0.0,-3.3002090454101562,-0.8860116899013519,0.3558057260786994,0.11884176026782489,-0.9269729884446766,1.478105028602496,orientation_only,lower_bound,0.0,1,1,6.375184856042835e-09
4,0.0,4.790730953216553,1.1418085098266602,0.21397547372861622,0.051861632491771635,-0.9754613614684606,0.5,orientation_only,lower_bound,0.0,1,1,1.765825881313156e-08
4,1.5,-2.905812540324405,0.0473518893122673,0.14887877960552767,-0.44161444677610273,0.8847665168742572,3.340615100749964,orientation_only,lower_bound,14.5,4,4,3.4340201028309e-08
4,1.5,-2.686215855181217,1.8438383536413312,0.3992098978165162,-0.5867873513430987,0.704494188612708,3.675298608323435,orientation_only,lower_bound,0.0,4,4,1.7334648807888504e-08
4,1.5,0.3735498785972595,-0.49382296204566956,0.0663130075117809,0.7756494915224379,-0.6276706551494392,4.505552300435267,orientation_only,lower_bound,0.0,4,4,1.9275253043415005e-08
4,0.0,-2.7710884511470795,0.42778658866882324,0.7369081374813109,0.41032722574702624,-0.537213146455459,2.716797573555702,orientation_only,lower_bound,0.0,1,1,6.461346218522139e-08
4,1.5,-5.144197106361389,-0.6822348013520241,0.15693464400481036,0.2670188395522275,0.950827248681518,0.5,orientation_only,lower_bound,9.2,4,4,1.8203574309461418e-08
4,1.5,-2.5062267929315567,1.8760165981948376,0.029708509762676857,0.48765534888908535,-0.8725306098627975,3.596618482282395,orientation_only,lower_bound,16.5,4,4,5.5692693261393315e-08
4,0.0,4.9188690185546875,-3.9918744564056396,0.15420055064034724,-0.06418099864003221,0.9859528333524794,0.5,orientation_only,lower_bound,0.0,1,1,2.1078704560075957e-08
4,1.5,2.6771100615151227,-3.2497273981571198,0.18107595735378199,-0.35366220493042405,0.917678888540083,2.229520136950108,orientation_only,lower_bound,28.3,4,4,4.8151417863915634e-08
4,1.5,1.6375673115253448,3.551674783229828,0.033624700312568846,0.3563172755449713,-0.9337598078077141,0.5,orientation_only,lower_bound,13.5,4,4,6.245376369948096e-08
4,1.5,-1.541383057832718,0.05196678638458252,0.0460250151163458,-0.6821766967674785,0.7297373858936871,5.088974761230762,orientation_only,lower_bound,0.0,4,4,8.672445758039769e-08
4,0.0,5.3443732261657715,-2.801030993461609,0.1672845956822965,-0.519245215678596,0.8380932346954598,0.5,orientation_only,lower_bound,0.0,1,1,2.6117895822575585e-08
4,1.0,4.3642070690790815,-3.2682074507077536,0.42350248786481637,0.5102329097880272,-0.748537253943686,1.8649071404398354,orientation_only,lower_bound,0.0,3,3,5.0691738610116314e-08
4,0.0,2.475189194083214,0.5762346535921097,0.2055438156137746,-0.3260380320153446,0.9227409937476994,2.328156473184718,orientation_only,lower_bound,0.0,1,1,1.4107759346971544e-09
4,0.0,4.975216865539551,-3.940565586090088,0.2507731308765845,-0.4845983665303105,0.8380198446257167,0.5,orientation_only,lower_bound,0.0,1,1,3.2416124765243754e-08
4,1.0,1.1076669842004776,-3.7619429429372153,0.7123223664381763,0.5566435611569921,-0.4274865987307421,0.5,orientation_only,lower_bound,19.0,3,3,1.0240738277486749e-08
4,1.5,3.8055137991905212,0.6824396252632141,0.12344857120821386,-0.37442087850092615,0.9190046006463979,1.7591023990970545,orientation_only,lower_bound,32.5,4,4,4.611231235738489e-08
4,0.0,-2.427838511765003,-0.12213413510471582,0.34639680958923297,-0.05173921298189392,-0.936660186058111,2.2924205566226297,orientation_only,lower_bound,0.0,1,1,7.990101009494046e-09
4,0.0,1.8678607940673828,2.6074535846710205,0.20907738513183055,-0.6432542711178213,0.7365531818647699,1.0153832638354274,orientation_only,lower_bound,0.0,1,1,6.512436720437063e-09
4,1.0908086893149884,-3.6800971059157814,-1.0091117620766485,0.16177002179038605,0.3010122421607517,-0.9397989626081182,1.6885483588364396,deterministic_disc,determined,246.1,3,3,3.8964608557971426e-08
4,1.5,0.2940360903739929,-1.7343497388064861,0.05267530903930956,0.5259662869358376,-0.8488726505339546,4.6078482643513095,orientation_only,lower_bound,28.9,4,4,3.718465078588846e-08
4,1.5,1.4864824414253235,-1.1060633659362793,0.2116447481271444,0.6922906466585798,-0.6898841650155795,4.265063458800984,orientation_only,lower_bound,0.0,4,4,5.654966174883837e-08
4,1.5,1.1063960269093513,-1.9615738317370415,0.3782274259747171,-0.9199735496315349,0.10292075698756639,3.3374744647345587,orientation_only,lower_bound,14.4,4,4,2.74801009573513e-08
4,1.5,1.1372391879558563,-1.0615074634552002,0.15540685454245962,-0.6715523018855101,0.7244765112779652,4.453768793577999,orientation_only,lower_bound,0.0,4,4,6.727411924877856e-08
4,1.5,1.3505208119750023,-0.6632563918828964,0.04000327680300041,0.6981079218521112,-0.7148741618581198,4.371427841544917,orientation_only,lower_bound,75.4,4,4,6.647869272655633e-08
5,0.574420558261926,-4.056433951472912,-0.25500891258123426,0.7172899573842931,0.4025198799798465,0.5687467479086354,0.8757645046839032,deterministic_disc,determined,199.4,2,2,0.05535822799984286
5,0.0,1.682583749294281,0.9824608117341995,0.8633823402133274,0.38407051595994046,0.32720142630805166,0.7247650244518531,deterministic_disc,shrinkage,0.0,1,1,8.258207457360112e-09
5,0.0,3.0528786182403564,-1.7756667733192444,0.8820632205683097,0.24860126077666767,0.4002023089150198,0.5558549718403788,deterministic_disc,shrinkage,0.0,1,1,7.939926155464033e-09
5,0.0,4.424960613250732,-3.7848589420318604,0.7994430054948899,0.5917076460913646,0.10379278646569796,0.5,deterministic_disc,shrinkage,0.0,1,1,3.549467914959846e-08
5,0.0,1.2354230284690857,3.1538593769073486,0.6966084139335159,0.6216173080502903,0.35822987029188674,0.5216239983603298,deterministic_disc,shrinkage,0.0,1,1,2.150841250539172e-08
5,0.0,5.486771583557129,-1.5974897146224976,0.8383998130319148,0.456072352417541,0.29846903167394223,0.5,deterministic_disc,shrinkage,0.0,1,1,1.7130893737319104e-08
5,0.0,3.0515079498291016,1.2120311707258224,0.5354689112432109,0.42689165060868134,0.7287225560750852,0.8610118831067095,deterministic_disc,shrinkage,7.2,2,1,0.023871728925788108
5,0.0,-5.03081202507019,-2.5192086696624756,0.7661004234602841,0.24595602396506594,0.5937977563525053,0.5626664292443022,deterministic_disc,shrinkage,0.0,1,1,4.0570339078864125e-08
5,0.0,0.5384381003677845,1.772800326347351,0.8275230714872979,0.18037707023216987,0.5316668869608934,0.565299422250748,deterministic_disc,shrinkage,0.0,1,1,1.243583152225557e-08
5,0.5,0.2995605915784836,2.8925510942935944,0.48804435046442884,0.5947643737231781,0.6388020442433083,1.6999392291434536,deterministic_disc,shrinkage,0.0,2,2,3.999806856913521e-09
5,0.0,-2.928791880607605,1.8804525136947632,0.6769937075045224,0.5671692917565085,0.469039992418239,0.5,deterministic_disc,shrinkage,0.0,1,1,7.183668550201679e-09
5,0.0,0.49685244262218475,-2.4123106002807617,0.5682650193472977,0.73695838256854,0.36601531408969346,0.6471309055928693,deterministic_disc,shrinkage,0.0,1,1,1.6397267509777806e-08
5,0.0,-1.9319327473640442,2.338651180267334,0.8578036252067277,0.3178884620027718,0.40388100513357666,0.5,deterministic_disc,shrinkage,0.0,1,1,1.8609202734328037e-09
5,0.0,4.158846139907837,-2.452874720096588,0.5169496621884004,0.7995358837958197,0.3057865551101554,0.7165775689170931,deterministic_disc,shrinkage,0.0,1,1,5.847838930746325e-08
5,0.0,-2.2901982069015503,-0.9242116510868073,0.8430152811301842,0.09086949033123302,0.5301584400044371,0.5,deterministic_disc,shrinkage,0.0,1,1,1.8482511704901537e-08
5,0.0,2.701071262359619,1.0827405750751495,0.8436359979188917,0.39251864961637195,0.3663432989952672,0.7641374856394467,deterministic_disc,shrinkage,0.0,1,1,4.223538057856202e-09
5,0.0,3.6594722270965576,-2.6301029920578003,0.6417876438031054,0.2788397054638091,0.7143927763622155,0.6857577057274936,deterministic_disc,shrinkage,0.0,1,1,2.604006947613122e-08
5,0.0,-1.2361125946044922,1.5658826231956482,0.7596907494557771,0.5569798857591317,0.33562385500894365,0.5631940385168792,deterministic_disc,shrinkage,0.0,1,1,5.658314614235879e-09
5,1.5,-1.3988324422389269,-0.7781287990510464,0.7586773289330984,0.4478378728726332,0.4731278370418025,2.010955095459355,deterministic_disc,shrinkage,289.9,4,4,0.05815345033707741
5,0.0,-3.2086453437805176,-0.8731723725795746,0.818027836633485,0.30666952675503945,0.48660482925324583,0.5,deterministic_disc,shrinkage,0.0,1,1,1.2929657957945396e-08
5,0.0,-2.467069983482361,-3.9250802993774414,0.8024673311025586,0.4420086062289823,0.40084233126336477,0.5,deterministic_disc,shrinkage,0.0,1,1,2.8441930941916064e-08
5,0.0,3.434513807296753,-2.5704944729804993,0.8740206798068952,0.4610418891589898,0.15338913817673885,1.1301326996952399,deterministic_disc,shrinkage,0.0,1,1,2.525284912815624e-08
5,0.0,1.9910320043563843,-0.40071791037917137,0.7471464229176311,0.47146448195556884,0.4685012966638998,0.5711808124943989,deterministic_disc,shrinkage,0.0,1,1,2.483710898385514e-08
5,0.0,0.7906504273414612,3.5549089908599854,0.6523922563589456,0.711272405610133,0.26167901876241123,0.5,deterministic_disc,shrinkage,0.0,1,1,3.0849150224832735e-08
5,0.5,-2.932982861995697,2.7783188819885254,0.8266322638386622,0.5198429986332297,0.21550488893057673,0.5,deterministic_disc,shrinkage,0.0,2,2,1.0488349727791627e-08
5,0.0,0.3386617098003626,-0.7031678855419159,0.6478496965719925,0.49015645522687185,0.5831272760307178,0.5,deterministic_disc,shrinkage,0.0,1,1,1.3006156663513314e-08
5,0.0,1.0362292528152466,1.6470935344696045,0.7022839265393547,0.4550278534593553,0.5474914968295287,0.5,deterministic_disc,shrinkage,0.0,1,1,2.3747592595522645e-08
5,0.0,-4.326391935348511,1.775001883506775,0.840137704358213,0.3589823476728036,0.40657141042507433,0.5,deterministic_disc,shrinkage,0.0,1,1,1.2324377730490243e-08
5,0.5078581694052273,1.6691237173915692,-1.7934064022301985,0.8216481221506287,0.48723082499284476,0.295804811561843,1.0555472319657624,deterministic_disc,determined,229.0,2,2,0.03804603325866364
5,0.0,-1.6074406504631042,-0.8209306597709656,0.36916884615643536,0.7905506456480189,0.4886144079875527,0.5,deterministic_disc,shrinkage,0.0,1,1,1.2157910176833457e-08
5,0.0,3.3197118639945984,1.594376564025879,0.8402929646452052,0.4266952939140694,0.33442317461467563,0.5,deterministic_disc,shrinkage,178.4,2,1,0.04833072966800796
5,0.0,-0.07913532853126526,3.3296725749969482,0.4939643434883742,0.43115138939949293,0.7550547707159967,0.5749812547198734,deterministic_disc,shrinkage,0.0,1,1,2.2791496641141877e-08
5,0.0,-0.0214768648147583,-0.973317950963974,0.9285749100133492,0.16232597658566278,0.3337647582043546,1.198621669991527,deterministic_disc,shrinkage,0.0,1,1,5.115487524710034e-09
5,0.0,-1.7943592071533203,-1.8979948163032532,0.7302924281055723,0.5356383836430458,0.42398642834403677,0.5,deterministic_disc,shrinkage,0.0,1,1,4.552113289220478e-09
5,0.0,3.3783854246139526,-2.0526141449809074,0.7473482379310766,0.657986988849105,-0.09232406927016819,2.2318867716637074,deterministic_disc,shrinkage,0.0,1,1,5.511654334647432e-08
5,0.0,-5.0791637897491455,-1.6659504771232605,0.7035957798985014,0.4278499024313547,0.5673600615997745,0.6296661454514935,deterministic_disc,shrinkage,0.0,1,1,8.695165398623477e-08
5,0.0,3.8771660327911377,-0.8206497430801392,0.8316626084386513,0.027144615036839622,0.55461741371825,0.7040807094520558,deterministic_disc,shrinkage,0.0,1,1,3.69280345449704e-09
5,0.0,-2.4268147349357605,-2.233535647392273,0.8920081040345718,0.3140527529443377,0.3251036922348488,0.6943368866565438,deterministic_disc,shrinkage,0.0,1,1,3.377326783941297e-09
5,0.0,0.44649847224354744,2.5939624309539795,0.7297249255827734,0.49529843296993853,0.47136079098790057,0.6164460112142393,deterministic_disc,shrinkage,0.0,1,1,2.3794763593792777e-08
1,1.5,-2.9119840264320374,2.7164803743362427,0.3035070780973253,-0.9465424765407974,0.10927393856193798,0.6494252170225384,deterministic_disc,shrinkage,0.0,2,2,2.8825179193663617e-08
1,1.0,2.8920979499816895,0.19358940422534943,0.10918784390034791,-0.9655947308949341,0.23601870775922226,0.5774075521996967,deterministic_disc,shrinkage,0.0,1,1,2.7897423006475508e-08
1,1.0,2.211674451828003,3.432598829269409,0.5517909603379237,-0.7828566540611048,-0.2875103394342604,0.5,deterministic_disc,shrinkage,0.0,1,1,2.4652621621885162e-08
1,1.0,-2.19843590259552,0.00490860641002655,0.44410935027896287,-0.7639623281520074,0.46811157447702795,0.5552426001404452,deterministic_disc,shrinkage,0.0,1,1,4.8656110368189535e-09
1,1.0,5.318582057952881,-2.1325512528419495,0.026763743829843294,0.9568544332202414,-0.28933250014988127,0.5807923082757848,deterministic_disc,shrinkage,0.0,1,1,1.4216171271475548e-07
1,1.6783969304695643,-3.3400592703552987,-2.456727041544218,0.5437536670921389,-0.8377467019027678,-0.05012397604826101,0.8699123541726707,deterministic_disc,determined,232.3,2,2,1.3796443654836692e-08
1,1.0,-0.11709722876548767,0.4126210920512676,0.04992294415127,0.9977937547805482,-0.043764398410174696,0.6416411021828939,deterministic_disc,shrinkage,0.0,1,1,3.1426616929424984e-09
1,1.0,-1.7004722952842712,2.735999584197998,0.741749867703848,-0.592321979946892,0.3145819540805191,0.5,deterministic_disc,shrinkage,0.0,1,1,1.583749276458519e-08
1,1.0,-4.585747241973877,-3.9785690307617188,0.1292666797589619,-0.9907948410926171,0.04019587501659491,0.5,deterministic_disc,shrinkage,0.0,1,1,1.6422816944161488e-07
1,1.4558779248293885,0.16269159098940172,-1.3390976069764295,0.02366704835945065,0.9964806632494007,-0.08041242809408287,0.8930431907770228,deterministic_disc,determined,241.4,2,2,1.8204768215172763e-09
1,1.0,-0.44054630398750305,2.9896979331970215,0.07840235444844502,-0.985586215114483,-0.14990958406068816,0.7026233994194564,deterministic_disc,shrinkage,0.0,1,1,7.72301858770601e-09
1,1.0,3.7444210052490234,-1.400969237089157,0.622712490072746,-0.7388182844442339,-0.25763675451743934,0.8953566471707809,deterministic_disc,shrinkage,0.0,1,1,1.161393554146256e-08
1,1.5,4.251854777336121,-3.8278558254241943,0.1053482591807865,-0.9903511133895077,0.09003564014178224,0.5,deterministic_disc,shrinkage,0.0,2,2,5.4942860411170816e-08
1,1.0,-3.3204071521759033,2.197491228580475,0.19302058470122346,-0.9755312926865579,0.10526989536848227,0.6375998277803939,deterministic_disc,shrinkage,0.0,1,1,4.1948568720273694e-08
1,1.0,0.943612577393651,-1.9346759915351868,0.40726173333771853,-0.6056947453438543,0.683572787654395,0.8049659856236325,deterministic_disc,shrinkage,9.7,2,1,0.03214308694114885
1,1.0,-0.47111547738313675,-1.8107505440711975,0.37250692179665773,-0.8270875928669799,-0.4209093809112405,0.7630645628772039,deterministic_disc,shrinkage,0.0,1,1,5.269740728834228e-09
1,1.0,1.3301962018013,-1.4168086647987366,0.6379284888788568,-0.7464317118560773,-0.1894384929531069,0.5551865170810824,deterministic_disc,shrinkage,0.0,1,1,7.748402830319278e-09
1,2.0,-4.513578017552693,-2.680897374947866,0.12420590752723405,-0.9721642865448732,0.19866930437798896,1.7366729072565603,deterministic_disc,shrinkage,68.9,3,3,6.02965107557868e-08
1,2.122926466670544,1.5784351649280424,0.28434906348213373,0.1636789081973068,-0.9425018815495044,-0.291375047468004,1.4789161971203393,deterministic_disc,determined,253.9,3,3,1.9497483475416354e-08
1,2.0,3.146582285563151,-3.4507654905319214,0.3928808161964572,-0.900076865820862,0.18843115421527212,1.1804132787617125,deterministic_disc,shrinkage,42.0,3,3,1.4883192031061196e-08
1,1.0,-3.950760245323181,2.0708348751068115,0.6787026679971566,-0.7298117447138559,-0.0820823107085748,0.5,deterministic_disc,shrinkage,0.0,1,1,3.0375175071895275e-08
1,1.0,0.0181998573243618,-3.9418747425079346,0.2841947673830955,-0.9585049149270278,0.022397818036574778,0.5,deterministic_disc,shrinkage,0.0,1,1,1.9878485516785247e-09
1,1.0,0.4847017377614975,3.8048983812332153,0.2716745083714104,-0.9604318545475475,0.061348302922828,0.5,deterministic_disc,shrinkage,0.0,1,1,8.824822474172621e-09
1,1.0,-4.839584589004517,-0.0012243986129760742,0.5341240188859844,-0.8408113751471801,0.08802138303953595,1.2140428273297172,deterministic_disc,shrinkage,0.0,1,1,7.774964701741761e-08
1,1.0,-3.0284899473190308,-1.218284398317337,0.15388457124526844,-0.7902949271335246,0.5930880768314915,0.567614824976393,deterministic_disc,shrinkage,0.0,1,1,4.054551981822372e-08
1,1.0,5.022696256637573,-1.5396391153335571,0.02933461774036352,0.9595370876183592,-0.2800500985304307,0.603828744615949,deterministic_disc,shrinkage,0.0,1,1,1.0510044730100568e-07
1,1.0,-4.903646945953369,-2.457764506340027,0.6202694860419944,-0.7659022319141467,0.16929127512701003,0.9730789772265828,deterministic_disc,shrinkage,0.0,1,1,4.7114115934719136e-08
1,1.193814491788305,3.0202493348550363,2.0027957003803274,0.20892846761325928,-0.9465955554358736,-0.24557229047639997,0.9423324863559605,deterministic_disc,determined,204.3,2,2,4.556115276199274e-08
1,1.0,1.5548291206359863,-2.0630987882614136,0.3307848042553024,-0.9248165672399801,0.1878715790965754,0.6768591234742323,deterministic_disc,shrinkage,0.0,1,1,1.1734997213266529e-08
1,1.0,-0.6969837695360184,-0.3041650429368019,0.11726831835581439,-0.8097888363038673,0.5748827550967482,0.8077196086855075,deterministic_disc,shrinkage,0.0,1,1,1.3089391134549289e-08
1,1.0,0.5230232775211334,-3.45816171169281,0.1168097883178242,0.9311088558882952,-0.34553114452902084,0.6692170925215533,deterministic_disc,shrinkage,0.0,1,1,1.5372514313403255e-08
1,1.0,-1.3027006089687347,-1.0230231136083603,0.575466693378023,-0.7021294843580986,-0.4193474359139388,0.8349130060511112,deterministic_disc,shrinkage,0.0,1,1,1.36261548758145e-08
1,1.0,-1.4572412371635437,-3.434126138687134,0.2583200917717697,-0.9277253697312677,-0.26943713282323756,0.5,deterministic_disc,shrinkage,0.0,1,1,3.085413507850228e-08
2,1.0,-4.827467679977417,-3.3251394033432007,0.9040259276505324,-0.3154133015837501,-0.2885334838794845,1.0865561864581141,deterministic_disc,shrinkage,0.0,1,1,2.8248902338356687e-08
2,1.0,-4.194026947021484,0.22027325630187988,0.8694758302113095,-0.4924496646238256,0.03879572773174785,1.5376423315737873,deterministic_disc,shrinkage,0.0,1,1,4.567811936132189e-08
2,1.0,2.715149402618408,2.367079734802246,0.6519876058890983,-0.7224085856558241,-0.23029979838843498,1.280854860634495,deterministic_disc,shrinkage,0.0,1,1,3.501845876014445e-09
2,1.0,2.9914029836654663,0.10665054619312286,0.9431055227511429,0.2051864572976137,0.26163044680990055,1.0008024488615237,deterministic_disc,shrinkage,0.0,1,1,1.3462699876124884e-08
2,1.0,3.476107954978943,-3.620087504386902,0.9273015753119811,-0.32734405628618546,-0.18154243922021382,0.5160849855750876,deterministic_disc,shrinkage,0.0,1,1,3.1352749371323646e-08
2,1.0,3.4428834915161133,0.11566853523254395,0.9520556472352185,-0.13751112129272716,0.27327776361853173,1.0123579779426792,deterministic_disc,shrinkage,0.0,1,1,1.4393180188469985e-08
2,1.0,3.9121224880218506,1.7164987325668335,0.9863061212397412,-0.04146734212015894,-0.15962673567578461,0.7697214583678882,deterministic_disc,shrinkage,0.0,1,1,5.902413613441369e-09
3,1.5,-4.901419520378113,-3.098952293395996,0.10072577950914845,0.9398120101660372,-0.3265083504138093,0.8621505514815115,deterministic_disc,shrinkage,0.0,2,2,4.8189765949780636e-08
3,2.0,-0.9040534744660059,-3.3631327152252197,0.4235344771943204,0.8903659023875181,-0.16693443770952254,1.21066916204115,deterministic_disc,shrinkage,11.5,3,3,1.5094031054578097e-08
3,1.7682511023221057,1.6617957168188302,1.539688341773434,0.7655269029167451,0.5998118756100943,0.2327966382656703,1.3519716324211186,deterministic_disc,determined,210.9,2,2,6.796839347221475e-09
3,1.904143563732288,1.5123906121173807,-2.024332311946957,0.4721857240619185,0.878117556636224,0.07713753119817614,1.389487512591654,deterministic_disc,determined,275.2,3,3,1.808831001447399e-08
3,1.3003590871134376,2.8124832921792304,3.114668626438473,0.5444481999416568,0.6509350233945782,0.5290177245599523,1.0187908940811556,deterministic_disc,determined,145.6,2,2,7.744583154918496e-09
3,1.5,-2.1376532316207886,3.1555160880088806,0.5674967661214986,0.8103534379212074,-0.14585858250689676,0.7957979993146572,deterministic_disc,shrinkage,0.0,2,2,1.0554360341743852e-08
3,1.2730288547595994,-0.7137150776545613,2.079779914246974,0.7663226904956263,0.5800796655697078,0.27614690949579834,1.2186814659656011,deterministic_disc,determined,220.8,2,2,1.2510721530384893e-08
3,1.8322266412044557,0.9793926413789633,0.3491697237241089,0.2832741809126846,0.8916783346211313,0.35307999942723106,0.9389262262303472,deterministic_disc,determined,201.5,2,2,1.4429522303247052e-08
3,2.0,0.569997971256574,3.2637367248535156,0.04501987225533792,0.9983728719140692,-0.03499742459334132,0.9017734914073862,deterministic_disc,shrinkage,50.7,3,3,1.537163236086507e-08
3,2.343419120820574,3.877324847879889,1.3847874353687895,0.3966818011189424,0.7160178741215913,0.5744231476876859,1.069251465777808,deterministic_disc,determined,202.4,4,3,0.046795200787864116
3,2.9307787579529605,1.7598169362673488,1.3250221990661206,0.2402847323233369,0.947423079234814,-0.21131198817276262,2.3638680201750093,deterministic_disc,determined,124.4,3,3,2.9290281823774405e-08
4,2.0,-0.33852114776770276,1.7913550237814586,0.05038260721954255,0.7696672928609878,-0.6364541233975941,3.6764744149217354,orientation_only,lower_bound,22.1,3,3,4.316043160972719e-08
5,1.0,2.1718477606773376,0.054190754890441895,0.8805141310760157,0.24813232926450934,0.40388762316914134,0.5289933658654229,deterministic_disc,shrinkage,0.0,1,1,8.17943299452864e-09
5,1.0,4.355491876602173,0.05908122658729553,0.9555773032657011,0.29160731706348725,0.04286245581491238,0.5,deterministic_disc,shrinkage,0.0,1,1,6.981082130905853e-11
5,1.0,-3.4003430604934692,-1.3500809073448181,0.8697589727938113,0.2997733684331377,0.39198884782976245,0.5,deterministic_disc,shrinkage,0.0,1,1,2.8991902543887063e-09
5,1.0,0.9154452979564667,3.5121570825576782,0.8783366710338282,0.43187904506369534,0.2049516595494737,0.5,deterministic_disc,shrinkage,0.0,1,1,1.4267195477489662e-08
5,1.0,2.760304570198059,2.782757878303528,0.7865037897282103,0.4131422627962525,0.45904821036003973,0.7088982276913014,deterministic_disc,shrinkage,0.0,1,1,3.244302596692348e-08
5,1.0,0.575162747874856,-1.1785051226615906,0.43490329883397894,0.49261761276430516,0.7537818041434272,0.711053340384035,deterministic_disc,shrinkage,0.0,1,1,1.0888895263258305e-08
5,1.0,-1.6867980360984802,-3.846407175064087,0.8516345813874973,0.4048852751258141,0.33284599106979823,0.5,deterministic_disc,shrinkage,0.0,2,1,0.029225181905513906
5,1.0,-0.08641783893108368,-3.447645664215088,0.8898874940397021,0.29502468714730307,0.3479377558204559,0.6110989538042844,deterministic_disc,shrinkage,0.0,1,1,2.3062964548360687e-09
5,1.0,1.710516095161438,0.856698177754879,0.7799273113777204,0.4734700390192728,0.40931590626093256,0.926085274494038,deterministic_disc,shrinkage,48.7,2,1,0.06177464745103445
5,1.0,2.493385910987854,-2.773150324821472,0.8561662483849769,0.40630412331045285,0.3192120212450003,0.5,deterministic_disc,shrinkage,0.0,1,1,6.869918008510029e-09
5,1.0,-3.811784863471985,-2.324947953224182,0.7168400470350458,0.5022502073519013,0.483616662431895,0.7065035913791416,deterministic_disc,shrinkage,0.0,1,1,8.091768173670062e-08
5,1.0,-4.357473969459534,0.8813435137271881,0.9130244912468976,0.22723490152476367,0.33874854673101545,0.5919241980257165,deterministic_disc,shrinkage,0.0,1,1,2.3767033837734224e-08
5,1.0,-0.4339377232827246,2.3062013387680054,0.774329653883906,0.515342647181197,0.367199595740936,0.8616177621786153,deterministic_disc,shrinkage,0.0,1,1,1.3203632128224813e-08
5,1.0,-2.653999924659729,3.0959988832473755,0.7095419109097293,0.4075160886518714,0.5748746943051588,0.5,deterministic_disc,shrinkage,0.0,1,1,5.160114073867299e-09
5,1.0,4.253244876861572,-3.7020095586776733,0.5596093650100286,0.5745099304627758,0.5973070386264749,0.5,deterministic_disc,shrinkage,0.0,1,1,3.4176346043562546e-08
5,1.0,3.108849048614502,2.944528579711914,0.8032420393382953,0.5372077304077351,0.25731319559988924,0.5,deterministic_disc,shrinkage,0.0,1,1,3.387141638141919e-08
5,1.0,0.8244909644126892,1.259907066822052,0.6826996170356036,0.4922770831216886,0.5399856538211384,0.5554435658565009,deterministic_disc,shrinkage,0.0,1,1,1.0918093329277254e-09
5,1.0,-5.364755868911743,-2.7973321676254272,0.8477358533949428,0.00995111804633591,0.5303252757679725,0.5,deterministic_disc,shrinkage,0.0,1,1,2.854260465579485e-08
5,1.0,0.5837103128433228,1.4677318334579468,0.7151805175804122,0.6856804502912061,0.13549593116349615,0.5,deterministic_disc,shrinkage,0.0,1,1,2.514465085340407e-09
5,1.0,3.586460590362549,2.1726009249687195,0.9423973781764544,0.17045130236108139,0.2878081568155359,1.186720990390797,deterministic_disc,shrinkage,0.0,1,1,7.579478537521895e-09
5,1.0,3.8839008808135986,-0.05510890483856201,0.7529811809977331,0.31518032941113033,0.5776510200939234,1.5159776688719737,deterministic_disc,shrinkage,0.0,1,1,2.097458230967888e-09
5,1.0,-1.3858563899993896,-1.503006637096405,0.7084205747176695,0.4716016948573276,0.5251020193489861,0.9755712043449469,deterministic_disc,shrinkage,0.0,1,1,6.56154955309811e-09
5,1.0,-0.15685098990797997,-0.4140917956829071,0.7826205984489789,0.5402135777504189,0.30931260772470054,0.5,deterministic_disc,shrinkage,0.0,1,1,2.0639933719169823e-10
5,1.0,1.5269270539283752,2.0473113656044006,0.7762322419899716,0.3269523081660631,0.5390414591477226,0.5738400136689011,deterministic_disc,shrinkage,0.0,1,1,2.4355196933795675e-08
5,1.0,-3.781969666481018,0.6479496452957392,0.7240455815360715,0.4809544132097606,0.49440959565136583,1.0825750838496888,deterministic_disc,shrinkage,0.0,1,1,9.352733501991267e-09
5,1.0,2.5610544681549072,-2.189290404319763,0.5228762145839149,0.5879101286759006,0.6172213094366412,0.5,deterministic_disc,shrinkage,0.0,1,1,6.41945177888089e-08
5,1.0,3.729349374771118,-2.5869699716567993,0.8514979435430988,0.39760157249898154,0.34185412340384425,0.929355579475704,deterministic_disc,shrinkage,0.0,1,1,1.659502748158977e-08
5,1.0,-5.274782180786133,-0.3611477464437485,0.4892605766567341,0.28743204036231373,0.823411750160682,0.5,deterministic_disc,shrinkage,0.0,1,1,3.0561019922594577e-09
5,1.0,-3.8935463428497314,-0.7006125710904598,0.5812705653112222,0.795875475729283,0.16943068504689437,0.6770798002016244,deterministic_disc,shrinkage,0.0,1,1,9.526689196279448e-08
5,1.0,3.2769938707351685,-3.9259090423583984,0.8112104443985734,0.32921614873174565,0.4832746034222224,0.5,deterministic_disc,shrinkage,0.0,1,1,2.3652748826214564e-08
5,1.0,3.6858930587768555,2.5487873554229736,0.8712127971532447,0.4402149403919097,0.2172534656390242,0.5,deterministic_disc,shrinkage,0.0,1,1,1.23522137107347e-08
1,2.5,-3.5785827040672302,-3.7238561511039734,0.08738203405435514,0.8687139136267614,-0.4875453993176423,0.5,deterministic_disc,shrinkage,0.0,2,2,1.3211315936125399e-08
1,2.0,2.339505434036255,0.859600380063057,0.5678263335646329,-0.8185344976308873,-0.08703178211835794,0.812727881754055,deterministic_disc,shrinkage,0.0,1,1,1.142828682649853e-08
1,2.0,3.7184396982192993,-0.15937043726444244,0.6755345643426328,-0.7127276252531304,0.18887134398696598,0.5390875901345051,deterministic_disc,shrinkage,0.0,1,1,1.010337508222857e-08
1,2.5,1.7358002960681915,-3.6403019428253174,0.37105591951413786,-0.9242306204164711,-0.09008476496113448,0.6132072192641934,deterministic_disc,shrinkage,0.0,2,2,1.854105523423345e-08
1,2.0,1.7125875353813171,-3.8343881368637085,0.1627440760341387,0.9620735106841122,-0.2189267588846603,0.5,deterministic_disc,shrinkage,0.0,1,1,3.373315869927008e-09
1,2.45544609212276,-4.023164989279783,-2.713288019419238,0.32592012161074935,-0.9374557074825117,-0.12228193177120576,1.0743245505733927,deterministic_disc,determined,239.7,3,2,0.023798143200785354
1,2.3333333333333335,-1.2086718380451202,-0.70877306163311,0.5762004687278146,-0.8104890881038525,0.10535871061489258,1.2520597609617752,deterministic_disc,shrinkage,234.5,3,2,0.051109176012176495
1,2.5134348772432458,-1.0043577089273719,-2.960418891481378,0.36107714306715244,-0.6835534589485152,0.6343326930830413,0.8728866499238086,deterministic_disc,determined,253.4,2,2,7.512277146819442e-09
1,2.0,-1.7671913504600525,3.304439425468445,0.5821884948392981,-0.8120243657949737,-0.04090214947925737,0.5,deterministic_disc,shrinkage,0.0,1,1,2.6174530003539867e-08
1,2.0,-4.032636880874634,1.7214706540107727,0.15214663277331955,-0.745813644899748,-0.648547152655143,0.5,deterministic_disc,shrinkage,0.0,1,1,9.861757331128098e-08
1,2.0,2.0771692395210266,-1.7018412351608276,0.82567257502102,-0.3945457080114045,0.4032350222239356,0.5,deterministic_disc,shrinkage,0.0,1,1,7.878837204286776e-09
1,2.0,1.367757797241211,-3.97206974029541,0.00882466889131405,0.9996563867719862,0.024682657979560558,0.5,deterministic_disc,shrinkage,0.0,1,1,4.27204408407891e-09
1,2.0,5.240970849990845,-2.8638720512390137,0.21991822395530153,-0.9649618983409344,0.14312410531635206,0.5055948313084215,deterministic_disc,shrinkage,0.0,1,1,1.3417175803365258e-07
1,2.0,-4.422873020172119,1.5827593207359314,0.23392793840275974,-0.970178974365485,0.06348604046379286,0.5,deterministic_disc,shrinkage,0.0,1,1,4.023333540857174e-08
1,2.470883659770994,-2.2224418526130094,-1.6700113866845778,0.4078435872735401,-0.9130034026284635,0.009401867298472396,0.7720251584413005,deterministic_disc,determined,263.8,2,2,2.241321373914252e-08
1,2.0,-3.9808101654052734,0.39309853315353394,0.28614346024823345,-0.936990109505362,-0.2004281787730893,0.6105526047044468,deterministic_disc,shrinkage,0.0,1,1,7.176446223696579e-08
1,1.9725181678551982,-5.074164881481364,-2.105306593587582,0.6872927829208624,-0.7221653389485087,0.07813996267136347,2.1542129389240263,deterministic_disc,determined,138.0,2,2,1.5556458005966e-08
1,2.0,1.3018656969070435,-0.6180908605456352,0.3148139349034176,-0.8989878102278119,-0.30448826488459346,0.6262529922778795,deterministic_disc,shrinkage,0.0,1,1,2.830654116925348e-08
1,3.0276551236411375,-2.6544063033024385,-0.22279462446571144,0.46552863002411277,-0.8523371014299574,0.23833707255450504,1.2893456275557538,deterministic_disc,determined,177.2,2,2,3.902751577818251e-08
1,2.0,-4.31839656829834,1.4103924632072449,0.6837641574374639,-0.563691971837966,0.46337666955648593,0.5,deterministic_disc,shrinkage,0.0,1,1,1.0937049096596774e-07
1,2.0,1.704172134399414,-3.936686158180237,0.6776239242421201,-0.7307974063972171,0.08222510624991658,0.5,deterministic_disc,shrinkage,0.0,1,1,4.894209453345686e-10
1,2.0,1.804843008518219,-2.543987989425659,0.08249589012523463,0.6974537336021157,0.7118656597960843,0.8974175430441172,deterministic_disc,shrinkage,0.0,1,1,1.4959212467020162e-08
2,2.0,-3.281081795692444,-1.8824115321040154,0.9040259276505324,-0.3154133015837501,-0.2885334838794845,3.409409122981741,deterministic_disc,shrinkage,0.0,1,1,8.460901728694597e-09
2,2.0,1.4195890128612518,0.9956830628216267,0.9410769879998909,-0.24676625274764996,-0.2312585547864903,1.5767444390404601,deterministic_disc,shrinkage,0.0,1,1,1.5485805060066317e-08
2,2.0,0.6248260363936424,1.7140648066997528,0.9032304202601384,-0.3849956655309204,0.18961314679920657,1.359576982753405,deterministic_disc,shrinkage,0.0,1,1,9.61410565236e-09
2,2.0,-2.439303994178772,0.08203423023223877,0.8694758302113095,-0.4924496646238256,0.03879572773174785,1.277123692323919,deterministic_disc,shrinkage,0.0,1,1,3.176043519862946e-08
2,2.0,4.090524077415466,-2.5049297213554382,0.8352796968668552,-0.538342412243225,-0.11178226685015943,1.6076460075563328,deterministic_disc,shrinkage,0.0,1,1,2.341153653243019e-08
2,2.0,-2.719137668609619,-3.7182854413986206,0.9081609333448382,-0.07931461258869821,0.4110388197921666,1.7663707227959489,deterministic_disc,shrinkage,0.0,1,1,2.647596300841366e-08
2,2.0,-0.9097719490528107,-1.3359492123126984,0.9057101690524857,-0.33562654565140665,0.2589283907357824,0.9096781481072445,deterministic_disc,shrinkage,0.0,1,1,7.212208659247282e-09
2,2.0,-0.15570557117462158,-3.89335560798645,0.9552644993240239,-0.29553839273501703,0.011260317527710352,0.5,deterministic_disc,shrinkage,0.0,1,1,6.579181577754804e-10
2,2.0,1.6607505679130554,-3.8506078720092773,0.9646776289847692,-0.2562328867441056,-0.06117008980789891,0.5,deterministic_disc,shrinkage,0.0,1,1,4.038463774156904e-09
2,2.0,-0.5793910920619965,-3.8863309621810913,0.8798709485653261,-0.4751373813361255,-0.008460657645993222,0.5,deterministic_disc,shrinkage,0.0,1,1,3.3140368129815336e-09
3,2.5,3.8748281002044678,1.4317549066618085,0.7012240144115314,0.6653187616698724,0.25619490038375886,1.7649721057266616,deterministic_disc,shrinkage,0.0,2,2,4.779624904630612e-08
3,2.0,2.541180968284607,-3.638065218925476,0.6798004687719595,0.7046677060435371,0.20326029301554066,0.5,deterministic_disc,shrinkage,0.0,1,1,3.012962936095396e-08
3,2.5,5.3404117822647095,-1.0569937378168106,0.2903185528841323,0.6910276099622447,0.6619637302157357,0.579128650160395,deterministic_disc,shrinkage,0.0,2,2,3.604571141142642e-08
3,2.0,0.17358039692044258,3.5802260637283325,0.7843461093136311,0.5280324854709522,-0.3255501114912086,0.5,deterministic_disc,shrinkage,0.0,1,1,8.043113128488268e-09
3,2.0,-3.641003727912903,2.5187710523605347,0.6833617630541243,0.7190217316113258,-0.12658771767517343,0.5,deterministic_disc,shrinkage,0.0,1,1,4.666122383164449e-08
3,3.1802649347266203,-4.396462820009476,-2.7225699258378264,0.00316217682106534,-0.7850237257784771,-0.6194576261558419,1.4529335393664478,deterministic_disc,determined,165.7,2,2,2.1393879341551965e-08
3,2.8530156137922558,0.9281798053240357,1.5640587504736911,0.41162747663332405,0.7889745046183713,0.456160116124457,1.1060183662656096,deterministic_disc,determined,196.8,2,2,1.4760903752532574e-08
3,2.0,-2.8205032348632812,-1.4131401181221008,0.9095713481189861,0.20522357489555954,-0.3613353663677236,0.5214334460847384,deterministic_disc,shrinkage,0.0,1,1,1.345061483100562e-08
3,2.2066056815402257,-1.206142416721401,-0.28311427012036605,0.34086734705175686,0.8656044025989974,0.3667948608079588,0.9017867294899872,deterministic_disc,determined,208.2,2,2,9.562468506807953e-09
3,2.4277603127143195,-3.337358242945689,-0.11706598944259258,0.7293599838185647,0.34759083946430075,0.589249202226601,1.2783613128236428,deterministic_disc,determined,238.6,2,2,1.5068867734807108e-08
3,2.7714118791864255,-0.8834986671398302,-2.5469979861668404,0.6073416508087105,0.6803379947490011,0.41021498277593244,1.0561752149166057,deterministic_disc,determined,211.6,2,2,1.4167529608971206e-08
3,2.0,2.224092721939087,3.3253480195999146,0.9241659407271625,0.322721324140486,0.2043728478660758,0.5,deterministic_disc,shrinkage,0.0,1,1,9.578730450482677e-09
3,2.0,-4.768714904785156,-3.5613553524017334,0.7332236196366548,0.6797446632274186,0.01817460923281395,0.5118295029063834,deterministic_disc,shrinkage,0.0,1,1,4.5260302774967854e-08
3,2.2025361111391106,-2.025742327523987,0.943766816740258,0.23405260331483418,0.9658275202999214,-0.11133992955294163,0.9278892108860136,deterministic_disc,determined,205.9,2,2,4.840730878249795e-08
3,2.0,-0.9648204743862152,-0.00905376672744751,0.827443380634648,0.4837979191443817,0.28509125780260525,1.0081978089608732,deterministic_disc,shrinkage,0.0,1,1,1.0633892249562118e-08
4,2.0,-1.9040948748588562,3.3550387620925903,0.8291874517891122,-0.25625452368225654,0.4967713648026209,1.147753339245419,orientation_only,lower_bound,0.0,1,1,2.550759262959466e-10
4,2.5,-3.24510258436203,2.8094741106033325,0.04103863650583758,-0.5958479028471703,0.8020480702466473,0.9281660018496478,orientation_only,lower_bound,0.0,2,2,4.3973116057246804e-08
4,2.5,-4.168324112892151,-2.2326373159885406,0.010690462062153091,0.4002034895615468,-0.9163639456916987,1.7820873064866278,orientation_only,lower_bound,0.0,2,2,2.849207945935657e-08
5,2.0,0.3084048628807068,-1.1469447910785675,0.5943235818429369,0.8005282368310714,-0.07703260414602364,0.5859968826529701,deterministic_disc,shrinkage,0.0,1,1,5.70112074506565e-09
5,2.0,-3.67051362991333,0.4855574555695057,0.6724226282659934,0.4906008401426006,0.5542189320541371,0.6966594350935255,deterministic_disc,shrinkage,0.0,1,1,2.2245150656542483e-08
5,2.0,-0.8883310556411743,-1.534344494342804,0.6053173648291853,0.6745962022957455,0.4225054457452691,0.5,deterministic_disc,shrinkage,0.0,1,1,4.152806165421252e-09
5,2.0,-0.8873483836650848,1.8916915655136108,0.8439886042396273,0.3770884306026511,0.381428304428598,0.5,deterministic_disc,shrinkage,0.0,1,1,2.801886732840635e-09
5,2.0,-1.8817132711410522,0.46535322070121765,0.7421174450168851,0.5032240616004535,0.44274963763729225,0.5621212768084103,deterministic_disc,shrinkage,0.0,1,1,1.246772516495902e-08
5,2.0,2.5551023483276367,-2.5254997611045837,0.6287712951828329,0.5824185518102815,0.5152041234902118,0.973299700691528,deterministic_disc,shrinkage,0.0,1,1,3.745522944611076e-09
5,2.6666666666666665,1.1005092884103458,2.9131752451260886,0.6280535667365347,0.5600730689070911,0.5402470497786269,0.8068834748569652,deterministic_disc,shrinkage,231.6,3,2,0.018679481281366088
5,2.0,-2.67962384223938,0.13407285511493683,0.7193361576014214,0.38124823863060636,0.5806937858357736,0.8599998523653325,deterministic_disc,shrinkage,0.0,1,1,1.6495806617098093e-08
5,2.0,-4.118550062179565,-1.6864013075828552,0.7855475552076917,0.21055540461624409,0.5818775301505535,0.5430245095966275,deterministic_disc,shrinkage,0.0,1,1,7.800107226605813e-09
5,2.0,-3.320705533027649,-3.3081365823745728,0.8423267167367631,0.3955984190976318,0.36604315739939647,0.6432480987773923,deterministic_disc,shrinkage,0.0,1,1,2.31192492044146e-08
5,2.430696724364976,4.269316706597654,-2.421971285686454,0.567319438758003,0.6760309284309896,0.4702455084443007,0.6961281353425556,deterministic_disc,determined,228.0,2,2,1.1136172626831448e-08
5,2.0,-1.0012333393096924,-1.0388635247945786,0.8903114164210394,0.4252992553476395,0.16268412704104243,0.8444067918135794,deterministic_disc,shrinkage,0.0,1,1,6.50114516831166e-09
5,2.0,-0.3621817082166672,1.3106236457824707,0.49927258212029435,0.8233749224347627,0.26977884618420805,0.8072265921277959,deterministic_disc,shrinkage,0.0,1,1,7.802656485608187e-10
5,2.0,-4.983887195587158,0.5915632247924805,0.7010220779213233,0.37118192945601974,0.6089269426722524,0.5,deterministic_disc,shrinkage,0.0,1,1,3.975081537312568e-09
5,2.0,0.6450221538543701,-1.193921834230423,0.7198242057654011,0.6776311499761013,0.15056273568275816,0.6591465359019856,deterministic_disc,shrinkage,0.0,1,1,9.737848896764322e-09
5,2.0,-4.847838401794434,-0.734523594379425,0.82192504953614,0.5294273530949233,0.21010923525613343,0.5,deterministic_disc,shrinkage,0.0,1,1,4.575812825793749e-08
5,2.0,0.5196229740977287,0.61949822306633,0.6423103998739988,-0.06560234173843793,0.7636319027988138,0.8170174918829161,deterministic_disc,shrinkage,0.0,1,1,9.461402445302313e-09
5,2.0,1.638369619846344,-3.133987545967102,0.8078847043807511,0.568165190968617,0.15655867973134302,0.5,deterministic_disc,shrinkage,0.0,1,1,5.551381602905545e-10
5,2.0,-0.9710708856582642,1.3750333786010742,0.5399780907097678,0.7136930873040459,0.4461679489697278,0.5,deterministic_disc,shrinkage,0.0,1,1,2.7636943603390845e-08
5,2.0,-5.226137161254883,-2.0976975560188293,0.5377931702855184,0.6152886871884103,0.576366495740526,0.5235377156619164,deterministic_disc,shrinkage,0.0,1,1,9.303858492372695e-08
5,2.0,-1.1423907279968262,3.3912848234176636,0.7630503894271249,0.5358162606989004,0.36146236037208773,0.5085178491513886,deterministic_disc,shrinkage,0.0,1,1,1.9956758351301833e-08
5,2.0,4.774657487869263,-3.550327777862549,0.9080905332083734,0.2393569651909485,0.34362745337343376,0.5,deterministic_disc,shrinkage,0.0,1,1,1.1086136462653195e-08
5,2.0,-4.197701811790466,-0.37390532717108727,0.592135450768395,0.5317225052232797,0.6055136541667653,0.5905530230633002,deterministic_disc,shrinkage,0.0,1,1,6.74273406234966e-08
5,2.0,3.295656442642212,2.2496310472488403,0.755288958169393,0.41830998638082056,0.5045347807252445,0.5,deterministic_disc,shrinkage,0.0,1,1,7.002419970167751e-09
5,2.0,-4.945770859718323,-2.887582778930664,0.8472358216113363,0.37972887721437754,0.371480069974248,0.6752880411660382,deterministic_disc,shrinkage,95.6,2,1,0.02246777838649699
5,2.0,-3.7034709453582764,-0.4280307199805975,0.6202887874818093,0.7283314445452737,0.2911616853415672,0.5872011051095375,deterministic_disc,shrinkage,0.0,1,1,1.9517272692293854e-08
5,2.0,-1.2004153430461884,-1.2352900803089142,0.6889708455155759,0.4344302002411639,0.5801634038337604,0.9114380614687627,deterministic_disc,shrinkage,0.0,1,1,3.46303158482281e-09
5,2.0,-0.7108800709247589,-3.367971181869507,0.8457385959220894,0.5303251185887097,0.05900420291473776,0.6336555282266735,deterministic_disc,shrinkage,0.0,1,1,8.069372788311505e-09
5,2.571728232107457,2.5894864199557146,0.6389712751155088,0.34067524607608185,0.38811908911629506,0.8563316818701376,0.8139880587951889,deterministic_disc,determined,248.1,2,2,2.1388049874801505e-08
5,2.0,3.9133557081222534,0.9735157787799835,0.5167165560609159,0.5708353698419566,0.638083835581143,0.7355913707362485,deterministic_disc,shrinkage,0.0,1,1,6.592851626674473e-08
5,2.0,1.2762426733970642,3.6231157779693604,0.9006670107607158,0.37985879141605766,0.21096500731469398,0.5,deterministic_disc,shrinkage,0.0,1,1,4.403293724293301e-09
5,2.0,-4.185966968536377,-2.9305360317230225,0.8216659076586188,0.3808476740869477,0.4240521021455974,0.7318784405885218,deterministic_disc,shrinkage,0.0,1,1,2.5278695550324826e-09
5,2.7624678604575044,-0.49014666028240367,1.240572101304208,0.6827574499093899,0.6810848347084221,0.26451032592968515,1.1507033075369317,deterministic_disc,determined,212.8,2,2,2.2735754043414795e-09
5,2.0,1.5878363251686096,0.11484874039888382,0.8477116206049291,0.42709997190022436,0.3145959667481329,0.5137654049788368,deterministic_disc,shrinkage,0.0,1,1,1.6290318620559668e-08
5,2.598986936451845,-0.6306913694685333,3.085948473078067,0.7059191846580825,0.4125834066173336,0.5757195821888501,0.9434387679765103,deterministic_disc,determined,226.2,4,2,0.04272441668412992
5,2.0,0.26899928878992796,-3.774646759033203,0.912416226167126,0.27480235890275984,0.3032825312615595,0.5,deterministic_disc,shrinkage,0.0,1,1,7.3803624164810645e-09
1,3.0,-2.0634559988975525,3.017570376396179,0.29172200387728375,-0.9047018618096366,0.3105041283010569,0.7193280989214972,deterministic_disc,shrinkage,15.3,2,1,0.06627260557397492
1,3.0,-3.313633918762207,-1.6071155667304993,0.6092830192767649,-0.7466308938776153,0.26705151324885384,0.6076735944998102,deterministic_disc,shrinkage,0.0,1,1,6.613214748952549e-08
1,3.0,3.3894156217575073,-2.6397886872291565,0.1337272676142306,0.9899523871259951,0.04594876625085778,0.7736420461372713,deterministic_disc,shrinkage,0.0,1,1,3.9318259385065415e-08
1,3.0,3.3122962713241577,-3.0415390729904175,0.37797111867190425,-0.925697758449731,-0.014882656048327274,1.1456718117939817,deterministic_disc,shrinkage,0.0,1,1,4.319243897193414e-08
1,3.0,3.005353808403015,-3.821646809577942,0.3843679441398134,-0.9208577307134069,0.06543946288813676,0.5,deterministic_disc,shrinkage,0.0,1,1,2.9084567741868003e-08
1,3.0,0.689276933670044,0.33987386524677277,0.7357922102256123,-0.6737165364859211,-0.06867206008794927,0.8460974603973783,deterministic_disc,shrinkage,0.0,1,1,2.6759554220753715e-09
1,3.0,-1.1311574280261993,-3.509677529335022,0.6376286182364681,-0.7375175991473994,0.222480417461197,0.6121020055639584,deterministic_disc,shrinkage,0.0,1,1,2.4438556194660753e-08
1,3.0,-4.179977178573608,0.8291434943675995,0.041397359084655305,-0.9975700941326016,-0.056037183664853045,0.5933888452135412,deterministic_disc,shrinkage,0.0,1,1,9.568763516149291e-08
1,3.0,4.608004331588745,-0.33384113758802414,0.19653883158989405,-0.950932184527724,-0.23895704238755996,0.5248517443980042,deterministic_disc,shrinkage,0.0,1,1,2.290164719511338e-08
1,3.0,-0.3366550803184509,-3.8805781602859497,0.3505521351434706,-0.9289870685330038,0.11872753280014707,0.5,deterministic_disc,shrinkage,0.0,1,1,9.610626783505722e-09
1,3.0,1.2969033122062683,0.24456212669610977,0.35894136694525197,-0.9317592737997409,0.05464202397105708,0.5403448575916059,deterministic_disc,shrinkage,0.0,1,1,3.964913546446468e-10
1,3.0,-0.4597891569137573,-2.6580289602279663,0.3638596156055257,-0.9236348066643641,-0.12043639005500703,0.7096393382876769,deterministic_disc,shrinkage,0.0,1,1,4.929900821276286e-09
1,3.0,1.0489020347595215,-3.6434614658355713,0.21196182416058312,-0.8929447080528752,0.3971422081054641,0.5,deterministic_disc,shrinkage,0.0,1,1,2.2729317449844114e-08
1,3.0,4.022980690002441,1.605671465396881,0.46036372144197346,-0.752277681368038,0.4713210520395051,0.5,deterministic_disc,shrinkage,0.0,1,1,8.286265994568301e-08
1,3.0,-0.8473343849182129,2.376294791698456,0.08526875793600648,-0.9591923322156597,0.2695910027036033,0.6681039532205812,deterministic_disc,shrinkage,0.0,1,1,1.4818031265226114e-09
1,3.0,-4.34242844581604,-1.9888010621070862,0.0523109177400703,-0.9197307266594886,-0.38904878655973296,0.690420506343328,deterministic_disc,shrinkage,0.0,1,1,3.4881095508227677e-08
1,3.0,-5.058754205703735,-2.9173041582107544,0.1914036760457405,0.831529753664496,0.5214622724290222,0.6725416465274834,deterministic_disc,shrinkage,0.0,1,1,1.5918255840780585e-07
1,3.0,-5.421761751174927,-1.3099710643291473,0.3573651521965984,-0.9335719112306992,-0.02708568914688544,0.8146102641739954,deterministic_disc,shrinkage,0.0,1,1,7.368711461247852e-08
1,3.0,0.3129845857620239,-3.924856662750244,0.05722673448593464,-0.9359795187414394,0.347372194276715,0.5,deterministic_disc,shrinkage,0.0,1,1,2.4611032503897562e-09
1,3.0,0.9749932587146759,3.3189897537231445,0.05278572372251834,0.9928132167908056,0.10740383576289447,0.5690948399555162,deterministic_disc,shrinkage,0.0,1,1,4.8762504514787025e-08
1,3.0,-3.373184084892273,0.55799600481987,0.47868902879935155,-0.8751189366552297,-0.07087778505677163,0.5,deterministic_disc,shrinkage,0.0,1,1,4.556521714326064e-08
1,3.0,-3.0372599363327026,-1.0303955972194672,0.11842009301049447,-0.9748380678049129,0.18885820906111025,1.575007061108932,deterministic_disc,shrinkage,0.0,1,1,9.514655620266195e-09
1,3.0,4.300994157791138,0.9905927181243896,0.4286357394113358,-0.7777964944893966,0.4596781657413191,0.6758961399652043,deterministic_disc,shrinkage,0.0,1,1,1.879632775048358e-07
1,3.0,1.853892207145691,-3.978214144706726,0.30469780920577527,-0.7773240743501961,0.5503876165947156,0.5,deterministic_disc,shrinkage,0.0,1,1,3.599964740397158e-09
1,3.0,-2.5805782079696655,2.9846173524856567,0.26104282758455655,-0.9240584170154779,0.2792358933044046,0.5,deterministic_disc,shrinkage,0.0,1,1,3.5600925873838736e-08
1,3.0,-2.1640413999557495,-0.056599006056785583,0.5290735505358187,-0.8333202227142255,0.16018297206300175,0.6083734276251854,deterministic_disc,shrinkage,0.0,1,1,5.949320970945001e-09
1,3.0,-4.304455518722534,-1.021311730146408,0.3162442206899717,-0.9468795834315004,-0.05838362236775747,1.9485749338731109,deterministic_disc,shrinkage,0.0,1,1,7.703963544475349e-08
1,3.0,2.644721746444702,-1.4544172883033752,0.08942141591907071,-0.9455991011295196,0.3128036929418722,0.5,deterministic_disc,shrinkage,0.0,1,1,8.454019903202207e-09
1,3.0,3.1264703273773193,-3.1919766664505005,0.12272195955972284,-0.9622862098214797,-0.24278503048835817,0.7202049576171078,deterministic_disc,shrinkage,0.0,1,1,2.685858591498962e-09
1,3.0,3.7705620527267456,0.2771819233894348,0.23272381806314985,0.9124290975839241,-0.33661961676096025,0.6384776604494886,deterministic_disc,shrinkage,0.0,1,1,7.565184062599647e-08
1,3.0,-0.24215272814035416,-3.6933987140655518,0.6711502015852646,-0.7256992395131324,0.15138698980467266,0.5,deterministic_disc,shrinkage,0.0,1,1,2.493741644946188e-09
1,3.0,-2.7100361585617065,-1.731128990650177,0.10604829064658584,-0.9941624143777963,-0.019870930764516844,0.5,deterministic_disc,shrinkage,0.0,1,1,1.6991762553068152e-08
1,3.0,-1.0380699038505554,0.4432073581847362,0.31496786215077216,-0.9397301418450171,0.13305076595088186,0.5335329446201466,deterministic_disc,shrinkage,0.0,1,1,7.46442271609079e-09
2,3.0,-2.1515103578567505,-3.7425702810287476,0.9685736404970191,-0.08500578347850042,-0.23375012237335333,0.8948243653933522,deterministic_disc,shrinkage,0.0,1,1,1.813654137129788e-09
2,3.0,-0.6850197315216064,-1.5871480107307434,0.9040259276505324,-0.3154133015837501,-0.2885334838794845,3.88479401883604,deterministic_disc,shrinkage,0.0,1,1,1.1831995032568838e-08
2,3.0,-4.707890272140503,-0.2593766823410988,0.949526654940875,0.03097611810709352,0.3121531862144098,0.7589169040672352,deterministic_disc,shrinkage,0.0,1,1,5.710163381989401e-10
2,3.0,0.9944126754999161,-2.365636557340622,0.9057101690524857,-0.33562654565140665,0.2589283907357824,2.4522102534980257,deterministic_disc,shrinkage,0.0,1,1,1.5180708338145394e-08
2,3.0,1.8569468259811401,-1.2469594590365887,0.8221789617571839,-0.5689717544426736,0.01711424816651756,1.3879789990451796,deterministic_disc,shrinkage,0.0,1,1,7.4027013949705e-10
2,3.0,4.173128604888916,-2.60911226272583,0.7262074488019243,-0.4971142504813726,-0.4748685747372042,0.5,deterministic_disc,shrinkage,0.0,1,1,7.276553187615267e-08
2,3.0,-0.8883445113897324,1.375352643430233,0.9174390931627123,0.35842665640662164,0.172730548294011,1.5751473000986898,deterministic_disc,shrinkage,0.0,1,1,5.456289475971545e-09
2,3.0,-2.865937113761902,2.374684751033783,0.8793688523785971,-0.36134589159346503,-0.31006381293997043,0.7538083460131009,deterministic_disc,shrinkage,0.0,1,1,2.662940300712328e-08
2,3.0,1.3554534018039703,2.6451622247695923,0.93223399162099,-0.25584283536486113,0.2558988637310932,1.4141300136736015,deterministic_disc,shrinkage,0.0,1,1,1.1667038056331536e-08
2,3.0,-1.007393628358841,-2.9461955428123474,0.9944823579992579,0.056172845127957186,-0.08859712804863668,2.337921860647868,deterministic_disc,shrinkage,0.0,1,1,3.6484508371954555e-09
2,3.0,1.266569435596466,-3.557032585144043,0.8798709485653261,-0.4751373813361255,-0.008460657645993222,0.5263145097108858,deterministic_disc,shrinkage,0.0,1,1,1.619506302023551e-08
3,3.0,1.0229124426841736,2.111793130636215,0.6710684911883208,0.6947079317824779,-0.2589362269995116,1.975539878575543,deterministic_disc,shrinkage,0.0,1,1,2.0518284006438774e-08
3,3.0,2.9438942670822144,-2.479687452316284,0.5090070276316889,0.8282577844154488,-0.23430938601935078,0.5942582664446533,deterministic_disc,shrinkage,0.0,1,1,7.161362931685583e-08
3,3.0,2.0370699167251587,-1.2135905921459198,0.3556675930502713,0.9340907982679933,-0.031224090777630213,0.8122163003516089,deterministic_disc,shrinkage,0.0,1,1,3.1567741592088255e-08
3,3.0,-3.07482647895813,-3.8342676162719727,0.3629850726851629,0.931444222986864,-0.02556357706081353,0.5,deterministic_disc,shrinkage,0.0,1,1,7.73351334655987e-09
3,3.0,-1.7801344394683838,3.3934261798858643,0.8204290310434788,0.5628231791025938,0.10062938977211441,0.5,deterministic_disc,shrinkage,0.0,1,1,2.8097034168445426e-08
3,3.0,-2.165579080581665,-3.887120842933655,0.6383182566507682,0.7556605528560474,-0.14672059188681313,0.5,deterministic_disc,shrinkage,0.0,1,1,1.4570553131094315e-08
3,3.0,1.2623080611228943,0.4884333610534668,0.5967770654467991,0.7869804886021186,-0.15658494409194562,1.0418731701984636,deterministic_disc,shrinkage,0.0,1,1,2.178129616004713e-08
3,3.0,1.5902409553527832,-3.440825581550598,0.1675751965128962,-0.9687161508118765,0.18305073796596935,0.5,deterministic_disc,shrinkage,0.0,1,1,2.8898954532010616e-08
3,3.0,-3.354308843612671,0.535061240196228,0.08981628683858649,0.9657084311267681,0.24359856458773552,1.9029604400571505,deterministic_disc,shrinkage,0.0,1,1,7.52848271962622e-09
3,3.0,-0.30214694142341614,-1.1308284103870392,0.4305627253848626,0.90109030463127,0.05149759614471831,0.5,deterministic_disc,shrinkage,0.0,1,1,4.537069620512931e-09
3,3.0,-2.8548240661621094,-3.6164356470108032,0.5538058272537749,0.8325747834918128,0.01087821645873461,0.5,deterministic_disc,shrinkage,0.0,1,1,1.20266063533642e-09
3,3.0,0.1280500926077366,-2.091508984565735,0.40020203790821457,0.8988775655941175,-0.17848655670863586,0.963759775023455,deterministic_disc,shrinkage,0.0,1,1,8.857024074550743e-10
3,3.0,2.0368484258651733,-3.5151933431625366,0.5948436306169697,0.700508659528382,-0.3942697972710715,0.6489074114700677,deterministic_disc,shrinkage,0.0,1,1,3.6480248437350354e-08
3,3.0,-0.9083493649959564,-0.12139645218849182,0.25011727069451617,0.9680303875345974,-0.018934616709703006,1.299273363633751,deterministic_disc,shrinkage,0.0,1,1,1.3555420600800315e-09
3,3.0,1.7996678352355957,-3.4180115461349487,0.3550881688168979,0.9197091317094306,0.16747389473152952,0.6900095701047402,deterministic_disc,shrinkage,0.0,1,1,2.3961332101208233e-08
3,3.0,2.0373122096061707,2.1840195655822754,0.6046431144872928,0.7648550373523486,-0.22226892706773926,1.4694378692652654,deterministic_disc,shrinkage,0.0,1,1,2.2109411471218522e-08
3,3.0,4.974467754364014,-2.307803153991699,0.2833442446597859,0.9590095473280857,-0.0040898840760567445,0.8388965634929637,deterministic_disc,shrinkage,0.0,1,1,1.2942208830165078e-07
4,3.0,-0.2535749077796936,2.5372899770736694,0.8291874517891122,-0.25625452368225654,0.4967713648026209,2.3824035150740843,orientation_only,lower_bound,0.0,1,1,8.63680497673812e-09
4,3.0,4.146998047828674,1.3144152164459229,0.4049469674794685,0.5528058199718677,-0.7283019146853957,0.5,orientation_only,lower_bound,0.0,1,1,6.680855794946174e-08
4,3.0,-5.26663875579834,-2.9186424016952515,0.17556914426406478,-0.28333106216205967,0.9428143957304126,0.5,orientation_only,lower_bound,0.0,1,1,4.4935766449438154e-08
4,3.0,-0.09403079748153687,-2.030257096514106,0.04334946201982925,0.783437523450527,-0.6199568299424538,2.5118675490304194,orientation_only,lower_bound,0.0,1,1,8.548231401294577e-09
4,3.0,-0.18851586431264877,3.917491316795349,0.012393045384422036,0.7984029148230664,-0.6019960116380599,0.5,orientation_only,lower_bound,0.0,1,1,9.889107428071705e-09
4,3.0,0.1453012265264988,3.5227913856506348,0.16554160586491368,0.846665987145061,-0.5057199649404255,0.5,orientation_only,lower_bound,0.0,1,1,3.560212649381371e-08
5,3.0,-1.978980302810669,-3.518132448196411,0.7448998303834584,0.26471681149853427,0.6124126487955196,0.8120399088880326,deterministic_disc,shrinkage,0.0,1,1,2.7021727833859895e-08
5,3.0,2.039756655693054,3.1025928258895874,0.7604576789171743,0.45937763701453066,0.4589948857959639,0.5,deterministic_disc,shrinkage,0.0,1,1,6.135044346556876e-08
5,3.0,0.9728668481111526,-3.703529417514801,0.7739877822673581,0.4011317402235438,0.4899349343393345,0.5234902679747148,deterministic_disc,shrinkage,18.4,2,1,0.012616060654720767
5,3.0,-1.399511992931366,-0.42483426071703434,0.7711185574662899,0.4329761945510761,0.46680593963999323,1.042863688963542,deterministic_disc,shrinkage,136.4,2,1,0.03525625994239003
5,3.0,3.6865166425704956,-3.687277674674988,0.5384932937704873,0.1437890131003544,0.8302708547671885,0.5638354630418749,deterministic_disc,shrinkage,0.0,1,1,5.935281798852371e-08
5,3.0,4.824160814285278,-1.6453039050102234,0.6885445097530075,0.49766737075076856,0.5274785741421234,1.049816363211449,deterministic_disc,shrinkage,0.0,1,1,5.450804231359742e-08
5,3.0,0.943294033408165,-1.9811148941516876,0.9058215986136139,0.34870356874164693,0.24060975173902763,0.660265186123735,deterministic_disc,shrinkage,94.0,2,1,0.06131994118913284
5,3.0,-1.0021019528309505,0.35155094787478447,0.8367897951885688,0.3863710648373573,0.3879436027629788,0.9921843502428461,deterministic_disc,shrinkage,42.6,6,1,0.1143398755583868
5,3.0,2.5380802154541016,2.9808692932128906,0.712411169574241,0.5660843287596155,0.4147515620207326,0.691107474101828,deterministic_disc,shrinkage,0.0,1,1,4.5450214527353484e-08
5,3.0,-2.49709951877594,-3.226992964744568,0.7048464322951302,0.6662620812728599,0.24348787636920186,0.9390178391606246,deterministic_disc,shrinkage,0.0,1,1,2.421925561598621e-08
5,3.0,-0.7757909335196018,1.6658376455307007,0.7789992570701849,0.32795729730585765,0.5344194687957555,1.112550623166926,deterministic_disc,shrinkage,0.0,1,1,2.4251266748995007e-08
5,3.0,3.0689319372177124,-3.7712526321411133,0.9599689011470629,0.22044772863037482,0.17280771907588277,0.5,deterministic_disc,shrinkage,0.0,1,1,4.381314763051211e-09
5,3.0,3.108398675918579,1.4953049421310425,0.8703948773671901,0.45511197616483007,0.18784527304219642,0.5,deterministic_disc,shrinkage,0.0,1,1,1.2917382595704261e-08
5,3.0,-3.986024856567383,2.081454634666443,0.795714844787421,0.337156321169227,0.5031535559653368,0.5,deterministic_disc,shrinkage,0.0,1,1,3.9723829039694803e-08
5,3.0,-0.7494485229253769,-3.567580223083496,0.9211277528503827,0.26015259178389655,0.28955878836071547,0.9430019232364681,deterministic_disc,shrinkage,0.0,2,1,0.06425925451527852
5,3.0,-3.59589946269989,-3.9040119647979736,0.5629808867163112,0.7670974086922431,0.30759402915167583,0.5,deterministic_disc,shrinkage,0.0,1,1,2.145100079162696e-09
5,3.0,-2.845516085624695,-2.3208385705947876,0.7551158698215071,0.3795963541659587,0.5345153234918719,0.6662828726252115,deterministic_disc,shrinkage,0.0,1,1,1.2084648004780865e-08
5,3.0,-1.9955872893333435,2.7960050106048584,0.7862654902380993,0.6122820360208859,0.08304990804787225,0.6231094451817462,deterministic_disc,shrinkage,0.0,1,1,4.44059259239626e-08
5,3.0,3.8686399459838867,0.9737114310264587,0.5323243178329186,0.5085541641445176,0.6767595457583062,0.6413416400905735,deterministic_disc,shrinkage,0.0,1,1,5.752865600824198e-08
5,3.0,-1.0747752487659454,2.3562185168266296,0.6310171489416123,0.6553332810274672,0.41515737801389724,0.7470171774605373,deterministic_disc,shrinkage,0.0,1,1,9.247678231284088e-10
5,3.0,-4.09392923116684,-0.5095658004283905,0.8125419222478657,0.5544492319518727,0.17989350676920463,1.3667828217236284,deterministic_disc,shrinkage,4.1,2,1,0.03627735808192429
5,3.0,5.094976902008057,-1.3938059508800507,0.8632603151011504,0.3573348763630466,0.3565016332446023,0.7247262915877316,deterministic_disc,shrinkage,0.0,1,1,1.2755394772201834e-08
5,3.0,-3.0926759243011475,2.9533205032348633,0.7911384658376042,0.34719291139129194,0.5035444470468923,0.5,deterministic_disc,shrinkage,0.0,1,1,2.6100359065997956e-08
5,3.0,-1.2696478813886642,2.5528260469436646,0.8484239632362823,0.28644270714536296,0.4451149897831743,0.5796104790277878,deterministic_disc,shrinkage,46.2,2,1,0.03514459597029797
5,3.0,-4.594663619995117,-2.3289923667907715,0.7801076903104495,0.40847489935634856,0.47389898513746237,0.5,deterministic_disc,shrinkage,0.0,1,1,1.549383226755487e-08
5,3.0,3.006623864173889,-1.714162528514862,0.8389096886602521,0.3900682940352732,0.379575104900691,0.7088328302552154,deterministic_disc,shrinkage,0.0,1,1,2.8635630841424173e-08
5,3.0,2.3289616107940674,-3.121192455291748,0.8590851587450304,0.2763701431198111,0.4308041713075223,0.5273949734839051,deterministic_disc,shrinkage,0.0,1,1,3.380592580998245e-08
5,3.0,0.9697884023189545,-1.9611051678657532,0.8216261847863319,0.5329687585089055,-0.2021749611770278,0.6649276766265986,deterministic_disc,shrinkage,0.0,1,1,1.3407831261962377e-08
5,3.0,5.344143629074097,-1.5641457438468933,0.7878289805143333,0.054326493199124457,0.613493381870116,0.5,deterministic_disc,shrinkage,0.0,1,1,2.4636789454314155e-08
5,3.0,-1.3921033143997192,-2.629116415977478,0.8039375702128603,0.5078859429377323,0.30941275372306937,0.5581174063744212,deterministic_disc,shrinkage,0.0,1,1,1.0738173228982267e-08
5,3.0,1.4734690189361572,0.9979053139686584,0.7987376690429933,0.3965348719962296,0.45252428812462614,0.545528924964507,deterministic_disc,shrinkage,0.0,1,1,7.3294883412996035e-09
5,3.0,-5.273470163345337,-2.001954138278961,0.5771712064195624,0.5073581933494016,0.6398914455760587,0.5,deterministic_disc,shrinkage,0.0,1,1,1.1907535579246872e-07
5,3.0,-1.440500795841217,1.8217379450798035,0.8710038220119519,0.4090506804885298,0.27208433036917584,0.580813094289668,deterministic_disc,shrinkage,0.0,1,1,1.582623836133307e-08
5,3.0,1.8286657929420471,2.1478939056396484,0.9310271951864478,0.10287638242744443,0.35014969907440785,0.5415087376270992,deterministic_disc,shrinkage,0.0,1,1,1.3556138739032372e-08
