rank,label,n_voxels,volume_m3,centroid_x,centroid_y,centroid_z,contact_area_m2
1,11321,1890,1.890000,28.5035,3.9167,5.0226,1.5300
2,9370,813,0.813000,27.5020,2.9974,-2.7308,0.7500
3,10638,490,0.490000,27.8206,-2.3069,4.4967,0.5700
4,18342,324,0.324000,31.6469,7.9960,-1.9676,0.0600
5,17116,201,0.201000,30.9963,-2.2937,4.4278,0.3300
6,10238,178,0.178000,27.8484,0.4589,5.4279,0.1500
7,16460,157,0.157000,30.9394,-3.6870,3.3193,0.1400
8,17396,153,0.153000,31.0750,8.1756,0.6444,0.0100
9,13247,149,0.149000,29.1164,4.2437,4.7615,0.0700
10,14013,144,0.144000,29.4179,-0.3355,5.1149,0.2100
11,14198,143,0.143000,29.7344,-2.0515,-2.1778,0.3500
12,14437,140,0.140000,29.7083,0.8953,-2.5520,0.2100
13,16709,140,0.140000,30.8783,5.9445,-3.2134,0.0300
14,6426,134,0.134000,26.0697,-0.4392,-2.5715,0.0400
15,11131,124,0.124000,27.9500,6.0355,3.5733,0.0600
16,13245,123,0.123000,29.0955,3.7686,-2.8162,0.0900
17,17917,121,0.121000,31.3648,-4.3296,2.5119,0.0600
18,14674,113,0.113000,29.7700,4.9866,4.1449,0.2500
19,13194,107,0.107000,29.0307,-3.5224,3.2465,0.2800
20,8719,102,0.102000,26.9285,5.2361,3.9418,0.2900
21,15289,102,0.102000,29.9560,-1.3815,5.0114,0.1400
22,15311,101,0.101000,30.0520,3.1952,5.0266,0.1300
23,16649,98,0.098000,30.7418,-1.9610,5.0299,0.0100
24,4407,96,0.096000,24.8353,1.0322,-2.4045,0.2300
25,16269,96,0.096000,30.5947,-4.3271,1.7205,0.4000
26,5745,92,0.092000,25.5127,3.0200,4.9352,0.3300
27,7766,90,0.090000,26.5940,4.5545,4.5985,0.0600
28,9363,89,0.089000,27.2945,1.9713,-2.4069,0.3400
29,11486,83,0.083000,28.2311,6.1657,2.9758,0.2200
30,809,77,0.077000,22.8176,5.0113,4.0622,0.1900
31,3958,74,0.074000,24.2135,-5.0341,-1.7886,0.0300
32,16272,74,0.074000,30.5675,-4.1503,2.3952,0.1800
33,10017,72,0.072000,27.4443,-3.4868,-2.1378,0.1100
34,11456,70,0.070000,28.0797,0.2388,-2.5356,0.0600
35,12654,67,0.067000,28.6257,6.7660,2.5934,0.0400
36,14646,62,0.062000,29.8863,2.2097,-2.4864,0.1200
37,13460,60,0.060000,29.2307,3.5412,4.9180,0.0700
38,13032,56,0.056000,28.9701,4.5788,-2.6902,0.1000
39,10894,53,0.053000,27.7408,5.2306,4.2151,0.0100
40,13628,50,0.050000,29.2160,-1.1914,4.7790,0.2000
41,3352,48,0.048000,23.9873,-1.2667,4.8080,0.1400
42,7732,46,0.046000,26.4823,0.1602,-2.2322,0.2200
43,11254,46,0.046000,28.1149,-3.3441,-2.0909,0.1300
44,3625,44,0.044000,24.0449,5.1054,-2.7261,0.1100
45,2322,44,0.044000,23.5290,7.3259,1.8284,0.0200
46,16901,43,0.043000,30.8145,2.4110,5.1690,0.1000
47,15687,43,0.043000,30.2354,-1.6913,-2.1961,0.1000
48,17320,43,0.043000,31.0122,-1.9913,-2.2217,0.0900
49,18545,42,0.042000,31.7064,7.6669,-1.2408,0.1800
50,18670,41,0.041000,31.7004,-4.3525,-1.8731,0.2000
51,6459,41,0.041000,25.6833,4.9084,4.1659,0.1000
52,3586,39,0.039000,24.0796,0.1594,-2.2580,0.1900
53,3191,39,0.039000,23.8463,5.8184,3.3215,0.0600
54,15889,38,0.038000,30.3435,-3.4749,3.3514,0.0400
55,14238,38,0.038000,29.5409,2.5882,5.0461,0.1500
56,6651,38,0.038000,25.7145,3.7435,4.9040,0.0200
57,1816,37,0.037000,23.4594,-4.7408,-1.9386,0.0300
58,811,37,0.037000,22.6243,5.4105,3.9803,0.0100
59,7206,36,0.036000,26.0485,5.6395,-2.5809,0.1700
60,13633,36,0.036000,29.1985,-0.2799,-2.3031,0.0800
61,6116,36,0.036000,25.4123,7.7451,-0.9920,0.1100
62,10855,35,0.035000,27.8283,0.1417,4.9830,0.1400
63,15255,35,0.035000,30.2426,-4.6497,0.4201,0.2800
64,15956,32,0.032000,30.2540,5.9051,3.2517,0.0600
65,14876,31,0.031000,29.7960,1.5774,-2.3493,0.1100
66,18542,31,0.031000,31.5895,7.5258,1.2088,0.0100
67,4964,31,0.031000,24.7605,5.1710,3.9540,0.0500
68,19091,30,0.030000,31.8840,-4.0688,2.2830,0.1600
69,7016,30,0.030000,25.9607,6.2112,2.8563,0.1000
70,11896,29,0.029000,28.1954,7.6093,0.7002,0.0300
71,12785,29,0.029000,28.8264,-3.4423,-1.9860,0.1300
72,6245,28,0.028000,25.5897,0.1145,-2.3849,0.0600
73,17193,28,0.028000,30.8397,7.6288,0.1830,0.0600
74,13617,27,0.027000,29.1614,-3.1651,-2.1503,0.0500
75,9118,26,0.026000,26.9348,0.0992,4.9253,0.1500
76,16860,26,0.026000,30.7963,-3.0739,3.5830,0.1000
77,18539,25,0.025000,31.6060,6.9485,1.8510,0.1100
78,16720,24,0.024000,30.6874,7.7353,-0.1420,0.0400
79,10681,24,0.024000,27.5540,5.2853,-2.8003,0.0300
80,10698,24,0.024000,27.6499,7.4312,0.6038,0.1900
81,5287,23,0.023000,24.9236,4.5906,-2.6431,0.0100
82,3756,23,0.023000,24.2366,-4.2963,-2.1257,0.0300
83,429,22,0.022000,22.3722,3.9509,4.6966,0.0200
84,4600,21,0.021000,24.5778,4.0550,-2.5122,0.0600
85,16115,19,0.019000,30.3698,2.0066,-2.3644,0.1100
86,4608,18,0.018000,24.4985,4.9256,4.2163,0.0300
87,17937,18,0.018000,31.2485,-2.3521,4.1774,0.0600
88,4770,18,0.018000,24.6651,2.5645,4.9774,0.1200
89,16159,18,0.018000,30.4207,7.6645,-0.4892,0.1100
90,11619,18,0.018000,28.2540,-3.7854,-2.0281,0.0400
91,11671,18,0.018000,28.1207,4.0201,-2.6170,0.0100
92,12224,18,0.018000,28.4318,0.3312,-2.3670,0.0600
93,12807,17,0.017000,28.7011,1.2175,-2.3347,0.0400
94,16676,17,0.017000,30.7834,1.7939,5.2124,0.0500
95,17709,17,0.017000,31.2364,-4.9943,-1.3405,0.0800
96,14171,17,0.017000,29.4717,-4.8354,0.3183,0.0300
97,16291,17,0.017000,30.4952,-1.6413,4.7124,0.0500
98,5554,17,0.017000,25.1011,-4.2590,1.8301,0.0900
99,16323,17,0.017000,30.4481,3.2469,4.8300,0.0800
100,2715,16,0.016000,23.7353,-1.1729,-2.1733,0.0900
101,12464,16,0.016000,28.5603,7.6083,-1.4295,0.0700
102,7144,16,0.016000,25.9978,-4.5354,1.9205,0.0100
103,1552,15,0.015000,23.0673,4.6645,4.3630,0.0300
104,10813,15,0.015000,27.7540,-4.9154,-0.8503,0.0800
105,18106,15,0.015000,31.3540,-2.0421,4.4763,0.0400
106,8413,15,0.015000,26.6207,-2.0554,-2.1970,0.0200
107,5106,15,0.015000,24.8007,0.6779,5.0363,0.0700
108,19101,13,0.013000,31.8310,-2.5893,3.9830,0.0400
109,2549,13,0.013000,23.4925,7.3799,1.2215,0.0400
110,14841,13,0.013000,29.7771,-2.1893,4.4830,0.0200
111,8955,12,0.012000,26.8373,7.2728,1.3580,0.0800
112,17148,12,0.012000,30.9040,1.5145,5.1830,0.0300
113,11093,12,0.012000,27.8540,-0.0188,-2.2003,0.0500
114,10626,12,0.012000,27.5957,-4.9021,-0.1837,0.0300
115,8635,12,0.012000,26.7373,-4.6021,0.9080,0.0600
116,5146,11,0.011000,24.8813,5.0554,-2.5806,0.0500
117,1143,11,0.011000,22.7540,-4.7900,0.4739,0.0200
118,14041,11,0.011000,29.2540,2.8645,5.1557,0.0100
119,16711,11,0.011000,30.5540,6.1736,2.8103,0.0500
120,19325,11,0.011000,31.9449,-2.8991,3.6739,0.0600
121,11143,11,0.011000,27.7813,7.4918,-1.6352,0.0500
122,14237,11,0.011000,29.4086,2.8373,-2.3534,0.0700
123,5607,11,0.011000,25.1449,3.5282,-2.4534,0.0800
124,3569,11,0.011000,23.9813,-2.3264,-2.0534,0.0700
125,14879,10,0.010000,29.7640,1.7345,5.1030,0.0800
126,17953,10,0.010000,31.1540,1.4445,5.2030,0.0300
127,4750,10,0.010000,24.6840,-1.6654,4.6630,0.0400
128,17590,10,0.010000,30.9540,6.7345,-2.5070,0.0100
129,14181,10,0.010000,29.4640,-4.2354,-1.8970,0.0500
130,14244,10,0.010000,29.4340,3.1845,4.8130,0.0700
131,16334,10,0.010000,30.3840,5.6545,-2.6370,0.0400
132,9885,9,0.009000,27.2429,7.4423,1.1941,0.0200
133,13475,9,0.009000,28.9651,6.4867,2.4608,0.0400
134,10471,9,0.009000,27.4540,5.0090,4.0163,0.0200
135,12024,9,0.009000,28.2985,-1.0688,4.7385,0.0500
136,6986,9,0.009000,25.8540,0.5312,-2.3726,0.0200
137,13180,9,0.009000,28.9762,-4.5910,0.9497,0.0500
138,10234,9,0.009000,27.4096,-0.4799,4.8052,0.0700
139,13848,8,0.008000,29.1540,2.7145,5.0205,0.0200
140,16960,8,0.008000,30.6915,7.4895,0.4705,0.0600
141,5727,8,0.008000,25.2040,1.0645,5.1080,0.0400
142,11479,8,0.008000,27.9665,5.3645,3.6705,0.0300
143,18696,8,0.008000,31.5540,1.4645,-2.3545,0.0200
144,5925,8,0.008000,25.3040,4.8395,-2.4795,0.0700
145,18743,8,0.008000,31.6540,7.2520,1.3455,0.0600
146,16697,8,0.008000,30.6415,4.7770,4.1455,0.0300
147,17299,8,0.008000,30.9040,-4.8979,-0.6795,0.0300
148,9628,8,0.008000,27.1915,3.9895,4.5705,0.0400
149,13277,8,0.008000,28.9915,7.3895,0.7455,0.0600
