seed,mode,set_id,lmin_fit,kr_hat,fit_status,adoption_status,class_l1,q90_ratio
101,window_mc,1,0.1,2.15,ok,rejected,0.2972312930126578,1.0396037703053147
101,window_mc,1,0.2,2.55,class_fraction_mismatch,rejected,0.37605343047966,0.8308799819197414
101,window_mc,1,0.3,2.75,class_fraction_mismatch,rejected,0.3952467654154232,0.7831526548223883
101,window_mc,1,0.5,2.45,class_fraction_mismatch,rejected,0.3357663828955738,0.8749147136032468
101,window_mc,1,0.75,2.55,class_fraction_mismatch,rejected,0.3368754797853046,0.8437461537721582
101,window_mc,2,0.1,3.05,ok,accepted,0.11884276098499097,0.9172024012379221
101,window_mc,2,0.2,3.1500000000000004,ok,accepted,0.18077217111915142,0.8890750646967279
101,window_mc,2,0.3,2.6500000000000004,ok,provisional_accepted,0.1499659842420023,0.9837139558388123
101,window_mc,2,0.5,3.45,ok,provisional_accepted,0.1863481666987735,0.8166156473241668
101,window_mc,2,0.75,3.5500000000000003,ok,provisional_accepted,0.2138372378911875,0.8130458169647004
101,window_mc,3,0.1,2.6500000000000004,ok,provisional_accepted,0.10906381600259155,0.7154699395061049
101,window_mc,3,0.2,2.55,ok,provisional_accepted,0.07344332243737686,0.7476213527456629
101,window_mc,3,0.3,2.45,ok,provisional_accepted,0.08259785589628522,0.770414558163482
101,window_mc,3,0.5,2.35,ok,rejected,0.06896207802004906,0.8234475748776657
101,window_mc,3,0.75,2.55,ok,provisional_accepted,0.11108110322827114,0.8001303841674489
101,window_mc,5,0.1,3.5500000000000003,ok,accepted,0.1243615999091212,1.0042085771541773
101,window_mc,5,0.2,3.3,ok,provisional_accepted,0.09486359744757675,1.0569571878941122
101,window_mc,5,0.3,3.35,ok,accepted,0.10154469233224059,1.0388072960986698
101,window_mc,5,0.5,3.25,ok,provisional_accepted,0.14296009703794052,1.0465202932474396
101,window_mc,5,0.75,3.4000000000000004,ok,accepted,0.1583164773611327,1.0156801919914582
101,hybrid,1,0.1,2.4,class_fraction_mismatch,rejected,0.35905098571695776,0.9024857280382484
101,hybrid,1,0.2,2.45,class_fraction_mismatch,rejected,0.3572733568718426,0.8738814435002735
101,hybrid,1,0.3,2.45,class_fraction_mismatch,rejected,0.34047457114788793,0.8811205325909602
101,hybrid,1,0.5,2.5,class_fraction_mismatch,rejected,0.3500824625866758,0.8421064089042899
101,hybrid,1,0.75,2.5,class_fraction_mismatch,rejected,0.3242546439934406,0.8686513690569294
101,hybrid,2,0.1,3.35,ok,provisional_accepted,0.15750262589838804,0.871054243556355
101,hybrid,2,0.2,3.3,ok,accepted,0.20560905971413357,0.8711909506753283
101,hybrid,2,0.3,2.95,ok,accepted,0.19198609252979065,0.9092469267017877
101,hybrid,2,0.5,3.25,ok,accepted,0.16807437962417343,0.8496550432461794
101,hybrid,2,0.75,3.2,ok,accepted,0.1830881463293121,0.8670250397775566
101,hybrid,3,0.1,2.5,ok,provisional_accepted,0.08997587734330889,0.7513987741570822
101,hybrid,3,0.2,2.55,ok,provisional_accepted,0.0684731294056781,0.7371940671471643
101,hybrid,3,0.3,2.5,ok,provisional_accepted,0.09536343170814443,0.7720706262727443
101,hybrid,3,0.5,2.5,ok,provisional_accepted,0.10179152218425139,0.7812893008448016
101,hybrid,3,0.75,2.45,ok,provisional_accepted,0.09423593859700365,0.8293000399519475
101,hybrid,5,0.1,3.5,ok,accepted,0.1366211245735386,1.0175001690318322
101,hybrid,5,0.2,3.45,ok,accepted,0.11035015610720667,1.0148228443786722
101,hybrid,5,0.3,3.5,ok,accepted,0.11218821347858844,1.0141412444172193
101,hybrid,5,0.5,3.45,ok,accepted,0.17428415598581948,0.9935513826477063
101,hybrid,5,0.75,3.5,ok,accepted,0.16823455628723735,0.9912532611792583
102,window_mc,1,0.1,2.7,ok,accepted,0.021509312649705657,0.5516103788501844
102,window_mc,1,0.2,2.6500000000000004,ok,accepted,0.011791292936291303,0.5470900411961745
102,window_mc,1,0.3,2.55,ok,provisional_accepted,0.013387975092683177,0.5647419628495878
102,window_mc,1,0.5,2.6,ok,accepted,0.016695158955922936,0.527747769804867
102,window_mc,1,0.75,2.5,ok,provisional_accepted,0.024384301691433765,0.5244036523695308
102,window_mc,2,0.1,2.85,class_fraction_mismatch,rejected,0.3551800723816241,0.9178279141660477
102,window_mc,2,0.2,2.5,ok,provisional_accepted,0.22814083985940675,0.9541316066086742
102,window_mc,2,0.3,2.95,ok,accepted,0.20565314200890644,0.8448785338160238
102,window_mc,2,0.5,2.6,ok,provisional_accepted,0.14050945727592434,0.9524998096382192
102,window_mc,2,0.75,2.9000000000000004,ok,accepted,0.14175506268081,0.8272938976495621
102,window_mc,3,0.1,2.7,ok,provisional_accepted,0.10021248470164613,0.8785290222010829
102,window_mc,3,0.2,2.75,ok,accepted,0.08471574708487303,0.8668699658649559
102,window_mc,3,0.3,2.7,ok,provisional_accepted,0.10861878009101439,0.8991896495253233
102,window_mc,3,0.5,2.6500000000000004,ok,provisional_accepted,0.1039253267757192,0.8847407835203267
102,window_mc,3,0.75,2.8,ok,accepted,0.08134287806837256,0.7756266892656852
102,window_mc,5,0.1,3.8000000000000003,ok,accepted,0.05280766003708154,0.7707686970714245
102,window_mc,5,0.2,3.65,ok,accepted,0.045376317857820314,0.8026304335316602
102,window_mc,5,0.3,3.5,ok,accepted,0.06810418747037683,0.8280149408676131
102,window_mc,5,0.5,3.6,ok,accepted,0.1174097045014869,0.771113974575945
102,window_mc,5,0.75,3.95,ok,provisional_accepted,0.06725514106267748,0.6942943681645767
102,hybrid,1,0.1,2.55,ok,provisional_accepted,0.05096100571877961,0.5793479107103078
102,hybrid,1,0.2,2.6,ok,accepted,0.009089573980796791,0.5609034608946502
102,hybrid,1,0.3,2.6,ok,accepted,0.019595371916465966,0.5431428788956675
102,hybrid,1,0.5,2.6,ok,accepted,0.023062683809456697,0.5242283461110583
102,hybrid,1,0.75,2.55,ok,provisional_accepted,0.012773039095024601,0.5162116014530265
102,hybrid,2,0.1,2.4,class_fraction_mismatch,rejected,0.335583583845249,1.055161600462813
102,hybrid,2,0.2,2.6,ok,provisional_accepted,0.2313302850830085,0.9348084584289661
102,hybrid,2,0.3,2.8,ok,accepted,0.1786212341354351,0.8841846868839124
102,hybrid,2,0.5,2.7,ok,provisional_accepted,0.14746400590997433,0.9215326367099064
102,hybrid,2,0.75,2.7,ok,provisional_accepted,0.12379405750030066,0.8710986389573533
102,hybrid,3,0.1,2.75,ok,accepted,0.08123850494092703,0.8704261251686043
102,hybrid,3,0.2,2.75,ok,accepted,0.10091163137200339,0.8677322947882901
102,hybrid,3,0.3,2.75,ok,accepted,0.0996916020312957,0.8916189720141983
102,hybrid,3,0.5,2.8,ok,accepted,0.07837813539512718,0.845269027041712
102,hybrid,3,0.75,2.75,ok,accepted,0.08007024538421384,0.7900750247243389
102,hybrid,5,0.1,3.45,ok,accepted,0.0655200918345144,0.8305094992504944
102,hybrid,5,0.2,3.45,ok,accepted,0.049122322874119016,0.8349744449628147
102,hybrid,5,0.3,3.45,ok,accepted,0.0714512049469104,0.8454171158649555
102,hybrid,5,0.5,3.45,ok,accepted,0.12353593932541296,0.786098921757979
102,hybrid,5,0.75,3.3,ok,provisional_accepted,0.12449096324153033,0.7934852038755186
103,window_mc,1,0.1,3.2,ok,provisional_accepted,0.18722554903167193,0.6815912823723173
103,window_mc,1,0.2,2.9000000000000004,ok,accepted,0.1447273229535663,0.6788905390874662
103,window_mc,1,0.3,2.7,ok,accepted,0.13597259231062045,0.7037944765706305
103,window_mc,1,0.5,3.0,ok,accepted,0.0914069229309312,0.6506568719932674
103,window_mc,1,0.75,2.75,ok,accepted,0.08022806809251629,0.719170462731749
103,window_mc,2,0.1,3.35,ok,provisional_accepted,0.1368425882029087,0.9385537437189766
103,window_mc,2,0.2,3.4000000000000004,ok,provisional_accepted,0.10781635195398791,0.9244389144750147
103,window_mc,2,0.3,4.1,ok,rejected,0.03154168123273109,0.8473129675640693
103,window_mc,2,0.5,3.6,ok,provisional_accepted,0.016420996403590023,0.8933292558341656
103,window_mc,2,0.75,3.75,ok,rejected,0.087548331474507,0.8773369730110876
103,window_mc,3,0.1,2.8,ok,accepted,0.08446597443383105,0.8108884242013852
103,window_mc,3,0.2,2.85,ok,accepted,0.06227609255903329,0.7820530952043764
103,window_mc,3,0.3,3.05,ok,accepted,0.09233601550481138,0.7474382776180858
103,window_mc,3,0.5,3.05,ok,accepted,0.10373605669385744,0.7392992468093231
103,window_mc,3,0.75,2.6,ok,provisional_accepted,0.05082559441872524,0.8221757773170757
103,window_mc,5,0.1,3.4000000000000004,ok,accepted,0.105432962298875,1.0119083674556928
103,window_mc,5,0.2,3.5,ok,accepted,0.10124904343765806,0.9408427427757723
103,window_mc,5,0.3,3.3,ok,provisional_accepted,0.07738020825608308,0.9479131727913365
103,window_mc,5,0.5,3.25,ok,provisional_accepted,0.019440933022581083,0.9365000157669406
103,window_mc,5,0.75,3.35,ok,accepted,0.015064341498794301,0.8528381286172411
103,hybrid,1,0.1,2.5,ok,provisional_accepted,0.17541342817372307,0.8621258235937851
103,hybrid,1,0.2,2.6,ok,accepted,0.13852646908462174,0.7628969272533341
103,hybrid,1,0.3,2.6,ok,accepted,0.13291824537295416,0.7269830909721928
103,hybrid,1,0.5,2.7,ok,accepted,0.0782086211213053,0.707969944284929
103,hybrid,1,0.75,2.75,ok,accepted,0.07916153230631914,0.7217860547905501
103,hybrid,2,0.1,3.7,ok,rejected,0.09221809418616331,0.8951461974322602
103,hybrid,2,0.2,3.7,ok,rejected,0.07933851999658485,0.893048151878947
103,hybrid,2,0.3,3.7,ok,rejected,0.06171925666767567,0.8961419229664441
103,hybrid,2,0.5,3.7,ok,rejected,0.015963048536866344,0.8905736698638832
103,hybrid,2,0.75,3.6,ok,provisional_accepted,0.09307474833831551,0.904390462468674
103,hybrid,3,0.1,2.8,ok,accepted,0.08867627318936012,0.8120750230501141
103,hybrid,3,0.2,2.9000000000000004,ok,accepted,0.05712952222141671,0.7692033577658739
103,hybrid,3,0.3,2.85,ok,accepted,0.07542310244961992,0.7954732046378938
103,hybrid,3,0.5,2.85,ok,accepted,0.07821701643077923,0.7843291536537045
103,hybrid,3,0.75,2.85,ok,accepted,0.09869327350730113,0.767347377407296
103,hybrid,5,0.1,3.45,ok,accepted,0.10934914249116813,1.0039981022607196
103,hybrid,5,0.2,3.35,ok,accepted,0.09384140343983899,0.9749529637887049
103,hybrid,5,0.3,3.4000000000000004,ok,accepted,0.07643624093238065,0.9291568268456337
103,hybrid,5,0.5,3.5,ok,accepted,0.021678300513686882,0.8799178252315182
103,hybrid,5,0.75,3.45,ok,accepted,0.013449620049934382,0.824581545252965
104,window_mc,1,0.1,3.25,ok,provisional_accepted,0.1128466063297409,1.0297309627875804
104,window_mc,1,0.2,3.6,ok,rejected,0.1543706427641154,0.9469902865041483
104,window_mc,1,0.3,3.2,ok,provisional_accepted,0.08878113803391467,0.9892539183105353
104,window_mc,1,0.5,3.05,ok,accepted,0.1164506666390533,1.02093882152025
104,window_mc,1,0.75,3.2,ok,provisional_accepted,0.15624046556302623,0.9656964627338166
104,window_mc,2,0.1,3.8000000000000003,weak_identifiability,rejected,0.02560228597704172,0.881362138147225
104,window_mc,2,0.2,4.15,weak_identifiability,rejected,0.02999583040268201,0.8457199984144758
104,window_mc,2,0.3,4.2,weak_identifiability,rejected,0.014647352310076932,0.8330837282681772
104,window_mc,2,0.5,4.65,weak_identifiability,rejected,0.03189646954145353,0.8027049264069988
104,window_mc,2,0.75,4.2,weak_identifiability,rejected,0.0698396420483333,0.848721302729268
104,window_mc,3,0.1,3.6,ok,provisional_accepted,0.10358436433907675,0.9197204219878394
104,window_mc,3,0.2,3.25,ok,accepted,0.10930451838004593,0.977496090439348
104,window_mc,3,0.3,3.3,ok,accepted,0.13446001581594794,0.9760622040605409
104,window_mc,3,0.5,3.3,ok,accepted,0.14392349429117668,0.9843249803670943
104,window_mc,3,0.75,3.35,ok,provisional_accepted,0.18207062565822,0.9523097530590623
104,window_mc,5,0.1,4.300000000000001,ok,rejected,0.02483283681721794,0.9038152060061522
104,window_mc,5,0.2,4.0,ok,provisional_accepted,0.03289537057930112,0.9367595792272658
104,window_mc,5,0.3,4.0,ok,provisional_accepted,0.03373978089075751,0.9327179731463299
104,window_mc,5,0.5,4.0,ok,provisional_accepted,0.1311740367209724,0.925810547289371
104,window_mc,5,0.75,3.9000000000000004,ok,provisional_accepted,0.09637348801654742,0.9335825982659165
104,hybrid,1,0.1,3.2,ok,provisional_accepted,0.11117426823976297,1.0348903081599665
104,hybrid,1,0.2,3.2,ok,provisional_accepted,0.1265525669498595,1.0479493769361272
104,hybrid,1,0.3,3.2,ok,provisional_accepted,0.09574243028198973,0.9831253419852463
104,hybrid,1,0.5,3.2,ok,provisional_accepted,0.13804672721597208,0.9721743722467654
104,hybrid,1,0.75,3.2,ok,provisional_accepted,0.16595056725521898,0.9686950729608012
104,hybrid,2,0.1,4.15,weak_identifiability,rejected,0.01570474431068433,0.8441092506579834
104,hybrid,2,0.2,4.050000000000001,weak_identifiability,rejected,0.03180640307615144,0.8653262015086679
104,hybrid,2,0.3,4.0,weak_identifiability,rejected,0.03186175462325335,0.856751302346556
104,hybrid,2,0.5,4.050000000000001,weak_identifiability,rejected,0.01340307553434995,0.8605725098638747
104,hybrid,2,0.75,4.1,weak_identifiability,rejected,0.08064377198165167,0.8569385065582215
104,hybrid,3,0.1,3.3,ok,accepted,0.08286015035146216,0.9691632128953547
104,hybrid,3,0.2,3.25,ok,accepted,0.09156459964132706,0.9745143560012396
104,hybrid,3,0.3,3.25,ok,accepted,0.14127729693458926,0.9923521565418424
104,hybrid,3,0.5,3.3,ok,accepted,0.1426359201489184,0.9815837578815771
104,hybrid,3,0.75,3.25,ok,accepted,0.1640863492887103,0.9821299390239581
104,hybrid,5,0.1,3.9000000000000004,ok,provisional_accepted,0.010567856439523734,0.9515368537162304
104,hybrid,5,0.2,3.95,ok,provisional_accepted,0.02726622454476132,0.9430653348718465
104,hybrid,5,0.3,4.0,ok,provisional_accepted,0.0282203726478952,0.9349262973311175
104,hybrid,5,0.5,3.85,ok,accepted,0.1209573091849935,0.9345334030088676
104,hybrid,5,0.75,3.8000000000000003,ok,accepted,0.10060280129730045,0.9545207472304517
105,window_mc,1,0.1,2.8,ok,accepted,0.04043165955230344,0.5758885347268552
105,window_mc,1,0.2,2.55,ok,provisional_accepted,0.037277290357372525,0.6194737153140232
105,window_mc,1,0.3,2.6500000000000004,ok,accepted,0.040416421270162095,0.5894338890064159
105,window_mc,1,0.5,2.6,ok,accepted,0.043294818430826845,0.5306149059939468
105,window_mc,1,0.75,2.5,ok,provisional_accepted,0.04959417844928285,0.5692270395092414
105,window_mc,2,0.1,2.75,ok,accepted,0.050917520425366375,0.6236843036713189
105,window_mc,2,0.2,2.75,ok,accepted,0.07355974507385972,0.6286593327652577
105,window_mc,2,0.3,2.55,ok,provisional_accepted,0.06192871651644026,0.6688377867411265
105,window_mc,2,0.5,2.6500000000000004,ok,provisional_accepted,0.05712180088436289,0.6543426308100135
105,window_mc,2,0.75,2.75,ok,accepted,0.12364237934258794,0.625278492776411
105,window_mc,3,0.1,3.35,ok,provisional_accepted,0.11308948050308792,0.7631332478569519
105,window_mc,3,0.2,3.25,ok,accepted,0.1036385324837799,0.7663918576918641
105,window_mc,3,0.3,3.2,ok,accepted,0.05669403302963713,0.7615481399805145
105,window_mc,3,0.5,3.1,ok,accepted,0.04329429783975239,0.7761678635806203
105,window_mc,3,0.75,3.1,ok,accepted,0.026506311658003573,0.7545076082886664
105,window_mc,5,0.1,3.75,ok,accepted,0.08426366212218864,0.9046882063672373
105,window_mc,5,0.2,3.9000000000000004,ok,provisional_accepted,0.05740720894509348,0.8704568532649914
105,window_mc,5,0.3,3.8000000000000003,ok,accepted,0.04354126908951848,0.8781114320998987
105,window_mc,5,0.5,3.65,ok,accepted,0.10306009706953118,0.8496513992465831
105,window_mc,5,0.75,3.65,ok,accepted,0.08528003943769477,0.8125779849367851
105,hybrid,1,0.1,2.55,ok,provisional_accepted,0.06974614919719523,0.6336776994263034
105,hybrid,1,0.2,2.6,ok,accepted,0.03646697150533465,0.612154371816989
105,hybrid,1,0.3,2.6,ok,accepted,0.03677896170237999,0.601261772458022
105,hybrid,1,0.5,2.55,ok,provisional_accepted,0.043311713207786845,0.5378602311215058
105,hybrid,1,0.75,2.6,ok,accepted,0.03513618299893385,0.5486036290934694
105,hybrid,2,0.1,2.6500000000000004,ok,provisional_accepted,0.0485677962196434,0.6454459416514929
105,hybrid,2,0.2,2.6500000000000004,ok,provisional_accepted,0.059654468992345416,0.6528361117119267
105,hybrid,2,0.3,2.6500000000000004,ok,provisional_accepted,0.0736622627230876,0.656715800337393
105,hybrid,2,0.5,2.6500000000000004,ok,provisional_accepted,0.05543905635648752,0.6669073215281673
105,hybrid,2,0.75,2.6,ok,provisional_accepted,0.09330326288603548,0.6562400061431997
105,hybrid,3,0.1,3.0,ok,accepted,0.07604758250871085,0.8255818176504827
105,hybrid,3,0.2,3.1,ok,accepted,0.07018114775686989,0.7891981411084358
105,hybrid,3,0.3,3.05,ok,accepted,0.04390468169220514,0.7885817768391739
105,hybrid,3,0.5,3.05,ok,accepted,0.038479970202394936,0.7855646705995877
105,hybrid,3,0.75,3.05,ok,accepted,0.03892880681684431,0.761444649796044
105,hybrid,5,0.1,3.6,ok,accepted,0.08330649997847275,0.9377057282062738
105,hybrid,5,0.2,3.65,ok,accepted,0.05610243156517351,0.9094020569965862
105,hybrid,5,0.3,3.65,ok,accepted,0.0439900936789348,0.9102124541237993
105,hybrid,5,0.5,3.65,ok,accepted,0.10033685138998723,0.8372502948981089
105,hybrid,5,0.75,3.5500000000000003,ok,accepted,0.10277966801622243,0.8232503799139127
106,window_mc,1,0.1,3.2,ok,provisional_accepted,0.11711691468968596,0.8488526237423212
106,window_mc,1,0.2,2.95,ok,accepted,0.10853783304753814,0.9095192922180642
106,window_mc,1,0.3,3.1500000000000004,ok,provisional_accepted,0.08690596973513193,0.8700679551210244
106,window_mc,1,0.5,3.1500000000000004,ok,provisional_accepted,0.07085965838544744,0.8843723433893381
106,window_mc,1,0.75,2.9000000000000004,ok,accepted,0.158186633625029,0.9492843128615907
106,window_mc,2,0.1,2.9000000000000004,ok,accepted,0.14118735655471254,0.9339593426732511
106,window_mc,2,0.2,2.8,ok,accepted,0.09005569940637258,0.9015422361823603
106,window_mc,2,0.3,2.6500000000000004,ok,provisional_accepted,0.041653458441640784,0.9069221843832873
106,window_mc,2,0.5,2.75,ok,accepted,0.0624507124121878,0.8213413520318409
106,window_mc,2,0.75,2.85,ok,accepted,0.041802469240452125,0.75819021195157
106,window_mc,3,0.1,2.85,ok,accepted,0.22776472340856752,0.922140259771815
106,window_mc,3,0.2,2.7,ok,provisional_accepted,0.19464478003318023,0.9512576252029227
106,window_mc,3,0.3,2.85,ok,accepted,0.203712764323749,0.8965874281368214
106,window_mc,3,0.5,3.0,ok,accepted,0.2378400937473233,0.8380067508114957
106,window_mc,3,0.75,2.7,ok,provisional_accepted,0.18724933739968885,0.9327061357449378
106,window_mc,5,0.1,3.1500000000000004,ok,provisional_accepted,0.05113659820526642,0.9077139483855463
106,window_mc,5,0.2,3.1500000000000004,ok,provisional_accepted,0.05541009559763737,0.8770168391742198
106,window_mc,5,0.3,3.3,ok,provisional_accepted,0.0530956315726256,0.8213296955658836
106,window_mc,5,0.5,3.25,ok,provisional_accepted,0.02446767893394381,0.8062466114200495
106,window_mc,5,0.75,3.1500000000000004,ok,provisional_accepted,0.03338373728879368,0.7879362739814015
106,hybrid,1,0.1,2.85,ok,accepted,0.16077918806688035,0.9327980397420411
106,hybrid,1,0.2,2.9000000000000004,ok,accepted,0.11555153859034271,0.9410122990679779
106,hybrid,1,0.3,2.9000000000000004,ok,accepted,0.11165118730228797,0.9375160236020114
106,hybrid,1,0.5,2.95,ok,accepted,0.08501485301605252,0.9424294142151801
106,hybrid,1,0.75,2.9000000000000004,ok,accepted,0.17134785458190363,0.9498639160375324
106,hybrid,2,0.1,2.95,ok,accepted,0.1483439613899941,0.9234509010518983
106,hybrid,2,0.2,2.9000000000000004,ok,accepted,0.10384560147593322,0.8905218603404005
106,hybrid,2,0.3,2.85,ok,accepted,0.06646203958907539,0.8544811414508313
106,hybrid,2,0.5,2.8,ok,accepted,0.07730565897042836,0.8209643730194016
106,hybrid,2,0.75,2.8,ok,accepted,0.03780873728102491,0.7809269884052445
106,hybrid,3,0.1,2.85,ok,accepted,0.2371730827456674,0.9243407691209482
106,hybrid,3,0.2,2.85,ok,accepted,0.19664585435882437,0.9091513020784902
106,hybrid,3,0.3,2.8,ok,accepted,0.20333507293918837,0.9259856037113894
106,hybrid,3,0.5,2.75,ok,accepted,0.20304371457411285,0.8995185340355452
106,hybrid,3,0.75,2.8,ok,accepted,0.20052753231461692,0.9079398130277028
106,hybrid,5,0.1,3.1500000000000004,ok,provisional_accepted,0.05339854998639956,0.9076581157504358
106,hybrid,5,0.2,3.1500000000000004,ok,provisional_accepted,0.05896034289803652,0.8754949405771973
106,hybrid,5,0.3,3.25,ok,provisional_accepted,0.042558027541027235,0.8385466940171195
106,hybrid,5,0.5,3.25,ok,provisional_accepted,0.017624742030408487,0.8028162062701255
106,hybrid,5,0.75,3.2,ok,provisional_accepted,0.01590360936817251,0.7755287448693982
107,window_mc,1,0.1,2.95,ok,accepted,0.058316953316953385,0.8866007548333525
107,window_mc,1,0.2,2.9000000000000004,ok,accepted,0.07849580337526776,0.8736917158511033
107,window_mc,1,0.3,3.0,ok,accepted,0.06779344415405655,0.8481514768964062
107,window_mc,1,0.5,2.7,ok,accepted,0.09007951783568283,0.9550658222784904
107,window_mc,1,0.75,2.95,ok,accepted,0.05683317578779909,0.8952562852038912
107,window_mc,2,0.1,3.6,ok,provisional_accepted,0.14079303538418275,0.9059335631386043
107,window_mc,2,0.2,4.1,ok,rejected,0.039742511293897165,0.8366107534220278
107,window_mc,2,0.3,3.3,ok,accepted,0.06936360898794791,0.9412803940599548
107,window_mc,2,0.5,3.6,ok,provisional_accepted,0.03701882648912729,0.8884163203280222
107,window_mc,2,0.75,3.8000000000000003,weak_identifiability,rejected,0.027369352498739598,0.8654346355525484
107,window_mc,3,0.1,2.85,ok,accepted,0.13769009086633383,0.7916300903914718
107,window_mc,3,0.2,2.7,ok,provisional_accepted,0.09808712234074252,0.816951335269247
107,window_mc,3,0.3,2.8,ok,accepted,0.12686977226936935,0.8024038026204783
107,window_mc,3,0.5,2.75,ok,accepted,0.1863192295564712,0.8054716271361889
107,window_mc,3,0.75,2.8,ok,accepted,0.2284761111398974,0.7862341966908697
107,window_mc,5,0.1,4.050000000000001,ok,provisional_accepted,0.03840469415216284,1.0445753694903257
107,window_mc,5,0.2,4.6,ok,rejected,0.046307305629201836,0.9797193372752799
107,window_mc,5,0.3,4.050000000000001,ok,provisional_accepted,0.0164131184925136,1.0588625199731336
107,window_mc,5,0.5,4.35,ok,rejected,0.039218298656773766,1.0313282585365153
107,window_mc,5,0.75,4.15,ok,provisional_accepted,0.06211421140441475,1.0004939105001653
107,hybrid,1,0.1,2.9000000000000004,ok,accepted,0.06307818561623393,0.8998882601615189
107,hybrid,1,0.2,2.9000000000000004,ok,accepted,0.07157922778417054,0.8846371208109344
107,hybrid,1,0.3,2.85,ok,accepted,0.08270402604240402,0.8909801987457521
107,hybrid,1,0.5,2.85,ok,accepted,0.0699119312646195,0.9069903192879878
107,hybrid,1,0.75,2.85,ok,accepted,0.052077025480773774,0.9386245141043009
107,hybrid,2,0.1,3.9000000000000004,weak_identifiability,rejected,0.11542049775927984,0.8747263681687142
107,hybrid,2,0.2,3.75,weak_identifiability,rejected,0.06494586408503189,0.8833931744496615
107,hybrid,2,0.3,3.65,weak_identifiability,rejected,0.051330791431869485,0.9012629385721979
107,hybrid,2,0.5,3.65,weak_identifiability,rejected,0.0386744304330287,0.8935875438626358
107,hybrid,2,0.75,3.75,weak_identifiability,rejected,0.023173345672531306,0.8748734668123034
107,hybrid,3,0.1,2.8,ok,accepted,0.13403546804606736,0.801905841318339
107,hybrid,3,0.2,2.8,ok,accepted,0.09238355513307983,0.7889200845057276
107,hybrid,3,0.3,2.8,ok,accepted,0.12704311308498756,0.8103686522119462
107,hybrid,3,0.5,2.75,ok,accepted,0.19063074379741562,0.8059824006886502
107,hybrid,3,0.75,2.75,ok,accepted,0.21990688611517045,0.802639321056949
107,hybrid,5,0.1,4.300000000000001,ok,rejected,0.038998380333046166,1.0142440197789204
107,hybrid,5,0.2,4.15,ok,provisional_accepted,0.023909000497060986,1.039596289082462
107,hybrid,5,0.3,4.35,ok,rejected,0.007409203910225395,1.0161498100769952
107,hybrid,5,0.5,4.300000000000001,ok,rejected,0.03766888922104079,1.0327728665081375
107,hybrid,5,0.75,4.300000000000001,ok,rejected,0.06753137441396552,0.9868821898219131
108,window_mc,1,0.1,2.8,ok,accepted,0.04081652515890522,0.8467921957511321
108,window_mc,1,0.2,2.7,ok,accepted,0.03230821231633908,0.8706502732220929
108,window_mc,1,0.3,2.8,ok,accepted,0.04628906594207654,0.8521116741685086
108,window_mc,1,0.5,2.7,ok,accepted,0.06370477983505543,0.8974744032480089
108,window_mc,1,0.75,2.8,ok,accepted,0.12385055915817736,0.908815432837714
108,window_mc,2,0.1,2.7,ok,provisional_accepted,0.12768390510326,0.6786507401371584
108,window_mc,2,0.2,2.5,ok,provisional_accepted,0.1065247502878467,0.7131204119860698
108,window_mc,2,0.3,2.6500000000000004,ok,provisional_accepted,0.07041261275365254,0.6903444821722006
108,window_mc,2,0.5,2.45,ok,provisional_accepted,0.12335904107606871,0.7309953835710575
108,window_mc,2,0.75,2.6,ok,provisional_accepted,0.1350801939574785,0.6964726041659137
108,window_mc,3,0.1,3.1,ok,accepted,0.09141478643394359,0.8296740245743502
108,window_mc,3,0.2,3.1,ok,accepted,0.11536381085325421,0.8172888063703526
108,window_mc,3,0.3,3.0,ok,accepted,0.10948751229755531,0.8233726445815146
108,window_mc,3,0.5,3.4000000000000004,ok,provisional_accepted,0.13398052799378035,0.7299133408826085
108,window_mc,3,0.75,3.0,ok,accepted,0.11170942847466508,0.7793188918364032
108,window_mc,5,0.1,3.75,ok,accepted,0.06371838552490358,0.9935672140685434
108,window_mc,5,0.2,3.75,ok,accepted,0.053180133337688146,1.0013970306102697
108,window_mc,5,0.3,3.95,ok,provisional_accepted,0.04168839446086105,0.9804935882326996
108,window_mc,5,0.5,3.6,ok,accepted,0.07815095787011148,0.8794427344306799
108,window_mc,5,0.75,3.65,ok,accepted,0.07076858055710651,0.8316796040762306
108,hybrid,1,0.1,2.75,ok,accepted,0.03998354137538687,0.8575802738000491
108,hybrid,1,0.2,2.75,ok,accepted,0.032406065637388036,0.8593390882539781
108,hybrid,1,0.3,2.75,ok,accepted,0.04165816016018205,0.8630991120158411
108,hybrid,1,0.5,2.75,ok,accepted,0.07669654703731268,0.8809235607276765
108,hybrid,1,0.75,2.7,ok,accepted,0.11173932466622175,0.9404530033327212
108,hybrid,2,0.1,2.6,ok,provisional_accepted,0.14196188770942586,0.6986805238159514
108,hybrid,2,0.2,2.6,ok,provisional_accepted,0.09654309382175694,0.6972511201220205
108,hybrid,2,0.3,2.6,ok,provisional_accepted,0.08145001713274952,0.7021513744472029
108,hybrid,2,0.5,2.6,ok,provisional_accepted,0.10526751077098821,0.7075793851778175
108,hybrid,2,0.75,2.6,ok,provisional_accepted,0.12776260808406764,0.6940674626516762
108,hybrid,3,0.1,3.1,ok,accepted,0.09445217737124681,0.8257984121611929
108,hybrid,3,0.2,3.05,ok,accepted,0.09933989532067809,0.8178238339639292
108,hybrid,3,0.3,3.1,ok,accepted,0.12402727686885728,0.8151379436772003
108,hybrid,3,0.5,3.1,ok,accepted,0.11588785046728979,0.7819923727836576
108,hybrid,3,0.75,3.05,ok,accepted,0.11141276884720623,0.7733310913914296
108,hybrid,5,0.1,3.7,ok,accepted,0.06423918552305999,1.0106609586195832
108,hybrid,5,0.2,3.65,ok,accepted,0.05162548632451769,1.0244416330074915
108,hybrid,5,0.3,3.75,ok,accepted,0.04134753171629528,1.0118913978571524
108,hybrid,5,0.5,3.7,ok,accepted,0.06084685341835598,0.8523615390483013
108,hybrid,5,0.75,3.5,ok,accepted,0.08138608635438081,0.8537975067208156
109,window_mc,1,0.1,3.1,ok,accepted,0.04560422787541248,0.9133157562105667
109,window_mc,1,0.2,3.35,ok,provisional_accepted,0.017879403070128613,0.8603520720447927
109,window_mc,1,0.3,3.2,ok,provisional_accepted,0.016244726805105282,0.9099505369720489
109,window_mc,1,0.5,3.3,ok,provisional_accepted,0.01766957586893285,0.8936715707010892
109,window_mc,1,0.75,3.3,ok,provisional_accepted,0.017243759829993717,0.8996351691637652
109,window_mc,2,0.1,3.5,ok,provisional_accepted,0.15012203806613791,0.9733803902779361
109,window_mc,2,0.2,3.5,ok,provisional_accepted,0.15896151818661047,0.9710577041556168
109,window_mc,2,0.3,3.7,ok,rejected,0.18417840687577533,0.9382582886846129
109,window_mc,2,0.5,3.3,ok,accepted,0.14341900796119916,0.9691133328869395
109,window_mc,2,0.75,3.5500000000000003,ok,provisional_accepted,0.2018948683211215,0.8976083637946329
109,window_mc,3,0.1,3.05,ok,accepted,0.28716899647687233,1.0005742948218264
109,window_mc,3,0.2,3.0,ok,accepted,0.24785881276116198,0.9873837272636736
109,window_mc,3,0.3,3.05,ok,accepted,0.2634406964196091,0.9664302989223501
109,window_mc,3,0.5,3.1,ok,accepted,0.29836053595404016,0.9727368556176446
109,window_mc,3,0.75,3.1500000000000004,ok,accepted,0.2946463667094677,0.9347161574505483
109,window_mc,5,0.1,3.0,ok,rejected,0.02649304019692702,0.8559646156081233
109,window_mc,5,0.2,3.2,ok,provisional_accepted,0.03616256283034418,0.7955633636572375
109,window_mc,5,0.3,3.1,ok,provisional_accepted,0.01732125413376682,0.7998307516340725
109,window_mc,5,0.5,3.05,ok,provisional_accepted,0.020622827905779437,0.768975929882559
109,window_mc,5,0.75,3.05,ok,provisional_accepted,0.043221954976702656,0.8043817063989661
109,hybrid,1,0.1,3.25,ok,provisional_accepted,0.03618608235541018,0.8722043008997911
109,hybrid,1,0.2,3.1500000000000004,ok,provisional_accepted,0.02959308932813163,0.9103648707146423
109,hybrid,1,0.3,3.0,ok,accepted,0.035266331975624274,0.9549769163245211
109,hybrid,1,0.5,3.1,ok,accepted,0.020922869749584568,0.9309890218868927
109,hybrid,1,0.75,3.1500000000000004,ok,provisional_accepted,0.035904604870122155,0.9451659431243357
109,hybrid,2,0.1,3.3,ok,accepted,0.1265323664862368,1.005750191056708
109,hybrid,2,0.2,3.4000000000000004,ok,provisional_accepted,0.14428469611993988,0.9883624053625385
109,hybrid,2,0.3,3.45,ok,provisional_accepted,0.1538709722280168,0.9769936559953661
109,hybrid,2,0.5,3.35,ok,provisional_accepted,0.15359990149906116,0.9690503978657805
109,hybrid,2,0.75,3.4000000000000004,ok,provisional_accepted,0.19773819911893215,0.9201149820928755
109,hybrid,3,0.1,3.0,ok,accepted,0.2819905483117918,1.0074220064790382
109,hybrid,3,0.2,3.1500000000000004,ok,accepted,0.2505738070297776,0.9422938208994992
109,hybrid,3,0.3,3.1,ok,accepted,0.2800157632825848,0.9643802853360055
109,hybrid,3,0.5,3.2,class_fraction_mismatch,rejected,0.30062853839589665,0.9472092015583358
109,hybrid,3,0.75,3.1,ok,accepted,0.2864285438572988,0.9501375295493492
109,hybrid,5,0.1,3.05,ok,provisional_accepted,0.029293098671517612,0.845362180188124
109,hybrid,5,0.2,3.0,ok,rejected,0.0167766489393106,0.832326078587546
109,hybrid,5,0.3,3.1500000000000004,ok,provisional_accepted,0.019103640097672972,0.7873659405877426
109,hybrid,5,0.5,3.1500000000000004,ok,provisional_accepted,0.026707413759627225,0.74395569123635
109,hybrid,5,0.75,3.1,ok,provisional_accepted,0.05273650775063306,0.7830143830017366
110,window_mc,1,0.1,3.35,ok,provisional_accepted,0.03750933054468748,0.9434800625281193
110,window_mc,1,0.2,3.3,ok,provisional_accepted,0.07525056946917642,0.9566384653277558
110,window_mc,1,0.3,3.3,ok,provisional_accepted,0.06945255319576617,0.9538951014727167
110,window_mc,1,0.5,3.45,ok,rejected,0.05163079981730739,0.8894456782857021
110,window_mc,1,0.75,3.5,ok,rejected,0.027336637532451958,0.8481758568988617
110,window_mc,2,0.1,2.6,ok,provisional_accepted,0.060408966805127876,0.6895162071964087
110,window_mc,2,0.2,2.6500000000000004,ok,provisional_accepted,0.013367548374434098,0.6792942967202462
110,window_mc,2,0.3,2.7,ok,provisional_accepted,0.0331013795148154,0.66217771689758
110,window_mc,2,0.5,2.45,ok,provisional_accepted,0.15247537740077183,0.6890526611474524
110,window_mc,2,0.75,2.5,ok,provisional_accepted,0.11350758383911143,0.7014547161599141
110,window_mc,3,0.1,2.35,ok,rejected,0.12268987473478307,1.0870737146744278
110,window_mc,3,0.2,2.45,ok,provisional_accepted,0.07996278513126648,1.0364782632664118
110,window_mc,3,0.3,2.6,ok,provisional_accepted,0.10566106551911533,1.005100078774818
110,window_mc,3,0.5,3.0,ok,accepted,0.13268937645347573,0.8419931388821785
110,window_mc,3,0.75,2.55,ok,provisional_accepted,0.0445373394295667,0.9562403533530872
110,window_mc,5,0.1,4.2,ok,rejected,0.21098477762454382,1.063639098728618
110,window_mc,5,0.2,4.2,ok,rejected,0.1615435417563696,1.0589957284211649
110,window_mc,5,0.3,4.4,ok,rejected,0.0661758194048471,1.0435108514662212
110,window_mc,5,0.5,4.35,ok,rejected,0.08474151438585245,1.0383455714849625
110,window_mc,5,0.75,4.300000000000001,ok,rejected,0.12367211542304465,1.0980124560698026
110,hybrid,1,0.1,3.4000000000000004,ok,provisional_accepted,0.04463115673938075,0.9296079294640214
110,hybrid,1,0.2,3.25,ok,provisional_accepted,0.07608347075748516,0.9674511118598657
110,hybrid,1,0.3,3.35,ok,provisional_accepted,0.05893168320352783,0.9461527407974124
110,hybrid,1,0.5,3.3,ok,provisional_accepted,0.07558344162876318,0.9073480944267077
110,hybrid,1,0.75,3.35,ok,provisional_accepted,0.04576177538088083,0.8806773718347498
110,hybrid,2,0.1,2.6,ok,provisional_accepted,0.060254901369063765,0.6938713185340365
110,hybrid,2,0.2,2.6500000000000004,ok,provisional_accepted,0.009603641522283116,0.6871754827525094
110,hybrid,2,0.3,2.6,ok,provisional_accepted,0.050597702613754625,0.6837102683491629
110,hybrid,2,0.5,2.55,ok,provisional_accepted,0.14073683071647072,0.6756485641667118
110,hybrid,2,0.75,2.55,ok,provisional_accepted,0.09816635891269807,0.684513316510479
110,hybrid,3,0.1,2.7,ok,provisional_accepted,0.1509539836012865,0.9616662414642625
110,hybrid,3,0.2,2.7,ok,provisional_accepted,0.09578589735948026,0.9537106412692894
110,hybrid,3,0.3,2.75,ok,accepted,0.12570384611441182,0.9660545545723918
110,hybrid,3,0.5,2.75,ok,accepted,0.10188509319512268,0.9023661152820106
110,hybrid,3,0.75,2.75,ok,accepted,0.09503826848456792,0.894749447218853
110,hybrid,5,0.1,3.9000000000000004,ok,provisional_accepted,0.1966049458880691,1.1108749868025474
110,hybrid,5,0.2,3.85,ok,accepted,0.14360661608000846,1.1238171027165702
110,hybrid,5,0.3,4.4,ok,rejected,0.061456617330035816,1.0442487729926442
110,hybrid,5,0.5,4.300000000000001,ok,rejected,0.08441061480323694,1.039607122402492
110,hybrid,5,0.75,4.35,ok,rejected,0.1377036026638851,1.0874867551774978
111,window_mc,1,0.1,3.1500000000000004,ok,provisional_accepted,0.07631841868984715,0.9407347375499121
111,window_mc,1,0.2,3.5,ok,rejected,0.035917960193588894,0.8192115610778982
111,window_mc,1,0.3,3.1500000000000004,ok,provisional_accepted,0.059942237107961226,0.8658000866867316
111,window_mc,1,0.5,3.25,ok,provisional_accepted,0.010036514051796426,0.8374969999281264
111,window_mc,1,0.75,3.2,ok,provisional_accepted,0.010940084044095588,0.8400194749020469
111,window_mc,2,0.1,2.95,class_fraction_mismatch,rejected,0.37014268325096206,0.9139492715918244
111,window_mc,2,0.2,2.95,class_fraction_mismatch,rejected,0.3778835103580622,0.835143424587577
111,window_mc,2,0.3,2.75,class_fraction_mismatch,rejected,0.39001042075871595,0.8417750235890722
111,window_mc,2,0.5,2.9000000000000004,class_fraction_mismatch,rejected,0.4975490196078431,0.7933270641569172
111,window_mc,2,0.75,3.1,class_fraction_mismatch,rejected,0.5396390355742461,0.7625315829407667
111,window_mc,3,0.1,3.1,ok,accepted,0.08224545739053053,0.9153454197890707
111,window_mc,3,0.2,3.05,ok,accepted,0.052405122370992686,0.9200858767303227
111,window_mc,3,0.3,3.05,ok,accepted,0.008651283979165073,0.9059973727261794
111,window_mc,3,0.5,3.0,ok,accepted,0.0064321268921557935,0.9294072621801506
111,window_mc,3,0.75,2.95,ok,accepted,0.003811189515972679,0.9761617941522392
111,window_mc,5,0.1,4.25,ok,rejected,0.024000208873238324,1.0076333488080513
111,window_mc,5,0.2,4.15,ok,provisional_accepted,0.012692928228869235,1.030454689269996
111,window_mc,5,0.3,4.5,ok,rejected,0.014461192534268747,0.9667582305787344
111,window_mc,5,0.5,4.45,ok,rejected,0.021969486823855765,0.9548575853119267
111,window_mc,5,0.75,4.050000000000001,ok,provisional_accepted,0.02736803062070809,0.9124841539747409
111,hybrid,1,0.1,3.1500000000000004,ok,provisional_accepted,0.08137009081943755,0.9398911379668222
111,hybrid,1,0.2,3.1500000000000004,ok,provisional_accepted,0.05982697571302293,0.8996111154978295
111,hybrid,1,0.3,3.2,ok,provisional_accepted,0.04937123785684487,0.8553673228095579
111,hybrid,1,0.5,3.1500000000000004,ok,provisional_accepted,0.024529269011816422,0.8570315182852702
111,hybrid,1,0.75,3.1500000000000004,ok,provisional_accepted,0.010488817993983442,0.855332178491139
111,hybrid,2,0.1,2.95,class_fraction_mismatch,rejected,0.3705217621875102,0.9258720548628006
111,hybrid,2,0.2,2.9000000000000004,class_fraction_mismatch,rejected,0.3798417900884694,0.8488204622384578
111,hybrid,2,0.3,2.85,class_fraction_mismatch,rejected,0.40106575897180086,0.82348559567052
111,hybrid,2,0.5,2.85,class_fraction_mismatch,rejected,0.49341795132517546,0.8007768803648951
111,hybrid,2,0.75,2.85,class_fraction_mismatch,rejected,0.5218735348357453,0.8074644498573571
111,hybrid,3,0.1,3.1,ok,accepted,0.08737905282436721,0.9118735033334479
111,hybrid,3,0.2,3.1500000000000004,ok,accepted,0.05712874119146056,0.8910675625744504
111,hybrid,3,0.3,3.1,ok,accepted,0.02656591795674879,0.9005477705932389
111,hybrid,3,0.5,3.1500000000000004,ok,accepted,0.027420984174159876,0.9008019667528255
111,hybrid,3,0.75,3.1500000000000004,ok,accepted,0.025394870475131295,0.9307614481563103
111,hybrid,5,0.1,4.300000000000001,ok,rejected,0.01631727296286182,1.0002960021704754
111,hybrid,5,0.2,4.25,ok,rejected,0.02039987885796093,1.0092737561168132
111,hybrid,5,0.3,4.35,ok,rejected,0.03121497189047103,0.9912686354866207
111,hybrid,5,0.5,4.25,ok,rejected,0.015205273662227795,0.9778369311364886
111,hybrid,5,0.75,4.1,ok,provisional_accepted,0.020297959863211857,0.902504174031457
112,window_mc,1,0.1,2.95,ok,accepted,0.07849188824205708,0.9233691970314225
112,window_mc,1,0.2,2.85,ok,accepted,0.08274605538581228,0.9560531566342084
112,window_mc,1,0.3,2.85,ok,accepted,0.05250142361215893,0.9536039977479084
112,window_mc,1,0.5,3.0,ok,accepted,0.07256862088423797,0.9125226550595328
112,window_mc,1,0.75,3.0,ok,accepted,0.11668386999320252,0.8757713666657502
112,window_mc,2,0.1,3.65,ok,rejected,0.259232327844525,0.8778427152461008
112,window_mc,2,0.2,3.5,ok,provisional_accepted,0.2601910154406859,0.8927209651036574
112,window_mc,2,0.3,3.35,ok,provisional_accepted,0.2521802379671637,0.9217106727085894
112,window_mc,2,0.5,3.45,ok,provisional_accepted,0.222341996214481,0.9266937894263937
112,window_mc,2,0.75,3.75,ok,rejected,0.18528266740168658,0.8878519025769501
112,window_mc,3,0.1,3.35,ok,provisional_accepted,0.16681580693181822,0.9811282850627409
112,window_mc,3,0.2,2.95,ok,accepted,0.13791206807943052,1.0830138121429604
112,window_mc,3,0.3,3.35,ok,provisional_accepted,0.1890877684129017,0.9963151205363547
112,window_mc,3,0.5,3.0,ok,accepted,0.201450644504946,1.083809132166555
112,window_mc,3,0.75,3.05,ok,accepted,0.24141108201825776,1.0525896602197984
112,window_mc,5,0.1,3.45,ok,accepted,0.04707775773765624,0.8124914332393175
112,window_mc,5,0.2,3.75,ok,accepted,0.05360432198151868,0.7529659375671054
112,window_mc,5,0.3,3.5500000000000003,ok,accepted,0.04727057518644508,0.7984510331247835
112,window_mc,5,0.5,3.5,ok,accepted,0.010953139086374818,0.8209425872709618
112,window_mc,5,0.75,3.3,ok,provisional_accepted,0.035586059297798976,0.8669060069275927
112,hybrid,1,0.1,2.95,ok,accepted,0.07799449167904382,0.9247286669652105
112,hybrid,1,0.2,3.05,ok,accepted,0.0843145174606321,0.9046799783361756
112,hybrid,1,0.3,2.9000000000000004,ok,accepted,0.05144408784423852,0.9381778645821148
112,hybrid,1,0.5,2.9000000000000004,ok,accepted,0.06094561229434432,0.9274474789859
112,hybrid,1,0.75,2.8,ok,accepted,0.08499326760196318,0.9382356169078486
112,hybrid,2,0.1,3.6,ok,provisional_accepted,0.25997994441738526,0.8851130137443952
112,hybrid,2,0.2,3.7,ok,rejected,0.242435472335999,0.8747849606915433
112,hybrid,2,0.3,3.65,ok,rejected,0.23023382272974455,0.8831194038853414
112,hybrid,2,0.5,3.65,ok,rejected,0.20639684959959656,0.8974509111980783
112,hybrid,2,0.75,3.6,ok,provisional_accepted,0.1860650730952478,0.9140318293802967
112,hybrid,3,0.1,3.2,ok,accepted,0.15702928841191574,1.0130971892118137
112,hybrid,3,0.2,3.2,ok,accepted,0.16442548435445342,1.0179553823128704
112,hybrid,3,0.3,3.2,ok,accepted,0.17832042882668253,1.0329197708447764
112,hybrid,3,0.5,3.2,ok,accepted,0.2258304180750931,1.0395539713242308
112,hybrid,3,0.75,3.1500000000000004,ok,accepted,0.2423308906426156,1.0385896597895181
112,hybrid,5,0.1,3.4000000000000004,ok,accepted,0.04683017204939347,0.8123342772542488
112,hybrid,5,0.2,3.45,ok,accepted,0.07011424193150836,0.8027021299879289
112,hybrid,5,0.3,3.4000000000000004,ok,accepted,0.0588793567905839,0.8248113014697386
112,hybrid,5,0.5,3.45,ok,accepted,0.012970133485397994,0.8181236094401525
112,hybrid,5,0.75,3.4000000000000004,ok,accepted,0.017025733930505108,0.84615052034358
113,window_mc,1,0.1,2.85,ok,accepted,0.08112566208376318,0.8651884916020068
113,window_mc,1,0.2,2.95,ok,accepted,0.07857910222697816,0.8383263467138014
113,window_mc,1,0.3,2.75,ok,accepted,0.10158661141091727,0.9223592464681527
113,window_mc,1,0.5,2.95,ok,accepted,0.10301860031804352,0.866929333226905
113,window_mc,1,0.75,2.9000000000000004,ok,accepted,0.06397278911564627,0.8727514334495896
113,window_mc,2,0.1,2.7,ok,provisional_accepted,0.14184483699343192,0.7955055474660742
113,window_mc,2,0.2,2.6500000000000004,ok,provisional_accepted,0.13237055950386784,0.8039745605671044
113,window_mc,2,0.3,2.7,ok,provisional_accepted,0.16605194391860703,0.8121552458895648
113,window_mc,2,0.5,2.7,ok,provisional_accepted,0.17312790110347936,0.7743465496811601
113,window_mc,2,0.75,2.6500000000000004,ok,provisional_accepted,0.15840906315204623,0.7895560414870961
113,window_mc,3,0.1,2.9000000000000004,ok,accepted,0.0978388957305556,0.9729437951129568
113,window_mc,3,0.2,2.6500000000000004,ok,provisional_accepted,0.055241668745187766,1.0459195456222201
113,window_mc,3,0.3,3.0,ok,accepted,0.09385674717892976,0.9178440383709178
113,window_mc,3,0.5,2.95,ok,accepted,0.04226159972877525,0.894026010485274
113,window_mc,3,0.75,3.05,ok,accepted,0.0825425167061486,0.8252782281993328
113,window_mc,5,0.1,3.45,ok,accepted,0.17348961077726022,1.1016169996996386
113,window_mc,5,0.2,3.85,ok,accepted,0.19038924392065734,0.993475972220366
113,window_mc,5,0.3,3.7,ok,accepted,0.0978998131887123,1.0155382524003762
113,window_mc,5,0.5,3.75,ok,accepted,0.1326434571945861,0.9155604072851633
113,window_mc,5,0.75,3.4000000000000004,ok,accepted,0.1433147018549958,0.9574768358753603
113,hybrid,1,0.1,2.9000000000000004,ok,accepted,0.08477688964308698,0.8463745637048499
113,hybrid,1,0.2,2.9000000000000004,ok,accepted,0.09054967195550373,0.8631141075338502
113,hybrid,1,0.3,2.9000000000000004,ok,accepted,0.07563517248878315,0.8673169832868888
113,hybrid,1,0.5,2.9000000000000004,ok,accepted,0.11300791327984644,0.8766549519086907
113,hybrid,1,0.75,2.85,ok,accepted,0.0823402929980391,0.8903415720805726
113,hybrid,2,0.1,2.6,ok,provisional_accepted,0.12900293146313416,0.8254990095274547
113,hybrid,2,0.2,2.6,ok,provisional_accepted,0.12517626758597686,0.8281225128102134
113,hybrid,2,0.3,2.6,ok,provisional_accepted,0.14300659410225686,0.8374433393436831
113,hybrid,2,0.5,2.55,ok,provisional_accepted,0.1415824003852173,0.8232547732517003
113,hybrid,2,0.75,2.55,ok,provisional_accepted,0.12710931672482778,0.8083425258858504
113,hybrid,3,0.1,2.8,ok,accepted,0.0956541718486505,0.9915357440831595
113,hybrid,3,0.2,2.9000000000000004,ok,accepted,0.07226326788920613,0.9496095610036256
113,hybrid,3,0.3,2.9000000000000004,ok,accepted,0.08470432433754137,0.9545969583303815
113,hybrid,3,0.5,2.85,ok,accepted,0.041985087670366884,0.9155418971435882
113,hybrid,3,0.75,2.8,ok,accepted,0.046543414078895916,0.889668710105119
113,hybrid,5,0.1,3.5500000000000003,ok,accepted,0.19074843746519438,1.068303285057037
113,hybrid,5,0.2,3.5,ok,accepted,0.16702671762772578,1.0614806800977399
113,hybrid,5,0.3,3.65,ok,accepted,0.09996197530047782,1.0271523124112645
113,hybrid,5,0.5,3.65,ok,accepted,0.12117871590923725,0.9257377915380287
113,hybrid,5,0.75,3.5500000000000003,ok,accepted,0.15861569680564622,0.9267254198509928
114,window_mc,1,0.1,2.95,ok,accepted,0.03271546645801305,0.8913515008004196
114,window_mc,1,0.2,2.85,ok,accepted,0.017128339960351735,0.9140915477797024
114,window_mc,1,0.3,2.9000000000000004,ok,accepted,0.011706236493883419,0.9042629488161884
114,window_mc,1,0.5,2.7,ok,accepted,0.007579495320019181,0.9210858369760254
114,window_mc,1,0.75,3.0,ok,accepted,0.09619032236631962,0.8920880709648173
114,window_mc,2,0.1,2.7,ok,provisional_accepted,0.09686302681992331,0.8985006882406185
114,window_mc,2,0.2,2.9000000000000004,ok,accepted,0.10551982365552437,0.8603432416090725
114,window_mc,2,0.3,2.6500000000000004,ok,provisional_accepted,0.12172298978146887,0.9268400733388338
114,window_mc,2,0.5,3.0,ok,accepted,0.22979458170577427,0.8612793062333518
114,window_mc,2,0.75,2.95,ok,accepted,0.24566613162118778,0.8671590063267598
114,window_mc,3,0.1,3.05,ok,accepted,0.17337369655885476,0.867891941019134
114,window_mc,3,0.2,2.95,ok,accepted,0.16148513455693045,0.8738914014465479
114,window_mc,3,0.3,3.05,ok,accepted,0.1876115298217622,0.8403640530651171
114,window_mc,3,0.5,2.7,ok,provisional_accepted,0.12080286510730415,0.9110451821351022
114,window_mc,3,0.75,2.85,ok,accepted,0.16146562662716804,0.8676405602306452
114,window_mc,5,0.1,4.050000000000001,ok,provisional_accepted,0.03817238157377249,1.0154355012420542
114,window_mc,5,0.2,4.0,ok,provisional_accepted,0.03818378868616576,1.0309936704405418
114,window_mc,5,0.3,3.85,ok,accepted,0.021740433286090374,1.0505290074375697
114,window_mc,5,0.5,4.0,ok,provisional_accepted,0.047001396796618154,1.0472076427786325
114,window_mc,5,0.75,3.85,ok,accepted,0.03710147219696064,1.0263103349946328
114,hybrid,1,0.1,2.9000000000000004,ok,accepted,0.022125007040799154,0.9073527948511667
114,hybrid,1,0.2,2.9000000000000004,ok,accepted,0.020373169065234523,0.9102880248525747
114,hybrid,1,0.3,2.9000000000000004,ok,accepted,0.01652701198684898,0.907080012152616
114,hybrid,1,0.5,2.85,ok,accepted,0.03271734640734157,0.8750252634343307
114,hybrid,1,0.75,2.85,ok,accepted,0.07593361214392265,0.9340875646694284
114,hybrid,2,0.1,2.8,ok,accepted,0.10430791718413808,0.8807633360935163
114,hybrid,2,0.2,2.8,ok,accepted,0.08864173586277958,0.8868809206927996
114,hybrid,2,0.3,2.75,ok,accepted,0.12831609322974474,0.9006239874097353
114,hybrid,2,0.5,2.75,ok,accepted,0.18538494919641235,0.9209008135337532
114,hybrid,2,0.75,2.75,ok,accepted,0.21099903938520653,0.9128157297128741
114,hybrid,3,0.1,2.95,ok,accepted,0.16139841111367756,0.887730472513465
114,hybrid,3,0.2,2.9000000000000004,ok,accepted,0.15783409907409823,0.87659581028931
114,hybrid,3,0.3,2.95,ok,accepted,0.19039143353381083,0.8664469857828269
114,hybrid,3,0.5,2.95,ok,accepted,0.15491271546089572,0.8493370984062033
114,hybrid,3,0.75,2.95,ok,accepted,0.17268268260324737,0.8474591343007783
114,hybrid,5,0.1,4.1,ok,provisional_accepted,0.037735720126552685,1.0127920016452467
114,hybrid,5,0.2,4.0,ok,provisional_accepted,0.037616583855889625,1.0290372181262177
114,hybrid,5,0.3,4.1,ok,provisional_accepted,0.010404429576652493,1.0166519410887265
114,hybrid,5,0.5,4.0,ok,provisional_accepted,0.045995460890626935,1.0337957578520744
114,hybrid,5,0.75,3.9000000000000004,ok,provisional_accepted,0.04392007812706203,1.0291887947846634
115,window_mc,1,0.1,2.5,ok,provisional_accepted,0.15474647388570778,0.7640799514207488
115,window_mc,1,0.2,2.5,ok,provisional_accepted,0.17501396949854292,0.7779393603193991
115,window_mc,1,0.3,2.7,ok,accepted,0.20595004702779557,0.7218620167176659
115,window_mc,1,0.5,2.5,ok,provisional_accepted,0.16459688536995837,0.8029125180910358
115,window_mc,1,0.75,2.4,ok,provisional_accepted,0.1739486864184247,0.7763075646823516
115,window_mc,2,0.1,2.85,ok,accepted,0.2941485903422188,0.9788905393347128
115,window_mc,2,0.2,2.95,class_fraction_mismatch,rejected,0.31837201110070545,0.9448987724476896
115,window_mc,2,0.3,2.75,ok,accepted,0.25791911556903135,0.9952034424257165
115,window_mc,2,0.5,2.95,class_fraction_mismatch,rejected,0.3112684987666955,0.9544969423953417
115,window_mc,2,0.75,2.85,ok,accepted,0.2878762852047351,0.9482703766965385
115,window_mc,3,0.1,2.75,ok,accepted,0.20205372502315733,0.8560676452916292
115,window_mc,3,0.2,2.75,ok,accepted,0.198321099238183,0.8188018260530172
115,window_mc,3,0.3,2.95,ok,accepted,0.2264343954027139,0.7689947556313644
115,window_mc,3,0.5,2.8,ok,accepted,0.22085341160439773,0.804747319405705
115,window_mc,3,0.75,2.75,ok,accepted,0.23449853432683593,0.8093190771750483
115,window_mc,5,0.1,3.3,ok,provisional_accepted,0.09027487820233246,0.8469435755401477
115,window_mc,5,0.2,3.45,ok,accepted,0.10424478573657527,0.8195835003015768
115,window_mc,5,0.3,3.35,ok,accepted,0.10532248015809267,0.8436924286699758
115,window_mc,5,0.5,3.5500000000000003,ok,accepted,0.02434734332935322,0.8182732927235105
115,window_mc,5,0.75,3.4000000000000004,ok,accepted,0.02903401572351518,0.8416780931436962
115,hybrid,1,0.1,2.4,ok,provisional_accepted,0.13155709136577223,0.8012318940068106
115,hybrid,1,0.2,2.4,ok,provisional_accepted,0.15241551237527212,0.8177363030687969
115,hybrid,1,0.3,2.4,ok,provisional_accepted,0.1469967925120948,0.8148994988405664
115,hybrid,1,0.5,2.4,ok,provisional_accepted,0.14078954883665387,0.8251347420470913
115,hybrid,1,0.75,2.4,ok,provisional_accepted,0.17536336955907517,0.7709190681635069
115,hybrid,2,0.1,2.95,class_fraction_mismatch,rejected,0.3153197223117256,0.9539941228759501
115,hybrid,2,0.2,2.9000000000000004,class_fraction_mismatch,rejected,0.30902038854946107,0.9628825521610311
115,hybrid,2,0.3,2.95,ok,accepted,0.2838178225364854,0.9448397084604493
115,hybrid,2,0.5,2.95,class_fraction_mismatch,rejected,0.30821355143237367,0.9651032125962995
115,hybrid,2,0.75,3.0,class_fraction_mismatch,rejected,0.31626473485209544,0.9260412957397253
115,hybrid,3,0.1,2.8,ok,accepted,0.20367404616109283,0.8502740262601893
115,hybrid,3,0.2,2.8,ok,accepted,0.19371636429819084,0.8092450801469921
115,hybrid,3,0.3,2.8,ok,accepted,0.21136491821771017,0.8077071261489311
115,hybrid,3,0.5,2.8,ok,accepted,0.22423138700559012,0.8081998395237104
115,hybrid,3,0.75,2.8,ok,accepted,0.23571978444957664,0.7928607145351745
115,hybrid,5,0.1,3.45,ok,accepted,0.07385807663705035,0.8229027209066783
115,hybrid,5,0.2,3.4000000000000004,ok,accepted,0.11078787878787871,0.8302504074593174
115,hybrid,5,0.3,3.45,ok,accepted,0.09466517308048096,0.8303326505924972
115,hybrid,5,0.5,3.45,ok,accepted,0.04294330529395672,0.8300973421604516
115,hybrid,5,0.75,3.4000000000000004,ok,accepted,0.029496324258544433,0.8420672558124594
116,window_mc,1,0.1,3.0,ok,accepted,0.0974602977430139,0.7303021415109594
116,window_mc,1,0.2,2.55,ok,provisional_accepted,0.05694476888969197,0.8501077468384189
116,window_mc,1,0.3,2.7,ok,accepted,0.09135904756457791,0.8103366324393947
116,window_mc,1,0.5,2.6,ok,accepted,0.06732802484793746,0.8051649950034192
116,window_mc,1,0.75,2.6500000000000004,ok,accepted,0.09449600052910262,0.7534343033076623
116,window_mc,2,0.1,2.8,ok,accepted,0.10494160462911394,0.6241181689775174
116,window_mc,2,0.2,2.6500000000000004,ok,provisional_accepted,0.10623847572218806,0.6337037806627711
116,window_mc,2,0.3,2.7,ok,provisional_accepted,0.10941375422773392,0.6410143252140397
116,window_mc,2,0.5,2.5,ok,provisional_accepted,0.11781999095431929,0.677065844445922
116,window_mc,2,0.75,2.6,ok,provisional_accepted,0.15119297991152364,0.6567941113555582
116,window_mc,3,0.1,2.75,ok,accepted,0.14525671918839844,0.6807065128003736
116,window_mc,3,0.2,2.45,ok,provisional_accepted,0.09932590925405933,0.7465947243842531
116,window_mc,3,0.3,2.6,ok,provisional_accepted,0.09313684914612981,0.7233780147323244
116,window_mc,3,0.5,2.55,ok,provisional_accepted,0.07563523965246483,0.7300704911640716
116,window_mc,3,0.75,2.55,ok,provisional_accepted,0.08213266130496354,0.7131874677034126
116,window_mc,5,0.1,3.5,ok,accepted,0.22909644630032533,1.053057254269105
116,window_mc,5,0.2,3.75,ok,accepted,0.24469546518438484,0.9999705061374612
116,window_mc,5,0.3,3.7,ok,accepted,0.19127945117702996,1.030377507940447
116,window_mc,5,0.5,3.75,ok,accepted,0.1881805715539466,1.0028046083130426
116,window_mc,5,0.75,3.7,ok,accepted,0.17694572101641098,0.9533500709101594
116,hybrid,1,0.1,2.6,ok,accepted,0.0825894517344915,0.8303379039446439
116,hybrid,1,0.2,2.6,ok,accepted,0.057441091826451476,0.8410473892598481
116,hybrid,1,0.3,2.6,ok,accepted,0.0710485968429742,0.8381291199287302
116,hybrid,1,0.5,2.6,ok,accepted,0.06657385772289946,0.7969200587360292
116,hybrid,1,0.75,2.55,ok,provisional_accepted,0.07376868526487491,0.7897522931679765
116,hybrid,2,0.1,2.6500000000000004,ok,provisional_accepted,0.09971023935258214,0.6566466386634385
116,hybrid,2,0.2,2.6500000000000004,ok,provisional_accepted,0.10580889338359226,0.6439033486295404
116,hybrid,2,0.3,2.6500000000000004,ok,provisional_accepted,0.10593402766785902,0.6504131414475857
116,hybrid,2,0.5,2.6,ok,provisional_accepted,0.11870713884204609,0.6646021516169867
116,hybrid,2,0.75,2.5,ok,provisional_accepted,0.1459518920504546,0.6816525615830282
116,hybrid,3,0.1,2.5,ok,provisional_accepted,0.1325023514526702,0.7412928064375737
116,hybrid,3,0.2,2.45,ok,provisional_accepted,0.09743554931456894,0.751722128042997
116,hybrid,3,0.3,2.45,ok,provisional_accepted,0.07605340822901255,0.7589594589956683
116,hybrid,3,0.5,2.5,ok,provisional_accepted,0.07284426417634943,0.7419969039330391
116,hybrid,3,0.75,2.5,ok,provisional_accepted,0.07764240934511998,0.726218939467386
116,hybrid,5,0.1,3.6,ok,accepted,0.2471139875796693,1.0422711961467261
116,hybrid,5,0.2,3.5,ok,accepted,0.2323009926411312,1.0563063433207887
116,hybrid,5,0.3,3.6,ok,accepted,0.18788935363032813,1.0529958021625068
116,hybrid,5,0.5,3.6,ok,accepted,0.1786816056721949,1.0236431610908014
116,hybrid,5,0.75,3.5500000000000003,ok,accepted,0.1671924596515624,0.985504701220955
117,window_mc,1,0.1,3.2,ok,provisional_accepted,0.07580890920498343,0.8636118461343665
117,window_mc,1,0.2,3.05,ok,accepted,0.06187098608103195,0.9041794832908885
117,window_mc,1,0.3,3.2,ok,provisional_accepted,0.11234362938445759,0.8895178455207396
117,window_mc,1,0.5,3.05,ok,accepted,0.04678102027177546,0.8952570838637367
117,window_mc,1,0.75,3.0,ok,accepted,0.06852196553429005,0.9498692098170661
117,window_mc,2,0.1,2.5,ok,provisional_accepted,0.22144634659115292,1.117399736173939
117,window_mc,2,0.2,2.95,ok,accepted,0.24765514948157547,0.9898736972184639
117,window_mc,2,0.3,2.6,ok,provisional_accepted,0.19543090032293398,1.087284432332035
117,window_mc,2,0.5,2.85,ok,accepted,0.14811068868881522,1.0083883025637488
117,window_mc,2,0.75,2.4,ok,rejected,0.17875495793348584,1.0991742019992847
117,window_mc,3,0.1,3.0,ok,accepted,0.051153394341305766,0.7424028632798018
117,window_mc,3,0.2,2.6500000000000004,ok,provisional_accepted,0.02859228010217249,0.8395974829027963
117,window_mc,3,0.3,2.7,ok,provisional_accepted,0.032243842648466976,0.8219821348651549
117,window_mc,3,0.5,2.85,ok,accepted,0.012652028845118927,0.7916008099238955
117,window_mc,3,0.75,2.75,ok,accepted,0.02833391783241757,0.8448650694358041
117,window_mc,5,0.1,3.6,ok,accepted,0.032906195322358986,1.0412248928191805
117,window_mc,5,0.2,4.1,ok,provisional_accepted,0.020985926512514158,0.9451687824843192
117,window_mc,5,0.3,3.8000000000000003,ok,accepted,0.030999921568303668,0.9369823098274278
117,window_mc,5,0.5,3.75,ok,accepted,0.013509321236476244,0.9666493254013796
117,window_mc,5,0.75,4.0,ok,provisional_accepted,0.011689125665935472,0.8905947809838743
117,hybrid,1,0.1,3.0,ok,accepted,0.045798228559084095,0.9061329577234631
117,hybrid,1,0.2,3.05,ok,accepted,0.06842784031767006,0.9130767513891037
117,hybrid,1,0.3,3.05,ok,accepted,0.09694647625682108,0.9198783843148806
117,hybrid,1,0.5,3.05,ok,accepted,0.05280893414189332,0.8911247457920619
117,hybrid,1,0.75,3.1,ok,accepted,0.08290351334188166,0.9211575545600673
117,hybrid,2,0.1,2.7,ok,provisional_accepted,0.2336643141924826,1.0584898148781177
117,hybrid,2,0.2,2.6,ok,provisional_accepted,0.23199802816033516,1.0867632221951364
117,hybrid,2,0.3,2.75,ok,accepted,0.20464465176628055,1.0403357805012097
117,hybrid,2,0.5,2.75,ok,accepted,0.14012502471595664,1.042768700334675
117,hybrid,2,0.75,2.6,ok,provisional_accepted,0.2415905808248036,1.0267331445575651
117,hybrid,3,0.1,2.7,ok,provisional_accepted,0.04776281009639215,0.8114922266337445
117,hybrid,3,0.2,2.8,ok,accepted,0.020717130769370262,0.7829445752490806
117,hybrid,3,0.3,2.8,ok,accepted,0.015175522152266342,0.8072078932599859
117,hybrid,3,0.5,2.8,ok,accepted,0.018154471014964868,0.8005674226395919
117,hybrid,3,0.75,2.8,ok,accepted,0.025818646298351025,0.8276629122598512
117,hybrid,5,0.1,3.85,ok,accepted,0.018293681459145363,0.9956367996714095
117,hybrid,5,0.2,3.9000000000000004,ok,provisional_accepted,0.013086624151745562,0.9738555278597193
117,hybrid,5,0.3,3.85,ok,accepted,0.030877065672724854,0.932018404029413
117,hybrid,5,0.5,3.8000000000000003,ok,accepted,0.01357018428296905,0.9480094996504219
117,hybrid,5,0.75,3.75,ok,accepted,0.006624605678233366,0.9416999457155865
118,window_mc,1,0.1,2.5,ok,provisional_accepted,0.05298035567420348,0.7106095997722882
118,window_mc,1,0.2,2.45,ok,provisional_accepted,0.04203248392490849,0.7009087756995374
118,window_mc,1,0.3,2.55,ok,provisional_accepted,0.07210705361243663,0.6602778936431711
118,window_mc,1,0.5,2.4,ok,provisional_accepted,0.06226477868975054,0.6921773959353522
118,window_mc,1,0.75,2.4,ok,provisional_accepted,0.06350447686016689,0.6919446868265868
118,window_mc,2,0.1,2.95,ok,accepted,0.008265452989458104,0.9201266969244576
118,window_mc,2,0.2,3.0,ok,accepted,0.03890349075740754,0.893006723155927
118,window_mc,2,0.3,2.95,ok,accepted,0.027926358999875556,0.9043396676534207
118,window_mc,2,0.5,3.25,ok,accepted,0.11444505173835312,0.841507311600773
118,window_mc,2,0.75,2.85,ok,accepted,0.12551463606103297,0.9061596973423318
118,window_mc,3,0.1,2.95,ok,accepted,0.020274826999906223,0.9867564681856615
118,window_mc,3,0.2,3.5,ok,provisional_accepted,0.1053027019216877,0.8602146431153639
118,window_mc,3,0.3,3.3,ok,accepted,0.09359822680009129,0.8852163167610072
118,window_mc,3,0.5,3.3,ok,accepted,0.09867222613310232,0.8956517475527405
118,window_mc,3,0.75,3.1,ok,accepted,0.08900597081045213,0.9589643069950582
118,window_mc,5,0.1,3.4000000000000004,ok,accepted,0.06941418594984292,0.8221375195248156
118,window_mc,5,0.2,3.7,ok,accepted,0.08412740502424806,0.7745254948678684
118,window_mc,5,0.3,3.3,ok,provisional_accepted,0.10710893885194642,0.8533583407477445
118,window_mc,5,0.5,3.45,ok,accepted,0.10178247415999736,0.8147440516899499
118,window_mc,5,0.75,3.4000000000000004,ok,accepted,0.08068620591360236,0.8368062195188916
118,hybrid,1,0.1,2.45,ok,provisional_accepted,0.049841373881255036,0.7273476559945738
118,hybrid,1,0.2,2.5,ok,provisional_accepted,0.04724463809689007,0.6994532785466261
118,hybrid,1,0.3,2.5,ok,provisional_accepted,0.058785046292039615,0.6646300585527296
118,hybrid,1,0.5,2.5,ok,provisional_accepted,0.08692715987718386,0.6494306738422406
118,hybrid,1,0.75,2.45,ok,provisional_accepted,0.08410912382475175,0.6675708698683814
118,hybrid,2,0.1,3.1500000000000004,ok,accepted,0.03479613160324631,0.8943654794781166
118,hybrid,2,0.2,3.2,ok,accepted,0.022305054420754512,0.8608586314315918
118,hybrid,2,0.3,3.1500000000000004,ok,accepted,0.02439775737785714,0.8768556905023384
118,hybrid,2,0.5,3.1,ok,accepted,0.09087163311534517,0.877372651937858
118,hybrid,2,0.75,2.95,ok,accepted,0.14872438310330405,0.8910453760303286
118,hybrid,3,0.1,3.25,ok,accepted,0.047920520306694275,0.9134957408336153
118,hybrid,3,0.2,3.25,ok,accepted,0.07037381727935478,0.89283792689262
118,hybrid,3,0.3,3.2,ok,accepted,0.0922395753241229,0.9079808679441269
118,hybrid,3,0.5,3.1500000000000004,ok,accepted,0.08113720532249949,0.9239392882786179
118,hybrid,3,0.75,3.1500000000000004,ok,accepted,0.08395457121354706,0.9438570202968067
118,hybrid,5,0.1,3.4000000000000004,ok,accepted,0.06496660316761958,0.8265603690812553
118,hybrid,5,0.2,3.4000000000000004,ok,accepted,0.10531123623982107,0.8271056419851763
118,hybrid,5,0.3,3.45,ok,accepted,0.10296396649836885,0.8261388446013656
118,hybrid,5,0.5,3.5,ok,accepted,0.09950466200466201,0.7967172202536326
118,hybrid,5,0.75,3.45,ok,accepted,0.070333685680356,0.8290650603117496
119,window_mc,1,0.1,3.1500000000000004,ok,provisional_accepted,0.07326752917122006,0.8383954517913899
119,window_mc,1,0.2,2.75,ok,accepted,0.08527320698475359,0.8895557820875274
119,window_mc,1,0.3,2.9000000000000004,ok,accepted,0.051194978762546264,0.8353956974417986
119,window_mc,1,0.5,2.9000000000000004,ok,accepted,0.05895839243278933,0.8440379207916225
119,window_mc,1,0.75,2.95,ok,accepted,0.049694934415055424,0.8719335887590116
119,window_mc,2,0.1,2.75,ok,accepted,0.10672116450898837,0.784504889539776
119,window_mc,2,0.2,2.85,ok,accepted,0.07708175665878084,0.757760329014794
119,window_mc,2,0.3,2.7,ok,provisional_accepted,0.11311276706076476,0.7619281147972219
119,window_mc,2,0.5,2.35,ok,rejected,0.13444357233047805,0.7839075085866505
119,window_mc,2,0.75,2.7,ok,provisional_accepted,0.0925715585571324,0.6616592185831492
119,window_mc,3,0.1,3.05,ok,accepted,0.08007915727405038,0.6602821185409005
119,window_mc,3,0.2,2.7,ok,provisional_accepted,0.10392414122137397,0.7119173274016714
119,window_mc,3,0.3,2.9000000000000004,ok,accepted,0.11266134175600577,0.6654128022015098
119,window_mc,3,0.5,2.9000000000000004,ok,accepted,0.07109678180932846,0.6564631416720967
119,window_mc,3,0.75,3.1500000000000004,ok,accepted,0.023857168110305853,0.5951418152180378
119,window_mc,5,0.1,3.45,ok,accepted,0.21117062606424303,1.0942554098147887
119,window_mc,5,0.2,3.6,ok,accepted,0.22044880024427593,1.0511863693040069
119,window_mc,5,0.3,3.5500000000000003,ok,accepted,0.1872420789890199,1.0682947542852697
119,window_mc,5,0.5,3.45,ok,accepted,0.17400064745872457,1.087765447072206
119,window_mc,5,0.75,3.65,ok,accepted,0.20854000143478957,1.0253842376826372
119,hybrid,1,0.1,2.95,ok,accepted,0.07045399541591323,0.8861158812372106
119,hybrid,1,0.2,2.85,ok,accepted,0.06593638722916285,0.864538953084803
119,hybrid,1,0.3,2.85,ok,accepted,0.04962534789124384,0.8515187160798833
119,hybrid,1,0.5,2.85,ok,accepted,0.05917152053663389,0.8499389125103964
119,hybrid,1,0.75,2.9000000000000004,ok,accepted,0.05916011278726535,0.9000922200066215
119,hybrid,2,0.1,2.8,ok,accepted,0.11048836363943772,0.7766982984846189
119,hybrid,2,0.2,2.8,ok,accepted,0.08738764562661862,0.776222477693668
119,hybrid,2,0.3,2.8,ok,accepted,0.10455745762182345,0.7445388369019488
119,hybrid,2,0.5,2.75,ok,accepted,0.09378410754691865,0.6964486479388
119,hybrid,2,0.75,2.6,ok,provisional_accepted,0.08079423953376212,0.6787446614358545
119,hybrid,3,0.1,2.85,ok,accepted,0.09725621656500635,0.6908721399219764
119,hybrid,3,0.2,2.9000000000000004,ok,accepted,0.09792428352400036,0.6716557860260692
119,hybrid,3,0.3,2.9000000000000004,ok,accepted,0.10499597162887067,0.6750703210851114
119,hybrid,3,0.5,2.9000000000000004,ok,accepted,0.07168394708616367,0.654985101979069
119,hybrid,3,0.75,2.8,ok,accepted,0.06444917660420213,0.6520742473436961
119,hybrid,5,0.1,3.6,ok,accepted,0.2293897692349056,1.0503111793004456
119,hybrid,5,0.2,3.5,ok,accepted,0.22327837826930955,1.0697453375573558
119,hybrid,5,0.3,3.65,ok,accepted,0.20141369047619048,1.0453763650773062
119,hybrid,5,0.5,3.6,ok,accepted,0.19056491806457876,1.0432952968806797
119,hybrid,5,0.75,3.5,ok,accepted,0.20162528276935102,1.0542226310921883
120,window_mc,1,0.1,2.8,ok,accepted,0.1899511065157856,0.9025687087940136
120,window_mc,1,0.2,3.1,ok,accepted,0.23312228094628865,0.797434835867116
120,window_mc,1,0.3,2.7,ok,accepted,0.18740179672362162,0.9056462625555078
120,window_mc,1,0.5,2.8,ok,accepted,0.14372098205994882,0.8896241937061619
120,window_mc,1,0.75,3.0,ok,accepted,0.2024222649845608,0.8635143045514573
120,window_mc,2,0.1,3.35,ok,provisional_accepted,0.27440511612185214,1.0406178073260413
120,window_mc,2,0.2,3.0,ok,accepted,0.1108296412371714,1.0763431975809696
120,window_mc,2,0.3,3.3,ok,accepted,0.0898737232158438,0.9966817347675341
120,window_mc,2,0.5,3.8000000000000003,ok,rejected,0.11103580707104933,0.9364079890964717
120,window_mc,2,0.75,3.45,ok,provisional_accepted,0.05117887900607085,1.013663594810273
120,window_mc,3,0.1,2.85,ok,accepted,0.19502191626154247,0.9167164243442785
120,window_mc,3,0.2,2.6500000000000004,ok,provisional_accepted,0.16986558785949224,0.9961735800054412
120,window_mc,3,0.3,2.75,ok,accepted,0.1640686577756564,0.9294852684772186
120,window_mc,3,0.5,2.9000000000000004,ok,accepted,0.1705870196353786,0.8854785171158706
120,window_mc,3,0.75,2.5,ok,provisional_accepted,0.06822174276059419,1.0344240080593652
120,window_mc,5,0.1,4.0,ok,provisional_accepted,0.04585399758183046,0.8751993049285013
120,window_mc,5,0.2,3.45,ok,accepted,0.06274360253252832,0.9634913087429487
120,window_mc,5,0.3,3.8000000000000003,ok,accepted,0.04588151684048254,0.8936615795945553
120,window_mc,5,0.5,3.75,ok,accepted,0.010426022204051682,0.9188841845492357
120,window_mc,5,0.75,3.45,ok,accepted,0.03753330411749428,0.9778006221603955
120,hybrid,1,0.1,2.75,ok,accepted,0.1808170344272648,0.9121467777602843
120,hybrid,1,0.2,2.9000000000000004,ok,accepted,0.20611539411232133,0.8563194808196083
120,hybrid,1,0.3,2.85,ok,accepted,0.21110144842949005,0.8496830327273042
120,hybrid,1,0.5,2.85,ok,accepted,0.1478606499883096,0.8629467887400951
120,hybrid,1,0.75,2.9000000000000004,ok,accepted,0.19147718973659866,0.8908131345062883
120,hybrid,2,0.1,2.7,ok,provisional_accepted,0.2570900345880063,1.2120163336736798
120,hybrid,2,0.2,3.4000000000000004,ok,provisional_accepted,0.12102332742538982,1.0050844019328515
120,hybrid,2,0.3,3.35,ok,provisional_accepted,0.08425045295742753,1.0008742349795017
120,hybrid,2,0.5,3.45,ok,provisional_accepted,0.0878607173893501,1.0022129328276468
120,hybrid,2,0.75,3.5,ok,provisional_accepted,0.06497175141242935,1.0095380413282788
120,hybrid,3,0.1,2.6500000000000004,ok,provisional_accepted,0.1680194746245243,0.9743175674609389
120,hybrid,3,0.2,2.7,ok,provisional_accepted,0.16490331942575442,0.953660028331509
120,hybrid,3,0.3,2.75,ok,accepted,0.17451079525215735,0.9384645197033062
120,hybrid,3,0.5,2.75,ok,accepted,0.14237994410520666,0.9262928942296169
120,hybrid,3,0.75,2.75,ok,accepted,0.13150036551971953,0.9401131890819245
120,hybrid,5,0.1,3.6,ok,accepted,0.07041501764972452,0.9380544144639867
120,hybrid,5,0.2,3.65,ok,accepted,0.04931547697636424,0.9249303354741786
120,hybrid,5,0.3,3.65,ok,accepted,0.061749301271426374,0.9249101379464929
120,hybrid,5,0.5,3.65,ok,accepted,0.017738126475990566,0.93144898072413
120,hybrid,5,0.75,3.6,ok,accepted,0.023191858951265784,0.9548154827088321
