angle_deg,seed,set_id,kappa,kr_hat,P32_hat
60,1,1,13.32,2.967,0.7971669383964217
60,1,2,15.27,2.767,1.412639931302084
60,1,3,6.68,2.633,0.7856486974865318
60,1,5,22.52,3.5,0.8481920229721681
72,1,1,13.14,3.033,0.7370209057931902
72,1,2,17.14,2.567,1.4541398811091866
72,1,3,8.77,2.9,0.8598778905564862
72,1,5,23.65,3.7,0.8973001246587249
36,1,1,13.95,2.9,0.821856194452778
36,1,2,15.76,2.5,1.395429842343587
36,1,3,8.12,2.9,0.9006026425316592
36,1,5,22.48,3.433,0.7540489088682555
48,1,1,13.56,2.833,0.8078816567530586
48,1,2,15.09,2.633,1.330473473052943
48,1,3,7.83,2.767,1.0486151405066897
48,1,5,21.73,3.833,0.801381893135255
0,1,1,13.22,2.833,0.837628477733028
0,1,2,16.3,2.5,1.12380445580186
0,1,3,12.57,2.9,1.1548919794271597
0,1,5,23.63,3.3,0.9160129777323599
12,1,1,13.83,2.767,0.823704990653688
12,1,2,19.04,2.767,1.2299976804993673
12,1,3,11.84,2.833,1.0750314070876266
12,1,5,19.85,3.3,0.8767957348340324
24,1,1,14.59,2.767,0.7982642881556719
24,1,2,20.35,2.567,1.310644796184761
24,1,3,9.24,2.967,0.9757564460654602
24,1,5,25.0,3.7,0.8392831007231801
84,1,1,11.86,3.033,0.7423158237390038
84,1,2,17.88,2.767,1.434017233291973
84,1,3,10.55,2.9,0.9329641979795769
84,1,5,22.19,3.367,0.9390066001978821
108,1,1,9.55,2.9,0.8930794627285412
108,1,2,21.42,2.7,1.2355997099630105
108,1,3,12.71,2.633,1.102650076185324
108,1,5,22.01,3.233,1.0406959243725173
96,1,1,10.11,3.167,0.7581503580009675
96,1,2,19.72,2.767,1.3473056848218765
96,1,3,12.66,2.833,0.9824874341559007
96,1,5,21.82,3.3,0.9848025768441917
120,1,1,8.4,2.633,0.7738615406009375
120,1,2,22.84,3.1,1.2703446019653786
120,1,3,13.52,2.5,1.131460961080824
120,1,5,23.05,3.233,1.0529939325375814
12,2,1,13.94,2.967,0.7589854005930854
12,2,2,19.18,3.167,1.0944866143577594
12,2,3,14.36,2.967,0.7970574884388294
12,2,5,24.58,3.233,0.9160498803729353
24,2,1,13.91,2.967,0.7798625331575126
24,2,2,21.54,3.233,1.196353753874718
24,2,3,13.77,3.3,0.7366930208589185
24,2,5,20.44,3.7,0.9169294659768898
36,2,1,13.23,2.967,0.7867150930151386
36,2,2,22.46,2.9,1.1719536764475909
36,2,3,14.93,3.633,0.6910209141124168
36,2,5,21.41,3.567,1.0339046272647183
0,2,1,14.78,3.167,0.6979824387574253
0,2,2,16.86,3.5,1.0299483128961873
0,2,3,11.76,3.033,0.9003605452434228
0,2,5,22.9,3.433,0.8743953365016598
156,1,1,13.56,2.567,1.0178389705702506
156,1,2,19.54,2.9,1.2022988231644849
156,1,3,13.82,2.633,1.1017471067940536
156,1,5,24.73,3.3,1.048485019350647
180,1,1,13.13,2.567,1.0671120828592302
180,1,2,15.72,2.633,0.9740939712211926
180,1,3,14.31,2.7,1.0881757374408512
180,1,5,25.56,3.233,1.0388008848893837
132,1,1,11.48,2.7,0.9471774019324276
132,1,2,21.53,2.767,1.2445938657384776
132,1,3,13.81,2.567,1.1608252063171105
132,1,5,23.68,3.233,1.0194838921786784
144,1,1,14.12,2.5,0.9350734168954867
144,1,2,21.08,3.233,1.2549022733723
144,1,3,14.62,2.633,1.129773903370492
144,1,5,24.66,3.233,1.038819201860027
168,1,1,14.29,2.633,1.0521411033889776
168,1,2,15.14,2.767,1.3169970492075098
168,1,3,14.05,2.833,1.0873714127108849
168,1,5,24.0,3.233,1.0425953592752715
48,2,1,13.73,2.967,0.7958842941879666
48,2,2,22.29,2.967,1.1856091926062389
48,2,3,10.26,4.033,0.6714416503378399
48,2,5,21.34,3.567,0.9758704315526892
60,2,1,13.71,2.9,0.8333944958300846
60,2,2,21.04,2.767,1.2328329488264995
60,2,3,9.35,3.7,0.7697232228329203
60,2,5,22.66,3.5,1.0716445571088393
72,2,1,13.03,3.233,0.7421368080884932
72,2,2,21.75,2.833,1.278978195145272
72,2,3,8.68,3.5,0.6805231392488011
72,2,5,22.94,3.567,1.0791424614588
108,2,1,9.35,3.5,0.5611495835750436
108,2,2,20.61,2.967,1.2504980219909412
108,2,3,11.44,3.633,0.834685669333827
108,2,5,21.92,3.367,1.0810701942896308
84,2,1,12.52,3.3,0.7069984418972899
84,2,2,20.51,3.033,1.3162790649117828
84,2,3,10.72,3.633,0.6256642861570076
84,2,5,22.95,3.367,1.0611973050614285
156,2,1,12.35,3.167,0.7471299020172201
156,2,2,14.88,2.9,1.0421629576259615
156,2,3,11.18,3.367,0.8846627516984078
156,2,5,23.05,3.567,0.9596938834481121
96,2,1,10.03,3.167,0.6949388792498213
96,2,2,19.48,2.767,1.2595389369277072
96,2,3,11.09,3.7,0.800053130427049
96,2,5,22.86,3.367,1.0482168916395547
132,2,1,12.2,3.3,0.6329755229932013
132,2,2,18.87,2.967,1.187871365982468
132,2,3,10.32,3.633,0.886570419666176
132,2,5,22.25,3.7,1.0997659479151585
120,2,1,9.32,3.3,0.5848889881879079
120,2,2,18.36,2.767,1.2640107628050266
120,2,3,10.43,3.567,0.8584788524825525
120,2,5,22.91,3.5,1.0934249002868646
144,2,1,13.77,3.1,0.6507268916435516
144,2,2,16.51,2.9,1.1757683755914963
144,2,3,10.86,3.567,0.8734377973336506
144,2,5,22.14,3.7,1.0158374865461863
168,2,1,12.48,2.967,0.8283664698905878
168,2,2,11.87,3.033,1.035324898098771
168,2,3,10.35,3.3,0.9324516971181877
168,2,5,23.49,3.567,0.8916468768038439
180,2,1,13.96,2.967,0.8051603888880475
180,2,2,15.72,2.767,1.249946436370972
180,2,3,11.24,3.167,0.8965552530934241
180,2,5,22.97,3.9,0.849954627201266
0,3,1,17.15,2.633,0.8213803100728506
0,3,2,18.55,4.033,0.6003344659447316
0,3,3,11.19,2.9,0.7459965690087086
0,3,5,29.65,2.967,1.091111279249592
12,3,1,17.32,2.633,0.8010091585181907
12,3,2,23.0,3.7,0.6989416269596523
12,3,3,11.01,3.167,0.796548347081613
12,3,5,29.41,3.033,1.10534418484095
36,3,1,16.04,2.7,0.815650955139208
36,3,2,20.77,3.833,0.7761272631891711
36,3,3,11.02,2.833,0.9231051318294423
36,3,5,26.31,2.967,1.068798925947676
84,3,1,15.77,3.1,0.6627817947788683
84,3,2,24.33,3.5,0.8343192531234099
84,3,3,11.44,2.7,0.9409698501955622
84,3,5,27.57,3.033,1.133216551493304
72,3,1,14.23,3.033,0.735257984873339
72,3,2,23.18,4.167,0.8461895914311899
72,3,3,10.65,2.633,1.0726471129959978
72,3,5,28.4,3.1,1.1807562051150466
24,3,1,17.59,2.633,0.7944561845454455
24,3,2,23.1,4.3,0.8167071004957437
24,3,3,9.17,3.1,0.908548261686253
24,3,5,26.83,3.1,1.0460360467225298
60,3,1,16.46,3.167,0.7712467072110545
60,3,2,23.04,4.633,0.8327064311033802
60,3,3,11.04,2.7,1.0248899969441885
60,3,5,26.65,3.1,1.0830846951641728
48,3,1,14.93,2.833,0.8106723714996786
48,3,2,22.73,4.433,0.8127879690493401
48,3,3,11.19,2.967,0.9587631145252733
48,3,5,26.32,2.833,1.1064445312252709
96,3,1,12.77,3.033,0.6970306552194825
96,3,2,23.94,4.367,0.8759000255933024
96,3,3,11.48,2.9,0.9649729371228388
96,3,5,27.97,3.167,1.1529659142054984
108,3,1,11.48,3.167,0.6269931889446033
108,3,2,22.95,4.1,0.8947549577835884
108,3,3,10.99,2.833,1.0319600899482881
108,3,5,28.34,3.3,1.1624929517484046
132,3,1,12.51,3.1,0.5445350341000954
132,3,2,22.84,4.1,0.8854715724670827
132,3,3,10.65,3.3,1.0419644735200728
132,3,5,26.3,3.5,1.015528208855451
120,3,1,11.74,3.1,0.6236178523378337
120,3,2,23.8,3.833,0.8712769666970691
120,3,3,10.55,2.967,1.0331285801792713
120,3,5,28.51,3.3,1.0569620584837474
144,3,1,14.17,3.367,0.5874878310410976
144,3,2,23.93,3.833,0.9304992480260063
144,3,3,10.81,3.167,1.0393290746127675
144,3,5,25.51,3.433,1.0127285034765594
0,4,1,13.1,2.7,0.9006103668885127
0,4,2,20.69,3.5,0.6784669903773556
0,4,3,13.35,2.633,0.7380278551791792
0,4,5,23.67,3.5,0.886031925318604
24,4,1,13.6,2.633,0.8573728185883394
24,4,2,22.81,3.367,0.8430426509049224
24,4,3,11.13,2.767,0.7963360983263996
24,4,5,22.41,4.033,0.7868962424486748
12,4,1,13.71,2.633,0.9166712053162541
12,4,2,24.01,3.633,0.7979169414173944
12,4,3,11.4,2.7,0.7430775205679735
12,4,5,20.3,3.5,0.8581463438090484
36,4,1,14.84,2.567,0.8412765888017097
36,4,2,24.75,3.567,0.7845555561749772
36,4,3,8.34,2.633,0.7895641115525496
36,4,5,21.67,3.9,0.7602546493879497
180,3,1,15.37,3.367,0.7228488262863864
180,3,2,17.38,3.367,0.8576335160167038
180,3,3,11.66,3.1,0.9462562028740653
180,3,5,25.87,3.567,0.9208191480870207
156,3,1,16.38,3.167,0.6246431841656653
156,3,2,20.73,3.7,1.0720335104118797
156,3,3,11.31,2.967,1.0627990618174492
156,3,5,24.95,3.567,0.9972241987091118
168,3,1,14.99,3.633,0.6956756021557584
168,3,2,18.83,3.367,1.0562639287811377
168,3,3,10.58,3.233,1.005250361449879
168,3,5,24.51,3.567,0.949421184792971
48,4,1,14.81,2.567,0.8075582530784393
48,4,2,24.25,3.7,0.7880231523590437
48,4,3,6.49,2.967,0.7906930302718771
48,4,5,21.97,3.967,0.7258782061220013
60,4,1,14.22,2.767,0.7855361454773812
60,4,2,22.99,3.433,0.8219123812733814
60,4,3,6.72,2.967,0.8548125822445616
60,4,5,22.06,3.567,0.8148727079700808
72,4,1,15.57,2.833,0.686418430872777
72,4,2,21.85,3.7,0.8844260040147551
72,4,3,8.26,3.3,0.7675001843779583
72,4,5,23.9,3.767,0.8625039389810436
84,4,1,13.6,2.833,0.6975340673218439
84,4,2,21.3,3.567,0.8664048498232617
84,4,3,8.92,2.967,0.7797706320616845
84,4,5,22.9,3.633,0.925617438267092
156,4,1,13.3,2.9,0.8019051833989383
156,4,2,16.52,3.567,0.6028145147349688
156,4,3,11.6,2.9,0.9199702393549063
156,4,5,26.11,3.233,1.0458964528202583
96,4,1,9.44,3.433,0.5521819411199375
96,4,2,21.37,3.3,0.8265864268156097
96,4,3,9.22,2.967,0.8430536894866448
96,4,5,21.98,3.5,0.9624349188092612
108,4,1,8.5,3.367,0.4688122134625602
108,4,2,22.7,3.433,0.847298888504118
108,4,3,8.56,2.9,0.854003026444301
108,4,5,22.69,3.367,1.0187601778251654
168,4,1,14.84,2.833,0.8209202045476482
168,4,2,15.55,3.1,0.4779494473665047
168,4,3,12.2,2.9,0.8761917988888033
168,4,5,23.46,2.967,1.0245029089225595
180,4,1,13.62,2.7,0.8301122787920979
180,4,2,18.74,3.767,0.5802031851668265
180,4,3,12.07,2.9,0.8922671946395672
180,4,5,24.8,3.033,1.0353992794818683
120,4,1,9.31,3.5,0.609958790604901
120,4,2,23.05,3.3,0.8679272721871533
120,4,3,10.04,2.967,0.9163741812985043
120,4,5,24.03,3.233,1.05269115547537
132,4,1,11.66,3.167,0.6063843409643267
132,4,2,21.4,3.3,0.8227238044449375
132,4,3,10.55,3.033,0.9047932100464134
132,4,5,24.22,3.167,1.0213421716745839
144,4,1,13.53,2.9,0.6678427290342102
144,4,2,19.96,3.633,0.7055208431155755
144,4,3,10.79,3.033,0.9189058111120112
144,4,5,25.36,3.167,1.0779695989783171
0,5,1,14.2,3.167,0.6399816548550841
0,5,2,16.99,2.9,1.0096462006259899
0,5,3,11.39,3.033,0.9073068165014729
0,5,5,24.91,3.767,0.8009919126790181
12,5,1,14.19,3.167,0.6829713839434511
12,5,2,20.65,2.833,1.1698262786008273
12,5,3,11.78,3.167,0.9268709835553448
12,5,5,25.73,3.5,0.8689348749202919
24,5,1,12.91,3.233,0.6910307534377024
24,5,2,20.71,2.967,1.1166144896969674
24,5,3,12.36,2.833,0.9353645084917417
24,5,5,24.39,3.9,0.9150088669159345
84,5,1,10.77,3.3,0.685267753907044
84,5,2,20.86,3.033,1.0587600001021122
84,5,3,11.58,3.233,0.7326204375675005
84,5,5,25.63,3.433,1.0915883346349646
48,5,1,12.24,3.1,0.7051869109942335
48,5,2,22.17,3.1,1.0126733346658792
48,5,3,11.28,3.767,0.7830488737528182
48,5,5,21.97,3.567,0.9831078375734776
96,5,1,8.86,3.233,0.7423800653724825
96,5,2,24.32,3.167,1.0829139140886073
96,5,3,13.05,3.567,0.7267553829376426
96,5,5,26.42,3.433,1.0643850452826162
72,5,1,10.87,3.3,0.7547589989272253
72,5,2,21.75,3.033,1.0385063745099798
72,5,3,10.55,3.3,0.7307299586438195
72,5,5,25.31,3.5,1.0815212144035975
108,5,1,7.95,3.233,0.5916559182787902
108,5,2,21.2,3.233,1.0841098671782776
108,5,3,13.34,3.233,0.7332412538595332
108,5,5,24.49,3.5,1.088816980524535
120,5,1,9.11,3.167,0.6269512510298405
120,5,2,21.6,3.1,1.1484370760227653
120,5,3,14.97,3.433,0.8136116911804908
120,5,5,25.67,3.567,1.0614808066748924
36,5,1,12.43,3.033,0.6956605530737919
36,5,2,21.45,3.167,1.0679625573331002
36,5,3,11.9,3.3,0.9614711119979799
36,5,5,26.5,3.7,0.9677558234881858
60,5,1,11.07,3.033,0.7323296146530066
60,5,2,20.44,3.167,1.0599663952184781
60,5,3,10.67,3.1,0.7871003979984316
60,5,5,23.65,3.433,1.053839403438135
132,5,1,10.7,3.233,0.6729378154334676
132,5,2,21.56,2.833,1.1006024263724443
132,5,3,14.5,3.5,0.8952417352380617
132,5,5,23.62,3.833,1.0592401044362856
144,5,1,14.41,3.167,0.6076088613597996
144,5,2,20.5,2.967,1.0544953763218377
144,5,3,12.91,3.167,0.9234188295567317
144,5,5,23.73,3.9,0.9780301822851829
156,5,1,12.32,3.1,0.6327934620024329
156,5,2,18.78,3.1,0.9206215243187165
156,5,3,12.15,3.3,0.9451226440191608
156,5,5,24.44,3.967,0.8670268339405042
0,6,1,13.71,2.9,0.7925335557531319
0,6,2,15.51,2.7,0.9755105265949966
0,6,3,12.99,3.367,0.6522686682864249
0,6,5,26.54,3.3,0.9712560650790438
24,6,1,14.23,2.967,0.8324671542046734
24,6,2,19.14,2.967,1.1386732858296433
24,6,3,11.79,3.367,0.504217905185553
24,6,5,26.34,3.3,0.9760562011438304
180,5,1,15.32,3.1,0.7523836431675416
180,5,2,18.07,2.9,0.981695294714289
180,5,3,11.4,3.433,0.8858309765516017
180,5,5,24.2,3.967,0.7931390080907177
12,6,1,14.4,3.033,0.7783304254457698
12,6,2,22.7,2.967,1.0778977725954109
12,6,3,12.09,2.967,0.6336967443680973
12,6,5,26.1,3.3,1.0024867501320234
168,5,1,13.86,2.833,0.7025839087346198
168,5,2,14.91,3.033,0.9057036094290947
168,5,3,11.27,2.967,0.9076045630258142
168,5,5,24.84,3.833,0.8580558977621074
48,6,1,13.87,2.767,0.7972560971248804
48,6,2,22.48,2.833,1.1063717493233782
48,6,3,8.38,2.9,0.490228942461826
48,6,5,24.36,3.3,0.967844916512188
60,6,1,14.06,3.033,0.74015349690465
60,6,2,23.6,3.033,1.1220861319745723
60,6,3,7.75,3.233,0.5641378272225092
60,6,5,25.58,3.367,0.9807819830893425
36,6,1,13.66,2.833,0.8064711895686036
36,6,2,21.05,2.967,1.121851959338028
36,6,3,10.33,3.167,0.5449233544728073
36,6,5,23.48,3.167,0.9308898547707333
72,6,1,13.93,3.033,0.7329072203549961
72,6,2,24.52,2.967,1.074868142954725
72,6,3,8.85,3.167,0.62633251520519
72,6,5,25.08,3.1,1.116842095224135
84,6,1,13.66,2.967,0.6840511421443072
84,6,2,24.11,3.1,1.083533985092544
84,6,3,10.81,3.367,0.5314049349728995
84,6,5,24.18,3.033,1.1268658792801642
96,6,1,14.15,3.033,0.6106241224337005
96,6,2,25.6,3.167,1.0345903555544573
96,6,3,15.9,3.767,0.5321760035334571
96,6,5,24.12,3.033,1.2183512984937854
108,6,1,11.64,3.233,0.6419233842724978
108,6,2,26.92,2.967,0.971990524117787
108,6,3,14.22,3.633,0.5743301216080451
108,6,5,24.73,3.167,1.260565932546735
132,6,1,13.35,3.567,0.6392238550087518
132,6,2,22.03,2.9,0.863484430230952
132,6,3,11.79,3.633,0.5925965791445448
132,6,5,22.76,3.233,1.1372852873343
120,6,1,10.83,3.233,0.6051390253156349
120,6,2,19.48,3.033,0.9160100591528658
120,6,3,13.36,3.433,0.6113814355764339
120,6,5,23.04,3.1,1.1689201322397176
168,6,1,13.73,3.367,0.6914150692257099
168,6,2,22.16,3.1,0.6797385717443525
168,6,3,12.7,3.567,0.6570828407526513
168,6,5,22.43,3.5,1.092601502204129
156,6,1,15.09,3.5,0.6486427461638534
156,6,2,33.4,2.5,0.6397761313071487
156,6,3,12.5,3.5,0.6467568688423077
156,6,5,23.49,3.367,1.1175601148232481
180,6,1,13.55,3.033,0.6869556025542797
180,6,2,23.0,3.033,0.8908769665529461
180,6,3,12.14,3.167,0.6709865465227832
180,6,5,20.98,3.833,0.9680646998225072
144,6,1,14.39,3.367,0.6266520463924486
144,6,2,26.88,3.167,0.6662984590547661
144,6,3,11.41,3.567,0.6186451415441777
144,6,5,23.91,3.233,1.1185625502806913
0,7,1,14.01,3.167,0.682579121535449
0,7,2,17.68,3.233,0.7351781219909612
0,7,3,10.6,3.1,1.0916694452233222
0,7,5,23.05,3.633,0.9218580289998392
12,7,1,15.57,3.233,0.7052321175557987
12,7,2,20.26,3.5,0.8552828959077069
12,7,3,11.83,2.833,1.0214872153057046
12,7,5,20.06,3.433,0.8316990085287548
24,7,1,14.51,3.3,0.6733186063352088
24,7,2,21.76,3.367,0.9624881135794696
24,7,3,12.27,3.1,0.9405471912786898
24,7,5,22.97,3.967,0.8444730112335527
36,7,1,14.62,3.167,0.6519250279971182
36,7,2,21.68,3.233,1.0216562425771516
36,7,3,9.93,3.167,0.8938025862043965
36,7,5,22.56,3.567,0.7830722118468323
48,7,1,14.68,3.3,0.6227137482080252
48,7,2,21.6,2.9,1.035780217024346
48,7,3,8.73,2.7,0.8499442368609029
48,7,5,22.94,3.767,0.6722743168183601
60,7,1,14.68,3.567,0.6409746956410809
60,7,2,20.23,2.767,1.1226733615304652
60,7,3,8.36,2.833,1.0291906884708326
60,7,5,24.58,3.433,0.7410734760052097
72,7,1,12.92,3.233,0.6175813646514186
72,7,2,20.07,2.433,1.2596869332133371
72,7,3,9.06,2.833,0.8008394470263485
72,7,5,26.76,3.567,0.8905031253360913
96,7,1,9.61,3.233,0.5440695518792031
96,7,2,20.11,2.5,1.3458113435561545
96,7,3,11.42,2.9,1.0961014427145188
96,7,5,22.25,3.3,1.0012257383545773
84,7,1,12.19,3.233,0.5586023727356587
84,7,2,19.81,2.567,1.3202315536044626
84,7,3,9.76,2.9,0.9223267625423336
84,7,5,23.84,3.433,0.9485398882261566
120,7,1,9.27,3.5,0.49546012447670706
120,7,2,19.26,2.433,1.2759001108299013
120,7,3,11.18,2.767,1.0847510002098504
120,7,5,23.41,3.1,1.1513551393063117
132,7,1,10.4,3.233,0.5995445900295234
132,7,2,22.91,2.567,1.2188629466418661
132,7,3,12.19,2.967,1.0252232296195527
132,7,5,23.64,2.967,1.1078231077328908
108,7,1,7.67,3.233,0.37763393930257017
108,7,2,21.93,2.433,1.3589698749295507
108,7,3,10.89,2.833,1.0981368753218759
108,7,5,22.49,3.167,1.0800303553123285
144,7,1,12.04,3.3,0.6426502823823833
144,7,2,19.95,2.833,1.203857766313284
144,7,3,12.35,3.033,0.993822334991695
144,7,5,23.82,3.033,1.1713481367632563
156,7,1,14.24,3.033,0.6896463539713485
156,7,2,14.71,2.833,1.0322179369420983
156,7,3,12.48,2.9,0.9307494830059668
156,7,5,24.81,3.1,1.1424700373251446
168,7,1,15.84,2.967,0.7378498556521925
168,7,2,13.84,2.367,0.7491616163831342
168,7,3,11.69,3.167,0.9442495743339112
168,7,5,21.73,2.9,1.073904111460236
36,8,1,15.33,3.033,0.7340010269515559
36,8,2,19.2,3.167,0.8583559171642703
36,8,3,12.33,2.7,1.0992587317445373
36,8,5,24.05,3.433,0.9995347261141192
24,8,1,14.9,3.1,0.7147859942534374
24,8,2,17.85,3.5,0.7975122618726532
24,8,3,12.6,2.767,1.0437066589006225
24,8,5,22.88,3.633,1.038320359964895
180,7,1,16.61,2.9,0.7196222964697587
180,7,2,16.76,2.833,0.8177458321449269
180,7,3,11.29,3.167,0.9577773844417702
180,7,5,23.07,2.833,1.0795353022885081
72,8,1,13.4,2.967,0.7158208654524119
72,8,2,19.71,3.1,0.9561200199480896
72,8,3,12.27,2.567,1.0331346259545253
72,8,5,23.61,3.167,1.10570630140405
0,8,1,14.68,3.033,0.6862654037024808
0,8,2,16.23,3.367,0.6341311722238447
0,8,3,12.22,2.833,1.062324553406718
0,8,5,22.37,3.7,0.930433090652108
12,8,1,16.37,3.1,0.6964127840718017
12,8,2,18.94,3.433,0.7737433908094764
12,8,3,13.34,3.033,1.0672623091019813
12,8,5,22.14,3.433,0.9284549867413765
60,8,1,13.19,3.1,0.7371647127991361
60,8,2,19.7,3.3,0.985826153375524
60,8,3,10.81,2.633,1.2472598804886916
60,8,5,20.45,3.233,1.0827177730880588
48,8,1,13.92,2.833,0.73455262456222
48,8,2,19.01,3.167,0.959748498808205
48,8,3,10.33,2.7,1.183841473841837
48,8,5,21.01,3.433,1.021908334652456
84,8,1,12.17,3.033,0.713701063910439
84,8,2,17.52,3.1,0.9998420781705105
84,8,3,13.82,2.633,0.9413988739133818
84,8,5,24.59,3.233,1.1457642054001163
96,8,1,10.75,2.833,0.7306273112696502
96,8,2,18.79,2.833,1.0364983273180255
96,8,3,14.99,2.567,0.9274341866832947
96,8,5,25.51,3.3,1.1014117010033846
108,8,1,10.54,2.967,0.762258149045763
108,8,2,19.19,2.833,1.0673828513761598
108,8,3,15.14,2.833,0.8870167511528223
108,8,5,24.86,3.3,1.1401821747189957
132,8,1,13.61,3.3,0.5981222512081014
132,8,2,20.58,2.833,1.0428205307671787
132,8,3,16.75,2.767,0.8986560981389
132,8,5,23.87,3.433,1.1493723985727347
120,8,1,11.25,2.967,0.6582181944235231
120,8,2,19.71,2.767,1.0693835916610457
120,8,3,16.97,2.767,0.8729630869810938
120,8,5,25.13,3.367,1.1341420650567478
144,8,1,14.53,2.967,0.7499665328761026
144,8,2,18.98,2.5,1.0471123034699894
144,8,3,16.26,2.967,0.896655102965872
144,8,5,23.76,3.433,1.131524710647814
36,9,1,13.6,3.1,0.7411983277918295
36,9,2,18.8,2.9,1.0351306660507187
36,9,3,10.11,3.7,0.606506033334084
36,9,5,23.03,2.833,1.1544482726248322
12,9,1,14.74,3.1,0.8338274004006777
12,9,2,16.4,2.967,0.9691318503107555
12,9,3,11.75,3.567,0.6588950429698835
12,9,5,23.33,3.1,1.1590082524960421
24,9,1,14.44,3.033,0.7971138216454818
24,9,2,17.4,2.9,0.9805268076664191
24,9,3,11.79,3.833,0.6372099084643936
24,9,5,24.49,2.9,1.10852244647399
0,9,1,14.16,2.967,0.8213671525438014
0,9,2,14.93,2.567,0.8965680523698154
0,9,3,13.39,3.433,0.7747474904328091
0,9,5,23.67,3.3,1.0941515635323245
180,8,1,15.05,2.833,0.9503357380809452
180,8,2,19.49,2.7,0.8146309205856277
180,8,3,13.58,2.7,0.8721967499577465
180,8,5,25.25,3.367,0.8964697714114348
168,8,1,13.65,2.7,0.9104098734507327
168,8,2,13.85,2.7,0.8794101366358602
168,8,3,14.95,2.9,0.8789075733068534
168,8,5,23.94,3.233,1.0120115957868043
156,8,1,13.46,2.7,0.8496365054354383
156,8,2,21.25,2.633,1.1771956723964936
156,8,3,15.4,2.833,0.8820875499230064
156,8,5,23.98,3.367,1.0901169075600528
48,9,1,14.04,3.1,0.7276014527119201
48,9,2,16.46,2.967,1.0237266701003227
48,9,3,8.15,3.367,0.631958049859164
48,9,5,22.94,2.9,1.149663090680305
60,9,1,13.85,3.1,0.717028713091306
60,9,2,17.4,3.033,1.0543615700465359
60,9,3,8.58,3.3,0.7421902710804706
60,9,5,24.53,2.967,1.1023263421471865
72,9,1,15.47,3.5,0.5929835231812249
72,9,2,18.92,2.9,0.9933092020468326
72,9,3,9.2,3.3,0.8075318373380372
72,9,5,22.13,2.9,1.1634806992911388
84,9,1,14.42,3.433,0.5871201116901058
84,9,2,21.76,2.9,0.9623070654524682
84,9,3,10.16,3.1,0.8563847064042623
84,9,5,22.55,2.967,1.1659720233583446
108,9,1,11.55,3.7,0.5838517542110584
108,9,2,23.88,2.633,0.913820983558359
108,9,3,11.9,3.233,0.8668258173900034
108,9,5,21.35,3.033,1.2271109847694863
96,9,1,14.43,3.433,0.578873196118084
96,9,2,20.59,2.7,0.9176733821298917
96,9,3,10.14,3.3,0.8612101962184163
96,9,5,20.65,2.967,1.1871766252202642
120,9,1,11.38,3.3,0.5454809167621277
120,9,2,22.62,2.767,0.9885540768020242
120,9,3,11.33,3.433,0.8994794371286498
120,9,5,20.36,2.967,1.1387918308434262
132,9,1,14.88,3.3,0.7005512783436135
132,9,2,25.53,2.5,1.0078809189415108
132,9,3,12.1,3.433,0.8851884661764027
132,9,5,21.25,3.033,1.1244054139737427
156,9,1,14.36,3.1,0.7441165347208318
156,9,2,23.32,2.3,0.9264894388221651
156,9,3,12.22,3.3,0.8722247659623067
156,9,5,21.78,3.033,1.145125823116963
144,9,1,15.21,2.967,0.7133026110941071
144,9,2,23.81,2.633,1.0181678320658585
144,9,3,13.07,3.367,0.8753704231333637
144,9,5,21.23,3.1,1.1151645786396067
180,9,1,14.43,2.9,0.7608544072844267
180,9,2,18.84,2.567,1.1372423647634726
180,9,3,12.51,2.833,0.8606942053576364
180,9,5,19.59,3.167,1.0832598090317875
168,9,1,14.93,2.833,0.7453884874301532
168,9,2,16.98,2.433,0.8773067070040673
168,9,3,12.33,3.3,0.87916663561831
168,9,5,21.0,3.233,1.1118292155783103
24,10,1,14.78,3.233,0.5708776011642229
24,10,2,19.87,2.9,0.9518338154928508
24,10,3,11.46,3.567,0.7026377138155108
24,10,5,23.21,3.767,0.8598711403782698
0,10,1,13.0,3.5,0.6597451513362544
0,10,2,15.21,2.633,1.0120378137504071
0,10,3,12.48,3.167,0.7617141402738806
0,10,5,23.89,3.7,0.8753683227794256
48,10,1,14.23,3.567,0.5348044500064534
48,10,2,18.75,2.9,0.9175809960752663
48,10,3,7.7,2.767,0.8666482037382129
48,10,5,21.8,3.5,0.6971435609689552
12,10,1,13.61,3.433,0.6198551031289228
12,10,2,19.04,2.833,0.8431648389047445
12,10,3,12.39,3.567,0.777285377520518
12,10,5,23.23,3.367,0.8490348086650324
84,10,1,13.89,3.3,0.5805265347259665
84,10,2,18.43,3.233,0.8693064859475663
84,10,3,10.24,2.567,0.7899594325159336
84,10,5,22.25,3.5,0.8795983365561872
72,10,1,12.24,3.433,0.5930771918881262
72,10,2,18.14,3.233,0.92409174132801
72,10,3,8.41,2.633,0.8551803066556618
72,10,5,22.92,3.767,0.8476269669332755
96,10,1,10.82,3.3,0.6757174037664111
96,10,2,18.72,3.3,0.8036512226179231
96,10,3,10.12,2.633,0.7451645816598267
96,10,5,21.9,3.367,0.8696261434619875
60,10,1,13.34,3.567,0.5646818869835453
60,10,2,18.6,3.033,0.959603213888072
60,10,3,7.38,2.767,0.8844355980749711
60,10,5,21.86,3.5,0.7128641203375791
108,10,1,8.1,3.633,0.4783368014520488
108,10,2,20.64,3.433,0.7636192218192701
108,10,3,12.18,3.1,0.8205580337522351
108,10,5,23.62,3.367,0.8752332405987036
36,10,1,13.62,3.3,0.5639901705612165
36,10,2,18.67,2.967,0.9171460199597378
36,10,3,9.9,3.433,0.7589415116409935
36,10,5,23.51,3.567,0.8371515149387734
132,10,1,11.86,3.567,0.5819941213846314
132,10,2,20.72,3.833,0.733073572824853
132,10,3,12.36,3.1,0.9445068330556929
132,10,5,24.05,3.3,0.8813277079176386
120,10,1,9.92,4.167,0.5598371943498017
120,10,2,20.24,4.033,0.7185530493786216
120,10,3,12.76,3.033,0.834934795640005
120,10,5,24.71,3.367,0.9159210875705073
0,11,1,12.66,2.967,0.6562401703627165
0,11,2,17.74,3.367,0.8167430667041874
0,11,3,10.5,2.7,0.9181557295465239
0,11,5,22.62,4.033,0.9891898775780247
168,10,1,16.18,3.233,0.6610645673070769
168,10,2,12.79,3.033,0.616156624370279
168,10,3,11.96,3.167,0.8247992802283616
168,10,5,22.31,3.367,0.9469444663739229
36,11,1,13.14,3.233,0.6530400715954637
36,11,2,18.6,2.967,0.9440759975746046
36,11,3,10.26,3.033,0.7443099157885918
36,11,5,26.0,3.567,1.0075917355879576
156,10,1,15.3,3.167,0.6336389050434317
156,10,2,14.39,4.633,0.5258294867276431
156,10,3,11.61,3.033,0.9123158769369157
156,10,5,25.25,3.433,0.9405941544777492
24,11,1,12.58,3.3,0.6554615706879133
24,11,2,21.49,3.233,0.8958200726254465
24,11,3,10.52,2.567,0.7903801070175772
24,11,5,24.11,3.767,1.0567640318872116
144,10,1,13.0,3.433,0.5712933075675685
144,10,2,19.77,3.767,0.6033479558441442
144,10,3,12.23,3.033,0.9636677691064386
144,10,5,23.88,3.433,0.9529334720346423
180,10,1,15.21,3.233,0.6681962032192155
180,10,2,14.29,3.3,0.6675679094594319
180,10,3,11.84,3.367,0.801817038427293
180,10,5,23.83,3.1,0.8993592659777846
12,11,1,12.48,3.033,0.6636961045760542
12,11,2,20.75,3.167,0.9062083256496666
12,11,3,9.65,2.767,0.8389083719271221
12,11,5,23.06,3.767,0.9075793285967273
48,11,1,12.84,2.767,0.6423040128605206
48,11,2,18.42,3.233,1.0935320954628014
48,11,3,10.09,2.967,0.7652621826943824
48,11,5,23.37,3.433,0.9146754144866128
60,11,1,13.97,2.833,0.6253029864414186
60,11,2,19.93,3.1,1.1430769964217744
60,11,3,9.32,2.5,0.8817004932545064
60,11,5,22.65,3.3,1.0018432211615218
72,11,1,13.47,2.7,0.6323796258314897
72,11,2,21.46,2.767,1.2271132888124863
72,11,3,11.72,2.633,0.7749882729609023
72,11,5,25.61,3.167,1.0394027172237723
84,11,1,12.46,2.967,0.7167979364064934
84,11,2,22.38,2.767,1.3199756738241761
84,11,3,13.85,2.767,0.8208907829322811
84,11,5,25.3,3.233,1.0750456140621756
144,11,1,12.42,3.1,0.78987129948108
144,11,2,24.15,2.767,1.308747186268969
144,11,3,8.84,2.5,0.9685718693338291
144,11,5,24.18,3.5,1.0380698954457883
96,11,1,11.29,2.633,0.7062895717240556
96,11,2,25.01,2.7,1.3730872472698126
96,11,3,13.3,2.567,0.7820859953874544
96,11,5,27.39,3.233,1.02459376710977
168,11,1,12.29,2.967,0.8806795534398786
168,11,2,16.0,2.833,1.2515360118604995
168,11,3,11.25,2.567,1.0516425073817568
168,11,5,22.75,3.5,0.9052307559504266
156,11,1,12.58,2.833,0.8086531091447395
156,11,2,17.4,2.633,1.1965433332541295
156,11,3,9.64,2.633,1.0118301987321046
156,11,5,23.28,3.5,0.9355752859213174
132,11,1,11.89,2.967,0.6290234138183247
132,11,2,26.51,2.7,1.2795084799964436
132,11,3,8.53,2.567,0.9104236795786469
132,11,5,23.88,3.433,1.0580928110683652
108,11,1,9.26,2.9,0.7320090625940012
108,11,2,24.45,2.633,1.3549180227885516
108,11,3,11.78,2.967,0.8244931805135749
108,11,5,25.66,3.433,1.0896811825735382
120,11,1,10.44,3.033,0.7392704127531673
120,11,2,26.47,2.7,1.2585761709530414
120,11,3,9.55,2.767,0.8553165355320341
120,11,5,24.79,3.567,1.0657203108243936
180,11,1,13.21,2.833,0.8677322757915673
180,11,2,16.45,3.033,0.8827070931328527
180,11,3,11.47,2.7,1.0523583035983384
180,11,5,24.45,3.9,0.8273141289310784
60,12,1,14.33,2.833,0.8398968741565062
60,12,2,16.84,2.7,1.2056041298128692
60,12,3,8.32,2.9,0.7924074773575891
60,12,5,24.34,2.967,1.1893507251958975
24,12,1,14.63,2.833,0.8806091480213866
24,12,2,16.07,2.767,1.2218875764179349
24,12,3,13.21,2.9,0.8870842276928366
24,12,5,23.2,2.967,1.1573350523947625
12,12,1,15.06,2.767,0.8615789499940604
12,12,2,17.58,2.767,1.253942935894357
12,12,3,13.78,2.767,0.9554797102186903
12,12,5,22.13,3.1,1.1976487628876582
72,12,1,15.56,2.967,0.7716472368837236
72,12,2,16.96,2.633,1.1466587831233643
72,12,3,11.27,2.9,0.8436195914865892
72,12,5,22.24,2.833,1.2196548537572638
0,12,1,14.63,2.833,0.7887384916308283
0,12,2,13.13,2.9,1.156339484797593
0,12,3,12.94,2.9,0.95660189953671
0,12,5,22.48,3.367,1.0928353044918162
36,12,1,14.52,2.9,0.8428857939629683
36,12,2,17.09,2.767,1.2901764222667498
36,12,3,11.65,2.633,0.8047625178878128
36,12,5,24.32,3.033,1.1571228611909503
84,12,1,14.11,3.167,0.7220090618415715
84,12,2,15.13,2.633,1.0774264149676993
84,12,3,13.4,3.033,0.79983542379179
84,12,5,22.66,2.9,1.2109840550965485
96,12,1,11.38,2.967,0.7030179740669527
96,12,2,15.41,2.7,1.003994004020792
96,12,3,14.75,2.7,0.7724284220781357
96,12,5,21.88,2.9,1.2751162294795495
48,12,1,14.52,2.967,0.8408505347999256
48,12,2,17.84,2.633,1.2378225136209087
48,12,3,11.13,2.967,0.9692437860580353
48,12,5,24.69,3.033,1.2300626325790904
108,12,1,10.9,3.233,0.6681185591200421
108,12,2,15.53,2.7,0.9510290845876409
108,12,3,14.61,2.967,0.7835363707372003
108,12,5,19.97,2.967,1.2760980462823992
120,12,1,12.14,3.233,0.6043207068433305
120,12,2,14.13,2.967,0.8464408066495646
120,12,3,13.92,3.3,0.7878264712164438
120,12,5,19.81,2.9,1.2251220019583156
168,12,1,15.42,2.9,0.8648707560509644
168,12,2,12.56,2.833,0.7926348236746915
168,12,3,14.2,3.7,0.7657462574638976
168,12,5,20.8,3.1,1.130948123526654
156,12,1,14.67,2.767,0.880145499936884
156,12,2,17.58,3.033,0.8337868936934519
156,12,3,13.45,3.433,0.8168409826432407
156,12,5,21.23,3.033,1.2760900948504996
24,13,1,14.02,2.767,0.8819702923871527
24,13,2,33.78,2.833,1.1656834619656264
24,13,3,11.4,2.833,0.8860871730722554
24,13,5,18.66,3.567,0.8990181695160079
36,13,1,13.81,2.767,0.9160463483110344
36,13,2,33.98,2.833,1.032311684830123
36,13,3,10.98,3.033,0.8339406105640151
36,13,5,20.75,3.433,0.8624716034527152
12,13,1,14.04,2.9,0.9136401614746053
12,13,2,30.83,2.7,1.1423523304178094
12,13,3,10.69,3.033,0.8779216121084398
12,13,5,21.4,3.7,0.8269013867331705
180,12,1,14.48,2.833,0.8439040058215771
180,12,2,14.83,2.967,0.7572013137421565
180,12,3,12.28,3.233,0.7323899866356534
180,12,5,19.83,3.167,1.1246071275397271
0,13,1,14.41,2.833,0.8705026212373262
0,13,2,19.3,2.9,0.9815680012019525
0,13,3,11.06,3.1,0.8835737291183329
0,13,5,23.17,4.1,0.8294582249253647
132,12,1,14.72,2.967,0.8519071442324346
132,12,2,16.81,2.833,0.8334113588537788
132,12,3,13.46,3.367,0.8164186321796524
132,12,5,19.8,2.9,1.226122585790533
144,12,1,14.75,2.7,0.8326364031169097
144,12,2,19.67,2.767,0.7784162241133897
144,12,3,14.58,3.367,0.8275818298394088
144,12,5,20.15,2.967,1.2340574610969477
48,13,1,13.68,2.9,0.9063776791014084
48,13,2,32.08,2.967,0.9942509974351113
48,13,3,8.39,2.7,0.7205997736634598
48,13,5,22.71,3.367,0.828608213177245
60,13,1,12.58,2.967,0.8766593784053646
60,13,2,31.2,2.967,0.9674039291025394
60,13,3,8.23,3.233,0.6083062569280762
60,13,5,21.17,3.567,0.7840279979125917
72,13,1,12.33,3.033,0.8310859897911982
72,13,2,28.62,3.1,0.9729628896043494
72,13,3,8.53,3.633,0.6084833904590324
72,13,5,21.68,3.767,0.8607272243690485
84,13,1,12.53,2.833,0.6602659208362255
84,13,2,28.31,2.9,0.9851576449523318
84,13,3,9.33,3.3,0.6502871198072055
84,13,5,23.2,3.633,0.8763847031302482
96,13,1,10.77,2.833,0.8200464806162083
96,13,2,26.87,3.033,0.992162355968138
96,13,3,10.35,3.433,0.7567938909271806
96,13,5,22.65,3.7,0.8475584440114486
120,13,1,10.03,2.633,1.078195468856415
120,13,2,22.68,3.033,0.9888702883286848
120,13,3,12.39,3.567,0.8479932699755557
120,13,5,24.9,3.567,0.858161304430175
108,13,1,9.53,2.633,0.9178381694639266
108,13,2,26.09,3.1,1.0025683066756006
108,13,3,11.34,3.433,0.8610592852031163
108,13,5,24.75,3.633,0.8374926857420184
144,13,1,12.54,2.433,1.047604525497677
144,13,2,20.62,2.9,0.7067412158780658
144,13,3,13.5,3.167,0.8736560706838882
144,13,5,22.9,3.633,0.9520033798077404
156,13,1,13.1,2.5,1.03562577224725
156,13,2,22.4,3.633,0.6962707653212348
156,13,3,12.39,3.167,0.909424476210453
156,13,5,26.28,3.5,0.9445849440829647
132,13,1,12.39,2.433,1.0141633500437874
132,13,2,21.2,2.9,0.9372734543152976
132,13,3,12.95,3.567,0.865315333033377
132,13,5,24.88,3.433,0.8598022943983955
168,13,1,13.41,2.5,1.035423531583284
168,13,2,20.33,3.9,0.6475169671000848
168,13,3,11.94,3.1,0.8943962088165558
168,13,5,23.03,3.367,0.8954340015904689
180,13,1,12.64,2.7,1.016949723783003
180,13,2,22.24,4.633,0.5186339007996909
180,13,3,10.81,3.033,0.9447556566081242
180,13,5,23.59,3.367,0.9100290305348068
0,14,1,14.92,2.967,0.8100071864701147
0,14,2,12.76,3.033,0.5927105067182767
0,14,3,11.51,3.1,0.6662974788644153
0,14,5,22.25,4.1,1.018361989360229
12,14,1,13.67,2.833,0.8027472363655676
12,14,2,19.97,2.567,0.7732976319970924
12,14,3,12.46,3.3,0.6551298264755379
12,14,5,20.7,4.033,0.8645100969393034
24,14,1,14.02,3.1,0.7530581286515539
24,14,2,21.69,2.7,0.8112102217862684
24,14,3,10.95,3.367,0.5409463789550497
24,14,5,22.8,4.033,1.0304403894848593
48,14,1,13.79,2.9,0.6677081988558098
48,14,2,19.98,2.7,0.8979810420300528
48,14,3,9.33,2.9,0.5756718013155077
48,14,5,21.59,3.567,0.9104916096466984
72,14,1,12.8,3.1,0.6065204323524643
72,14,2,21.71,2.833,0.9420847628940497
72,14,3,11.58,2.967,0.6876041845679323
72,14,5,23.79,3.367,0.963719855736941
36,14,1,14.09,2.967,0.7100192294203064
36,14,2,20.87,2.633,0.9074368096604072
36,14,3,11.36,2.833,0.5334622926898342
36,14,5,22.58,3.767,0.8875117453832291
84,14,1,11.94,3.033,0.5833787222007515
84,14,2,20.14,2.633,0.9689919471790608
84,14,3,12.02,3.367,0.7781144278031856
84,14,5,23.96,3.433,1.003595431291709
96,14,1,10.27,3.1,0.4376656790968496
96,14,2,19.23,2.833,0.8904615674775102
96,14,3,12.44,3.5,0.7673972555042827
96,14,5,26.05,3.367,1.0018142548639548
60,14,1,13.92,2.9,0.6718732806203901
60,14,2,20.12,2.833,0.8719588350990203
60,14,3,11.12,3.3,0.5713705217649048
60,14,5,21.1,3.5,1.039523332767343
132,14,1,12.3,3.5,0.482646754004
132,14,2,17.12,2.633,0.7447300139437467
132,14,3,13.25,3.367,0.736086408685081
132,14,5,24.19,3.367,1.0500276818786975
120,14,1,10.34,3.167,0.6454378023718954
120,14,2,20.7,2.767,0.8119380958132236
120,14,3,14.06,3.5,0.7380570623479255
120,14,5,23.79,3.5,1.0382653427294515
108,14,1,9.03,3.233,0.6267000686488376
108,14,2,19.16,2.833,0.8602744085996871
108,14,3,13.46,3.433,0.7425994205628822
108,14,5,24.48,3.433,1.0444795617188865
144,14,1,12.37,3.5,0.5978205377460183
144,14,2,15.01,3.033,0.6448841369622612
144,14,3,13.29,3.433,0.7981201190754003
144,14,5,24.81,3.5,1.1151772243572908
156,14,1,12.22,3.9,0.5643631886921979
156,14,2,13.43,2.767,0.5605976970153532
156,14,3,13.16,3.3,0.871954024557165
156,14,5,23.12,3.5,1.0618849242977864
24,15,1,14.74,2.833,0.8669143669252576
24,15,2,23.71,3.033,0.8588641468199263
24,15,3,11.48,2.5,1.0491874802177703
24,15,5,22.27,3.1,1.1683539750812524
168,14,1,13.84,3.433,0.6137874564520618
168,14,2,15.76,4.1,0.7641078408849095
168,14,3,12.4,3.033,0.90165650632036
168,14,5,23.2,3.433,1.0136301993402248
0,15,1,15.69,2.7,0.7780457212571299
0,15,2,16.51,2.9,0.8397050968539348
0,15,3,12.09,2.7,1.1649314816721748
0,15,5,22.19,3.3,1.1191108846288502
60,15,1,15.27,2.767,0.8674818545569217
60,15,2,24.29,2.9,1.0913741947954934
60,15,3,10.19,2.5,1.1808040952749443
60,15,5,22.4,2.967,1.1585812497711951
12,15,1,15.21,2.7,0.8283665436050319
12,15,2,20.34,3.167,0.8390600636268384
12,15,3,11.8,2.833,1.1623004171475835
12,15,5,22.42,3.233,1.1552215502807652
180,14,1,13.12,3.567,0.6776811356438915
180,14,2,15.24,2.967,0.6121601099840626
180,14,3,12.4,3.033,0.9263243348447111
180,14,5,25.53,3.633,0.9190599445305854
48,15,1,14.71,2.833,0.8856644333990593
48,15,2,22.84,3.033,0.9885231345053562
48,15,3,9.29,2.5,0.9970671970002523
48,15,5,23.11,3.033,1.1601409606542916
72,15,1,16.15,2.767,0.8363942154150453
72,15,2,25.07,2.833,1.1610412705081055
72,15,3,11.2,2.7,1.1913272801193846
72,15,5,21.92,2.833,1.148187465430642
36,15,1,14.01,2.767,0.873683983974089
36,15,2,23.52,3.1,0.8803239337701863
36,15,3,12.81,2.7,0.9165698948782541
36,15,5,23.26,2.967,1.0725188976669824
84,15,1,15.54,2.767,0.838572906573673
84,15,2,26.57,2.9,1.1812830306865687
84,15,3,11.99,2.7,1.136946256991791
84,15,5,21.62,2.967,1.195502274539893
96,15,1,12.38,2.833,0.8272802655765035
96,15,2,25.42,2.9,1.1339609642556205
96,15,3,14.71,2.9,1.076744100337154
96,15,5,21.02,3.033,1.2877540958598044
120,15,1,12.56,2.967,0.776049220513444
120,15,2,27.04,2.833,1.1455974171156242
120,15,3,13.57,2.567,1.1144093034124396
120,15,5,19.8,2.9,1.2956802326378756
0,16,1,15.43,2.967,0.764082161337445
0,16,2,14.1,3.033,0.9435601917166759
0,16,3,10.08,3.767,0.6298666266478672
0,16,5,23.32,3.833,0.8517514542918538
12,16,1,14.46,3.167,0.7991880671883699
12,16,2,16.58,3.3,0.879261270390406
12,16,3,10.71,3.567,0.5811769130734982
12,16,5,21.38,3.7,0.8836117653952147
180,15,1,13.4,2.833,0.7662912242243176
180,15,2,22.25,3.033,1.010928317035733
180,15,3,12.85,2.767,1.1668702583480914
180,15,5,19.92,3.167,1.11975880831263
156,15,1,14.33,2.767,0.8030922960288411
156,15,2,24.73,2.567,1.034420925784565
156,15,3,13.39,2.7,1.1571565614331296
156,15,5,21.49,2.967,1.294859464732136
144,15,1,14.68,2.967,0.8335439794773134
144,15,2,27.78,2.7,1.1432159278808691
144,15,3,13.56,2.7,1.1721535899420736
144,15,5,20.17,2.9,1.2724967889530447
168,15,1,13.19,2.9,0.7921504492078257
168,15,2,20.56,2.567,1.119005532284964
168,15,3,12.65,2.567,1.125784690514721
168,15,5,21.38,3.1,1.1927474351943705
132,15,1,15.0,3.033,0.8022557637994978
132,15,2,26.33,2.767,1.161986356796395
132,15,3,13.5,2.567,1.1932643295656535
132,15,5,20.44,2.9,1.302942341084933
108,15,1,10.52,2.833,0.815903420160942
108,15,2,28.44,2.9,1.1587570554598174
108,15,3,14.32,2.7,1.1010647060687593
108,15,5,20.04,2.967,1.314409720250316
24,16,1,13.74,3.233,0.7542504191949995
24,16,2,17.62,3.167,0.9530439396311072
24,16,3,10.89,3.233,0.5258874494445903
24,16,5,19.75,3.7,0.8885967928840768
36,16,1,15.56,3.1,0.7486574349179739
36,16,2,16.85,3.367,1.0061603185420915
36,16,3,11.04,3.833,0.6090808631356778
36,16,5,20.49,3.433,0.8326985109544784
108,16,1,9.76,3.033,0.7371725486072309
108,16,2,19.16,3.167,1.02300527073139
108,16,3,12.57,3.033,1.0354008352196988
108,16,5,24.95,3.367,0.9554598676531253
72,16,1,14.58,3.367,0.6314023393305077
72,16,2,18.81,2.767,1.138754299111599
72,16,3,11.05,3.033,0.7549644019918754
72,16,5,21.44,3.5,0.8850491015322683
60,16,1,14.13,3.367,0.6820377672093287
60,16,2,17.79,3.033,1.130980467091161
60,16,3,8.57,3.5,0.7286845672965109
60,16,5,20.33,3.433,0.8147773150242199
84,16,1,13.75,3.3,0.5861025673516732
84,16,2,19.31,2.833,1.0963859022766298
84,16,3,12.85,3.3,0.8927460407886043
84,16,5,23.51,3.433,0.9014482571079259
96,16,1,10.55,3.633,0.6035839320406651
96,16,2,19.93,2.833,1.025680981037485
96,16,3,13.42,2.9,0.9566577109459558
96,16,5,22.24,3.5,0.9365300420113662
144,16,1,14.73,2.9,0.7936147627375431
144,16,2,14.99,3.233,0.8620839155131875
144,16,3,12.48,2.967,0.9159549829536026
144,16,5,22.57,3.367,0.9582873313555732
120,16,1,10.21,2.767,0.7755649325257903
120,16,2,19.38,3.1,0.9381744391157821
120,16,3,11.54,2.9,1.011624882035644
120,16,5,23.43,3.3,0.9296098017830285
156,16,1,14.42,3.033,0.7107008164207901
156,16,2,13.62,3.433,0.7450392105985313
156,16,3,12.26,3.033,0.9025211974822125
156,16,5,23.1,3.433,0.9598497223471498
132,16,1,13.5,2.833,0.7418226059685016
132,16,2,17.58,2.9,0.8133036113702934
132,16,3,12.43,2.833,0.957526953652987
132,16,5,24.2,3.3,0.9449677434900665
48,16,1,14.1,2.967,0.7514958130034338
48,16,2,18.23,3.033,1.0457943446467326
48,16,3,8.5,3.433,0.5053422059739072
48,16,5,21.8,3.233,0.9045515153693523
168,16,1,14.43,2.967,0.7500919934990284
168,16,2,12.34,2.833,0.8466975195251062
168,16,3,12.5,3.1,0.8794597247693012
168,16,5,22.44,3.433,0.9431021752300321
180,16,1,13.54,2.833,0.7652725359907996
180,16,2,15.03,2.833,1.0590479867218325
180,16,3,12.9,3.3,0.8128415910623179
180,16,5,22.53,3.367,0.8972325940514945
0,17,1,15.29,2.5,0.8846771761186079
0,17,2,20.68,3.167,0.6790030449789447
0,17,3,12.62,2.767,1.2595732987443369
0,17,5,20.81,3.9,1.0224822113519298
24,17,1,15.71,2.633,0.9624635254459124
24,17,2,25.07,2.767,0.957825371098293
24,17,3,9.76,2.7,1.0296323553085172
24,17,5,21.57,3.833,1.0441616762664387
12,17,1,15.93,2.567,0.9557769542713956
12,17,2,20.45,2.833,0.820285021785735
12,17,3,12.5,2.767,1.1986467772404632
12,17,5,19.96,3.767,0.8784808247868093
48,17,1,13.6,2.633,0.9765644589094548
48,17,2,21.68,2.767,1.0930181499481568
48,17,3,8.27,2.967,1.3595112665284697
48,17,5,21.32,3.7,0.8527969689715009
60,17,1,13.28,2.633,0.9309497710153604
60,17,2,19.57,2.967,1.0532779615406007
60,17,3,8.42,2.633,1.2148119693173254
60,17,5,21.95,3.7,0.9480563632383863
72,17,1,13.77,2.7,0.8589197222163758
72,17,2,19.07,2.833,1.0164921368661166
72,17,3,9.6,2.767,1.2324923505227408
72,17,5,24.29,3.5,0.8509934100732968
36,17,1,14.7,2.633,0.9541556358161122
36,17,2,22.77,2.767,1.0896994927280448
36,17,3,9.74,2.833,1.1531368297658768
36,17,5,20.74,3.7,0.854587581963872
84,17,1,12.59,2.633,0.8497416744266233
84,17,2,19.65,3.1,0.9603840394164828
84,17,3,10.82,2.633,1.1676311807394577
84,17,5,22.93,3.433,0.9098782205217786
96,17,1,11.3,2.7,0.666161107514171
96,17,2,19.12,3.033,0.9288262687812784
96,17,3,11.99,2.633,1.146517126437424
96,17,5,22.99,3.5,0.9599988548057835
108,17,1,9.27,2.767,0.6238069011556784
108,17,2,17.69,3.1,0.9528337336010468
108,17,3,13.2,2.633,1.1575478066275924
108,17,5,22.76,3.5,1.0176098303355017
120,17,1,8.53,2.567,0.6492974688455261
120,17,2,21.2,3.167,0.9319146243821471
120,17,3,13.24,2.633,1.2133793837583475
120,17,5,21.63,3.433,1.0365054744359075
132,17,1,9.3,2.833,0.5835091284318155
132,17,2,20.95,3.433,0.9449349643567652
132,17,3,13.5,2.633,1.2198499967805956
132,17,5,23.19,3.233,1.0705348175318483
12,18,1,15.85,2.767,0.8347216578482377
12,18,2,24.15,2.767,1.259381344897633
12,18,3,12.02,3.1,0.8167740965800564
12,18,5,21.64,3.167,1.1957322483244626
180,17,1,13.11,2.7,0.8415563111879656
180,17,2,14.38,3.5,0.7924870615536795
180,17,3,12.4,2.5,1.3221939501189661
180,17,5,25.56,3.567,0.8706490716648664
0,18,1,13.51,2.767,0.8559984236647106
0,18,2,21.42,2.367,0.9424180318773167
0,18,3,12.6,3.1,0.8818618457103283
0,18,5,22.55,3.167,1.1298312246331172
168,17,1,14.03,2.567,0.8432631276064113
168,17,2,13.38,4.033,0.8422415539673899
168,17,3,12.04,2.567,1.2703509852141122
168,17,5,22.48,3.433,1.0485482702867603
144,17,1,11.51,2.833,0.6634175998020769
144,17,2,16.65,3.433,0.9142049224931075
144,17,3,13.34,2.633,1.233532382264174
144,17,5,24.27,3.433,1.1685950388663988
156,17,1,12.47,2.567,0.8231849649181985
156,17,2,13.76,3.233,0.8688048033473188
156,17,3,13.65,2.633,1.2373095954480773
156,17,5,22.81,3.233,1.1469867774036182
36,18,1,14.27,2.833,0.9189696847501854
36,18,2,22.78,2.433,1.3066805120269447
36,18,3,11.56,3.167,0.7870000935032189
36,18,5,25.08,2.833,1.076142049130718
24,18,1,13.97,2.833,0.8591572716688012
24,18,2,22.14,2.633,1.2715274683295499
24,18,3,10.91,3.033,0.7391457451789387
24,18,5,22.2,3.033,1.1217492880273763
48,18,1,14.93,2.767,0.9024969605917302
48,18,2,23.95,2.5,1.3243300802112017
48,18,3,9.03,3.1,0.6187457906880288
48,18,5,24.26,2.967,1.1689970015401936
60,18,1,14.28,2.633,0.8684583031519557
60,18,2,24.09,2.633,1.2980902295571597
60,18,3,7.67,3.033,0.6675788371015408
60,18,5,24.36,3.033,1.199494954668782
72,18,1,14.22,2.7,0.9177309995350749
72,18,2,23.93,2.5,1.2715163202383908
72,18,3,9.35,3.033,0.7783778535428568
72,18,5,23.01,2.9,1.187777163431947
84,18,1,13.99,2.567,0.9253969223620907
84,18,2,24.45,2.7,1.1907479766333073
84,18,3,11.11,3.033,0.7960663607337198
84,18,5,24.13,2.967,1.1882390977788158
120,18,1,10.34,3.167,0.5887150953458516
120,18,2,25.54,2.567,1.1286622372693718
120,18,3,14.07,3.3,0.8696512416621819
120,18,5,23.41,2.9,1.1968751023866389
108,18,1,9.31,2.7,0.7982328175401255
108,18,2,24.37,2.7,1.119970404531809
108,18,3,12.46,3.367,0.8517393858488157
108,18,5,21.75,3.033,1.2158511028325996
96,18,1,11.44,2.567,0.8904190378330138
96,18,2,24.47,2.633,1.1587854171993193
96,18,3,11.55,3.433,0.8512467597960347
96,18,5,23.77,3.1,1.2161220439410718
144,18,1,11.41,3.3,0.6406696821738679
144,18,2,26.35,2.433,1.1475006145396165
144,18,3,16.17,3.1,0.8898631908037892
144,18,5,22.12,2.833,1.1812390291200543
156,18,1,11.47,3.033,0.6481109351408125
156,18,2,27.24,2.567,1.0647576866070954
156,18,3,15.79,3.1,0.903427374712157
156,18,5,23.04,2.9,1.2344044033955066
132,18,1,11.26,3.233,0.5281961736249844
132,18,2,27.27,2.5,1.1887691249160632
132,18,3,14.02,3.233,0.8657198582856951
132,18,5,23.59,2.833,1.1945411788949356
180,18,1,12.1,2.833,0.8303398740949449
180,18,2,21.25,2.033,0.9453667041243766
180,18,3,14.56,3.1,0.8703812027599493
180,18,5,26.01,2.9,1.1364485016954975
168,18,1,11.34,2.967,0.7645570674291171
168,18,2,18.37,2.5,0.969370651069732
168,18,3,14.32,3.1,0.8855770137581513
168,18,5,24.52,2.9,1.141149140512943
0,19,1,13.58,3.1,0.9075777923989017
0,19,2,22.26,3.167,0.6879004084370032
0,19,3,10.65,3.633,0.7300255966688227
0,19,5,25.54,3.567,0.915382116472566
12,19,1,13.67,3.3,0.8736239975397747
12,19,2,24.96,2.833,0.6650113367890256
12,19,3,10.19,3.5,0.7462798763558978
12,19,5,23.74,3.633,1.062493836267532
24,19,1,13.86,3.433,0.8017622922493354
24,19,2,25.33,3.167,0.7372646316361724
24,19,3,10.98,3.5,0.7526224647307482
24,19,5,22.83,3.633,1.0474782514559842
48,19,1,15.38,3.633,0.7226319725135504
48,19,2,27.01,3.367,1.0071494640745955
48,19,3,7.27,2.9,0.7645315729673584
48,19,5,23.51,3.367,1.0941854376636113
36,19,1,15.34,3.367,0.7443132197536401
36,19,2,27.36,3.3,0.8733608437371935
36,19,3,8.86,3.233,0.8150891323375522
36,19,5,22.45,3.3,1.0124767335345881
60,19,1,15.51,3.633,0.6749123781505152
60,19,2,26.52,3.233,1.0244907414063635
60,19,3,6.94,3.1,0.8271990137055533
60,19,5,21.91,3.5,0.9393760461898077
84,19,1,12.15,3.7,0.6062264649378497
84,19,2,24.4,3.7,0.914285024463782
84,19,3,9.42,3.567,0.8573991723663118
84,19,5,23.75,3.633,0.9576425137290904
72,19,1,14.27,3.567,0.6615165464922496
72,19,2,24.1,3.5,1.0077432878622967
72,19,3,7.25,3.233,0.7856179102480686
72,19,5,22.67,3.633,0.9833842103390853
96,19,1,11.78,3.833,0.6423894451454398
96,19,2,22.78,3.433,0.868837926521771
96,19,3,10.36,3.7,0.8252360606647579
96,19,5,23.6,3.767,0.9722411468428719
108,19,1,10.57,3.1,0.5715380142364325
108,19,2,21.06,3.633,0.8891683127952451
108,19,3,12.62,3.633,0.7529807035968502
108,19,5,25.72,3.9,0.9514847364177611
120,19,1,9.95,3.033,0.6644635194115687
120,19,2,20.76,3.5,0.8537628772635512
120,19,3,12.12,3.833,0.7041968341613267
120,19,5,25.85,3.9,0.903761287763507
132,19,1,13.13,3.033,0.6612846040491106
132,19,2,19.67,3.5,0.7999725818399224
132,19,3,10.71,3.7,0.7169982843335749
132,19,5,25.26,3.9,0.9045478260141264
144,19,1,14.79,3.833,0.622988094111805
144,19,2,19.54,3.3,0.7604057137623401
144,19,3,9.49,3.967,0.7091273677888623
144,19,5,25.34,3.9,0.9018333885365942
168,19,1,15.48,4.3,0.5498559397137254
168,19,2,13.83,3.633,0.6553099057809824
168,19,3,9.96,3.967,0.6358420759421509
168,19,5,25.19,3.9,0.9195340961819035
156,19,1,15.61,3.967,0.5799746247036641
156,19,2,18.71,3.567,0.6818456747261749
156,19,3,9.79,3.967,0.7115729681632844
156,19,5,26.19,3.967,0.8815678914522439
180,19,1,13.08,4.167,0.5235076212808214
180,19,2,16.55,3.833,0.8450924764491777
180,19,3,11.33,4.1,0.6101146113428955
180,19,5,27.53,3.633,0.9047360923200957
24,20,1,14.12,3.033,0.7286283461812931
24,20,2,20.27,3.033,0.9041430506174019
24,20,3,11.39,2.833,0.9070100732186532
24,20,5,19.62,3.767,0.9061262881665201
36,20,1,14.79,3.1,0.6994023806680242
36,20,2,20.66,3.433,0.9308590925634442
36,20,3,9.33,2.7,0.8631364873042239
36,20,5,20.94,3.967,0.7879352470218868
12,20,1,14.99,2.967,0.7278458509359911
12,20,2,17.24,2.967,0.9411252316737415
12,20,3,11.63,2.633,0.9429373073964576
12,20,5,18.44,3.5,0.8541631116587716
48,20,1,13.35,3.233,0.6590938598484696
48,20,2,21.84,3.367,0.9027513285402572
48,20,3,7.82,3.1,0.7771119684507415
48,20,5,21.41,3.833,0.8134254431108691
0,20,1,14.42,2.9,0.7272162497490839
0,20,2,14.99,2.967,0.8842248927838359
0,20,3,13.32,2.567,0.9425121325887748
0,20,5,20.06,3.767,0.9938455309462952
60,20,1,11.97,3.433,0.6079345361869951
60,20,2,19.84,3.433,0.8410748061430412
60,20,3,6.28,3.167,0.6536162343660303
60,20,5,21.99,3.833,0.8945555978875823
72,20,1,12.32,3.633,0.5796170688826885
72,20,2,20.07,3.367,0.8377671053986665
72,20,3,7.82,3.1,0.5836370548212684
72,20,5,23.61,3.833,0.8330462825953983
84,20,1,11.35,4.367,0.5803187591374361
84,20,2,20.75,3.567,0.791571745872308
84,20,3,8.28,3.033,0.7174340885869559
84,20,5,23.51,3.767,0.8714978673616526
108,20,1,9.15,4.767,0.3499399287474752
108,20,2,23.47,4.1,0.7367476236848234
108,20,3,11.58,2.633,0.9726548103529958
108,20,5,21.49,3.633,0.9835366128539544
96,20,1,10.31,4.1,0.43640044041687565
96,20,2,21.78,3.5,0.7784269710132058
96,20,3,10.84,2.767,0.8639654250821203
96,20,5,21.45,3.7,0.9237975631032701
120,20,1,9.73,3.767,0.4727687890282528
120,20,2,25.03,3.567,0.7707008738313447
120,20,3,12.3,2.5,1.0501588823120571
120,20,5,20.32,3.567,1.018501923893626
0,21,1,11.44,2.833,0.7493093314863899
0,21,2,15.08,3.367,0.8011589939365737
0,21,3,12.65,3.967,0.6997770435895161
0,21,5,24.37,3.833,0.8381271059894709
180,20,1,14.56,3.433,0.555332709747428
180,20,2,18.85,3.033,0.6342218099722847
180,20,3,13.74,2.567,1.1547090719337696
180,20,5,24.32,3.767,0.8562111342387307
132,20,1,11.07,3.633,0.5564603269260803
132,20,2,23.23,3.967,0.7137053160539951
132,20,3,12.19,2.5,1.096707951542773
132,20,5,21.38,3.367,1.0511894753379856
144,20,1,10.93,3.5,0.4386312432973541
144,20,2,24.62,3.633,0.6271032808130841
144,20,3,11.93,2.567,1.1104192675159263
144,20,5,23.11,3.633,1.1299336305081686
168,20,1,13.34,3.5,0.5204196553980223
168,20,2,18.17,3.5,0.6711655859145923
168,20,3,13.29,2.633,1.178391343721588
168,20,5,22.07,3.767,1.0120060787934457
156,20,1,12.44,3.167,0.5232885816540562
156,20,2,20.07,4.367,0.5437405629175549
156,20,3,13.68,2.567,1.1243720216402802
156,20,5,20.82,3.5,1.0468318687236455
24,21,1,11.9,3.033,0.8672348285391592
24,21,2,21.29,3.1,0.8519085422749908
24,21,3,11.69,3.9,0.6164681432142012
24,21,5,22.48,4.1,0.8067710371909015
12,21,1,12.8,2.833,0.784486465799407
12,21,2,21.16,3.3,0.828425607493258
12,21,3,12.75,3.767,0.6699298500258577
12,21,5,23.77,3.967,0.8363226522553234
36,21,1,12.03,2.967,0.8852528646666697
36,21,2,21.49,3.033,0.8628146679495831
36,21,3,10.44,4.233,0.5801269312551178
36,21,5,25.67,3.633,0.8272675874206623
72,21,1,11.12,2.833,0.8571202988323657
72,21,2,22.06,3.033,0.9158025768592644
72,21,3,9.42,4.767,0.4198838498484552
72,21,5,26.69,3.3,0.9813527358172746
120,21,1,9.47,2.767,0.7232148778710585
120,21,2,23.99,2.9,0.7912410904478517
120,21,3,12.65,3.433,0.5319712718693007
120,21,5,24.95,3.367,1.0158486672646492
108,21,1,8.09,2.7,0.6632043609165811
108,21,2,22.92,3.033,0.8284725729065036
108,21,3,9.95,3.633,0.5192171792991478
108,21,5,24.68,3.633,1.020822785191427
60,21,1,11.04,2.833,0.8171004522136107
60,21,2,23.43,2.967,0.9315118930507147
60,21,3,7.78,4.433,0.4661325660036449
60,21,5,26.71,3.5,0.9960838795014675
156,21,1,13.28,2.7,0.8499876616473563
156,21,2,20.22,3.1,0.6211541963940275
156,21,3,13.24,3.5,0.615475283493404
156,21,5,23.65,3.433,0.9622172269765119
96,21,1,8.83,2.767,0.7573837366879635
96,21,2,23.04,3.033,0.8373507252519237
96,21,3,9.45,3.7,0.4753651655415495
96,21,5,27.82,3.567,1.0835920891257134
84,21,1,10.53,2.633,0.732255359972663
84,21,2,23.19,3.033,0.8533561219731196
84,21,3,8.99,4.367,0.44988064775087505
84,21,5,27.18,3.433,1.0385816929157106
48,21,1,11.42,2.833,0.8821193830467506
48,21,2,23.76,2.9,0.9078623583843746
48,21,3,7.57,3.833,0.4977198190968749
48,21,5,25.91,3.5,0.9285057294236656
132,21,1,12.44,2.633,0.6850985788441932
132,21,2,25.88,2.9,0.7012546223378976
132,21,3,13.42,3.367,0.588962189733842
132,21,5,25.14,3.167,0.994324798539722
144,21,1,12.42,2.633,0.8087173222063059
144,21,2,23.03,3.367,0.5724076101996284
144,21,3,13.71,3.433,0.5749156270102402
144,21,5,23.87,3.233,0.9805785153069724
48,22,1,14.3,2.9,0.8095513122700196
48,22,2,17.44,2.9,1.1943586823348522
48,22,3,7.94,3.033,0.8834042245223613
48,22,5,26.75,3.1,1.0377316625660822
12,22,1,14.75,2.767,0.8728841486659252
12,22,2,17.8,3.033,1.061627295026034
12,22,3,12.79,3.367,0.8716704003268926
12,22,5,23.91,3.433,0.9415573992678259
24,22,1,15.11,2.833,0.9125504857276928
24,22,2,19.46,2.833,1.1552450784386665
24,22,3,10.05,3.1,0.924941968714348
24,22,5,24.76,3.767,0.9678375968423527
180,21,1,12.25,2.767,0.9215380129934734
180,21,2,18.03,2.7,0.7114796676948618
180,21,3,13.4,3.433,0.6065611542601164
180,21,5,26.68,3.633,0.8230909244783061
168,21,1,13.01,2.7,0.8934580093819301
168,21,2,14.85,3.1,0.6994212092729617
168,21,3,13.74,3.367,0.6283402941268551
168,21,5,25.31,3.633,0.8538762933776256
0,22,1,15.13,2.833,0.8453675105624542
0,22,2,16.34,3.5,0.9627754629529774
0,22,3,12.79,3.5,0.8878784251909548
0,22,5,25.54,3.433,0.8769744519875442
36,22,1,14.95,2.767,0.8307965762318041
36,22,2,18.68,2.9,1.2546419238638078
36,22,3,8.73,3.1,0.9897451649795742
36,22,5,24.55,3.167,0.9935604296367824
60,22,1,13.72,2.833,0.7836055980320674
60,22,2,17.63,3.1,1.1597186787368476
60,22,3,8.96,2.833,0.7572898833836755
60,22,5,24.69,3.3,0.9748422937740094
84,22,1,11.36,2.833,0.6196154359314416
84,22,2,18.02,2.767,1.023609501208245
84,22,3,12.67,3.1,0.8431076883726341
84,22,5,27.01,3.433,0.8886904956653864
72,22,1,13.59,2.9,0.7570814986322691
72,22,2,18.69,2.767,1.089787854863514
72,22,3,9.62,2.967,0.7755574076525954
72,22,5,26.32,3.5,0.9472551880288708
96,22,1,11.63,2.967,0.6998457277544058
96,22,2,20.33,2.833,0.972898736465698
96,22,3,14.25,3.367,0.864078918775866
96,22,5,25.87,3.5,0.9388661235984396
120,22,1,10.13,3.367,0.6021240329643454
120,22,2,22.63,2.7,0.9754161991728229
120,22,3,13.55,3.5,0.7757054247232804
120,22,5,26.9,3.3,0.9052389366475243
0,23,1,12.47,3.1,0.762111873758008
0,23,2,14.81,3.033,1.0662884392021539
0,23,3,10.74,2.967,0.9838075848899672
0,23,5,22.21,3.5,1.0078497543209752
132,22,1,11.77,2.9,0.6972759874886698
132,22,2,23.23,2.567,0.9640710100455286
132,22,3,12.91,3.567,0.7733083398808215
132,22,5,25.37,3.167,0.9460008147767497
180,22,1,12.95,2.9,0.7432503812718716
180,22,2,16.9,2.967,1.0098382201669354
180,22,3,11.88,3.433,0.6487096548766866
180,22,5,28.64,3.367,0.959472135495338
108,22,1,9.15,2.967,0.4834664253042508
108,22,2,20.11,2.833,0.9415774916988836
108,22,3,13.43,3.567,0.8305060202336938
108,22,5,27.43,3.433,0.9438960575263942
156,22,1,14.72,2.9,0.7604961306587734
156,22,2,19.54,2.633,0.9007500577759062
156,22,3,12.89,3.5,0.7110383532368387
156,22,5,26.7,3.5,0.9427117556475468
144,22,1,13.89,2.9,0.7312611092197348
144,22,2,22.06,2.633,0.9863561472172243
144,22,3,12.9,3.567,0.7417319169364897
144,22,5,27.02,3.167,0.943818602856981
168,22,1,13.41,2.9,0.7615441473034662
168,22,2,14.13,3.1,0.9569728040419739
168,22,3,13.15,3.3,0.6746127910104205
168,22,5,26.74,3.433,0.951559619284627
12,23,1,13.3,2.9,0.7800184877068181
12,23,2,13.66,2.9,1.0875781549351589
12,23,3,11.17,2.967,0.9359488209910002
12,23,5,21.1,3.433,0.9539467767624482
24,23,1,12.46,3.033,0.8168977363326676
24,23,2,17.31,2.833,1.038527107709977
24,23,3,11.99,2.833,0.9693441335715836
24,23,5,20.73,3.9,0.9759041917001243
36,23,1,13.6,2.9,0.7533828234840377
36,23,2,17.18,2.833,1.1442016217404403
36,23,3,12.47,3.033,1.0392609397782058
36,23,5,23.08,3.5,0.8798851794016634
72,23,1,13.57,2.767,0.8247329905234805
72,23,2,18.45,2.767,1.3441444299858583
72,23,3,8.08,2.767,0.9872573257714992
72,23,5,24.92,3.833,0.9696339462745103
48,23,1,13.69,2.967,0.7997461434290025
48,23,2,18.5,2.967,1.1746496129139956
48,23,3,9.9,2.7,0.9986428053412989
48,23,5,23.68,3.567,1.0732501104410839
108,23,1,9.89,2.833,0.6854934460872577
108,23,2,18.01,2.967,1.2541432992725867
108,23,3,11.54,2.833,1.0117001710557236
108,23,5,22.73,3.5,1.0382512095137613
96,23,1,10.26,2.633,0.7133754373488271
96,23,2,18.46,3.033,1.3187508006452144
96,23,3,10.66,2.9,1.0130088743559638
96,23,5,23.63,3.767,1.0424972555273466
120,23,1,10.33,3.1,0.805746541667801
120,23,2,17.99,3.167,1.231546360574156
120,23,3,12.29,2.9,0.9798387643866995
120,23,5,21.62,3.5,1.0924631177678694
84,23,1,12.35,2.7,0.8350389038866792
84,23,2,19.16,2.767,1.3407577004679143
84,23,3,10.37,2.7,1.0196364272857754
84,23,5,24.34,3.7,1.0270170667041967
60,23,1,13.53,2.9,0.8324597447025989
60,23,2,17.15,2.833,1.2380182391778345
60,23,3,9.36,2.967,0.9689268590810913
60,23,5,22.98,3.7,1.0508469281955541
132,23,1,12.37,3.233,0.6997681677626856
132,23,2,18.42,3.1,1.146998635124616
132,23,3,12.34,3.1,0.9447684774508878
132,23,5,23.6,3.3,1.1159396836918647
144,23,1,13.43,3.433,0.6557368581831802
144,23,2,17.03,3.3,1.010939133691143
144,23,3,12.65,3.033,0.9474338370214246
144,23,5,24.56,3.567,1.1813897761927712
156,23,1,15.26,3.367,0.6351638048370589
156,23,2,13.21,3.3,0.8767113767065827
156,23,3,13.87,3.167,1.0172036809144784
156,23,5,22.84,3.3,1.1677787771139765
168,23,1,14.45,3.233,0.6062688593076977
168,23,2,12.48,3.033,0.9632511089257555
168,23,3,12.48,2.967,1.07225404550267
168,23,5,23.6,3.367,1.1144625573222107
180,23,1,14.42,3.3,0.6133210482058357
180,23,2,13.36,3.1,0.8542073078283607
180,23,3,12.3,2.967,1.1280994572007457
180,23,5,25.04,3.433,0.9862063972390597
60,24,1,12.96,3.033,0.7729346992068121
60,24,2,26.59,2.767,0.9790850441706048
60,24,3,7.66,2.9,0.9053042309206186
60,24,5,25.0,3.633,0.9108542584078982
72,24,1,13.37,3.033,0.7785473576335908
72,24,2,26.69,2.767,1.041845080739785
72,24,3,8.83,2.833,0.8057982980186538
72,24,5,24.98,3.567,0.8830908362633217
36,24,1,13.59,2.967,0.872427108993283
36,24,2,27.89,2.5,0.8290191431474819
36,24,3,9.42,2.567,1.104598977791377
36,24,5,24.09,3.633,0.7338516042213848
84,24,1,12.24,2.833,0.6876030469951102
84,24,2,27.06,2.833,1.0862219182523445
84,24,3,8.99,2.967,0.7237277319307712
84,24,5,24.73,3.633,0.9422329606457754
96,24,1,10.83,3.3,0.6115735891864839
96,24,2,23.61,2.633,1.0764457104959864
96,24,3,10.32,2.967,0.7939744640286279
96,24,5,26.14,3.567,0.9429206981183444
12,24,1,14.07,2.833,0.9239306607557156
12,24,2,30.74,2.633,0.695344340526063
12,24,3,11.98,2.5,1.046640561752392
12,24,5,21.53,4.033,0.7596049732726763
24,24,1,14.34,2.9,0.9164933968114052
24,24,2,24.24,2.5,0.7716856560046761
24,24,3,10.84,2.633,1.0997327785904825
24,24,5,21.9,4.167,0.7199675883592008
0,24,1,12.66,2.833,0.9534980938153035
0,24,2,23.2,2.567,0.704012034541536
0,24,3,14.98,2.567,1.0208112648059815
0,24,5,22.79,3.767,0.792455587601587
48,24,1,12.63,2.9,0.8313798876409965
48,24,2,26.09,2.567,0.8882821841910634
48,24,3,8.37,2.433,1.0733683056590668
48,24,5,22.24,3.433,0.814202865051187
120,24,1,9.54,2.9,0.6751258374459058
120,24,2,20.11,2.767,1.0388438952689332
120,24,3,10.87,2.767,0.8761625957740331
120,24,5,24.95,3.5,0.8828967190177615
108,24,1,8.29,3.1,0.6422250142919173
108,24,2,22.33,2.633,1.0952573704147706
108,24,3,10.67,2.767,0.841910358547517
108,24,5,24.7,3.567,0.8854079870783753
132,24,1,12.09,2.967,0.8080980251189152
132,24,2,20.94,2.833,0.9574696431401021
132,24,3,11.44,2.567,0.89300827333397
132,24,5,25.96,3.233,0.8925542799646438
144,24,1,13.57,2.967,0.7825827167615375
144,24,2,20.02,2.833,0.7483062904933053
144,24,3,10.92,2.567,0.8873636231490067
144,24,5,23.09,3.433,0.847131448544309
0,25,1,13.1,2.967,0.800293708143498
0,25,2,17.91,3.567,0.7331986459809878
0,25,3,10.55,2.9,0.8592272646791805
0,25,5,25.36,3.433,0.8868542532416621
156,24,1,15.92,3.033,0.7818707088761717
156,24,2,19.83,2.833,0.7813205684343887
156,24,3,10.93,2.7,0.9082594960488393
156,24,5,22.42,3.433,0.8220918277838017
168,24,1,15.1,2.967,0.7875627756233012
168,24,2,14.98,2.367,0.5914746078338846
168,24,3,11.5,2.833,0.9258094828637173
168,24,5,22.6,3.567,0.8255473772895893
12,25,1,13.72,2.9,0.8437874662564642
12,25,2,25.67,2.967,0.7783373579000101
12,25,3,10.28,3.1,0.7946856660824968
12,25,5,28.89,3.367,0.8796351730227283
24,25,1,13.45,2.9,0.8709989266411557
24,25,2,23.15,3.1,0.9262711570997832
24,25,3,8.86,3.1,0.7604802167413911
24,25,5,30.6,3.833,0.8246242300389689
180,24,1,14.68,3.033,0.7822189586145394
180,24,2,21.27,2.7,0.9955286295567014
180,24,3,12.35,2.7,0.9299246136693485
180,24,5,22.99,3.433,0.7960568183276381
36,25,1,13.13,2.833,0.8458030234357565
36,25,2,25.36,3.167,1.0717649220878744
36,25,3,9.62,3.3,0.7765049524506143
36,25,5,29.02,3.3,0.8807893471444789
48,25,1,14.08,2.9,0.8416269977694989
48,25,2,24.39,3.1,1.0774922690510282
48,25,3,7.22,4.1,0.6425966895315902
48,25,5,25.79,3.3,0.9643068035847661
60,25,1,12.76,3.033,0.8674031378438232
60,25,2,23.55,3.167,1.0465791599692276
60,25,3,7.1,3.833,0.6526308646922352
60,25,5,28.02,3.367,0.8780686743209728
72,25,1,15.22,2.9,0.8158277812265794
72,25,2,23.71,3.033,1.007892928818075
72,25,3,8.96,3.9,0.7988288435591894
72,25,5,28.57,3.5,0.9069713692968027
96,25,1,10.78,2.833,0.7794829531795386
96,25,2,21.77,3.033,0.9489083865784331
96,25,3,10.21,2.9,0.8175590946397004
96,25,5,25.73,3.567,0.9400274355851168
120,25,1,8.73,2.767,0.5580059584832929
120,25,2,21.94,2.833,0.8170612351531571
120,25,3,11.21,2.9,0.819568664164475
120,25,5,25.83,3.367,0.873360431809433
84,25,1,11.61,2.833,0.8515238286450904
84,25,2,22.6,3.233,0.989742859924296
84,25,3,11.3,3.167,0.7440922491496186
84,25,5,26.79,3.433,0.8664114230461036
108,25,1,8.26,3.1,0.63480633607837
108,25,2,22.34,3.1,0.9068065708048108
108,25,3,10.33,2.967,0.8142492927572752
108,25,5,26.42,3.433,0.9407156808319266
132,25,1,9.39,3.433,0.7017794238320393
132,25,2,23.17,3.167,0.8410246544088532
132,25,3,11.82,2.7,0.8258317739145992
132,25,5,24.24,3.3,0.8796476347838241
168,25,1,14.05,2.9,0.8051285644968618
168,25,2,20.12,3.233,0.7065097981039984
168,25,3,10.51,2.7,0.93594669296239
168,25,5,24.97,3.367,0.8381300347472638
144,25,1,10.81,3.1,0.6901192243528276
144,25,2,20.73,2.967,0.819884726855707
144,25,3,11.79,2.767,0.8383896802699303
144,25,5,26.43,3.367,0.8285496873737327
180,25,1,13.83,2.833,0.8435148504796353
180,25,2,22.88,3.233,0.834988210123907
180,25,3,11.06,2.767,0.9946471579320295
180,25,5,27.98,3.167,0.9152046774670433
156,25,1,12.35,2.833,0.7740061096878655
156,25,2,30.47,2.9,0.8465405913366387
156,25,3,11.93,2.9,0.881825625929319
156,25,5,25.31,3.833,0.8006977760914318
0,26,1,13.17,3.1,0.6878354308086388
0,26,2,11.98,3.3,0.6522674489542561
0,26,3,13.58,2.967,0.8695617277177943
0,26,5,23.36,3.233,1.0073584408323415
12,26,1,13.77,2.9,0.7105556482915858
12,26,2,13.68,3.167,0.6437519009724809
12,26,3,12.45,2.9,0.8874426913367252
12,26,5,21.09,3.167,1.0008791083292305
24,26,1,13.96,3.033,0.727868457514816
24,26,2,18.44,3.233,0.8849392589008945
24,26,3,12.14,3.033,0.8272512869683172
24,26,5,19.97,3.567,0.9484837885233067
96,26,1,10.89,2.9,0.5595121038488234
96,26,2,20.85,2.967,1.0508392778246143
96,26,3,10.78,3.167,0.7625244970724109
96,26,5,23.18,3.7,1.0421206592830576
36,26,1,13.53,3.033,0.6803944953784395
36,26,2,20.28,3.1,1.0313425991195198
36,26,3,9.44,3.167,0.8010674233853435
36,26,5,22.97,3.233,0.9708362770874793
108,26,1,9.87,3.233,0.43224262046700024
108,26,2,21.17,2.967,1.0435763171150723
108,26,3,11.88,3.233,0.8631537964620866
108,26,5,22.73,3.433,1.013207347774258
120,26,1,10.24,3.3,0.5916333604835683
120,26,2,21.35,2.967,0.9858824463898567
120,26,3,12.76,3.233,0.8779946443968206
120,26,5,21.66,3.5,1.038836758130585
60,26,1,13.9,3.1,0.6690692408738149
60,26,2,20.65,2.967,1.0691769398390074
60,26,3,8.15,3.433,0.6329515031431344
60,26,5,25.54,3.5,1.0097761051268854
48,26,1,14.31,3.167,0.6693780768221393
48,26,2,20.56,2.967,1.037888181276952
48,26,3,8.04,3.1,0.6295498926615736
48,26,5,25.52,3.233,1.0905747503226804
72,26,1,13.92,3.167,0.643453076891168
72,26,2,19.76,3.1,1.0727335718988347
72,26,3,8.97,3.033,0.486957095101352
72,26,5,24.94,3.567,0.9918568889374254
84,26,1,12.55,3.233,0.5847556338936435
84,26,2,20.13,2.833,1.0583607303641358
84,26,3,10.81,3.233,0.5974903992881995
84,26,5,24.05,3.567,1.0399513801808764
132,26,1,12.44,3.3,0.6083806791980266
132,26,2,22.25,3.167,0.9993737394040331
132,26,3,12.78,3.433,0.8909013934059798
132,26,5,23.47,3.3,0.9755458359052636
144,26,1,12.63,3.367,0.6360912907841482
144,26,2,18.43,2.9,0.960974344661486
144,26,3,13.32,3.233,0.8582525990192841
144,26,5,24.47,3.5,0.9957348401225271
168,26,1,13.93,2.967,0.6423695307586169
168,26,2,12.5,2.7,0.836899941719905
168,26,3,12.41,3.367,0.737105701257105
168,26,5,23.62,3.5,0.8904728087673915
156,26,1,13.38,3.233,0.6632009587576579
156,26,2,15.03,2.633,0.9905958265882896
156,26,3,11.81,3.367,0.8049080190063154
156,26,5,23.05,3.367,0.9400621426156097
60,27,1,14.55,3.167,0.7726916472473723
60,27,2,20.16,3.033,0.9135920445497739
60,27,3,7.49,2.967,0.9995163390915697
60,27,5,25.38,3.633,0.9065267345399434
72,27,1,14.06,3.233,0.7591613056341848
72,27,2,20.47,3.233,0.8685255239412908
72,27,3,9.48,3.1,0.9761461095916958
72,27,5,25.09,3.567,0.9523497900478185
36,27,1,14.25,2.833,0.9460608200262945
36,27,2,21.97,2.767,0.9355126015230218
36,27,3,9.75,3.833,0.9096597504379327
36,27,5,24.44,3.9,0.8163353878313632
180,26,1,12.66,3.1,0.6918268899121538
180,26,2,13.16,2.9,0.835490166194184
180,26,3,12.82,3.3,0.691896503655737
180,26,5,25.32,3.833,0.8383115834913528
48,27,1,14.06,3.033,0.8563100279524136
48,27,2,22.01,2.767,0.9312855916956714
48,27,3,8.45,3.5,0.9492436226188425
48,27,5,22.66,3.7,0.8354998401192422
0,27,1,12.97,2.767,1.1201889858889404
0,27,2,18.91,2.833,0.7349790080365229
0,27,3,11.92,3.567,0.8831719621544226
0,27,5,25.03,3.967,0.7747425621889141
12,27,1,14.61,2.767,1.0780075997616512
12,27,2,18.17,2.967,0.6999844839206714
12,27,3,11.19,4.1,0.9139815165156264
12,27,5,24.56,4.233,0.7140299579010021
24,27,1,14.07,2.767,1.0156388300718742
24,27,2,21.28,2.9,0.8188616208364674
24,27,3,11.25,3.967,0.8811597623070246
24,27,5,22.36,4.033,0.7452864421639217
96,27,1,11.05,2.967,0.700442939118607
96,27,2,19.33,3.167,0.919149842891505
96,27,3,12.0,3.167,1.0777269874770972
96,27,5,27.08,3.433,0.981843472543569
84,27,1,14.86,3.1,0.6783740079414534
84,27,2,19.71,3.233,0.9176228009303933
84,27,3,11.04,3.367,1.1099316265455414
84,27,5,25.6,3.567,0.983366666054013
120,27,1,10.75,2.833,0.875833512034746
120,27,2,20.67,3.033,0.8800947667312504
120,27,3,13.71,3.1,0.8982023455821476
120,27,5,25.92,3.7,0.88807728982941
108,27,1,9.56,2.7,0.75822611852705
108,27,2,22.0,3.033,0.893827315678507
108,27,3,12.94,3.233,0.9708100683374656
108,27,5,25.02,3.5,0.9015647282843384
168,27,1,14.6,2.9,0.957504675473011
168,27,2,17.98,2.767,1.2143779836158668
168,27,3,11.37,2.967,0.7762199617032938
168,27,5,24.88,3.633,0.8385557616441791
144,27,1,13.55,2.833,0.8876978154294309
144,27,2,21.68,2.833,0.8679227035132138
144,27,3,11.88,3.233,0.804754699395015
144,27,5,25.95,3.433,0.8421613302673235
156,27,1,15.05,2.833,0.9192177306894763
156,27,2,20.15,2.833,0.8997090047140641
156,27,3,10.82,3.033,0.7984448985873402
156,27,5,24.33,3.567,0.8342252865181841
180,27,1,14.97,2.7,0.9606142984592833
180,27,2,18.7,2.833,1.1163507338497216
180,27,3,10.2,3.1,0.7564750753925042
180,27,5,24.11,3.433,0.8291232664039595
132,27,1,12.41,2.7,0.8922021196558564
132,27,2,21.65,2.967,0.8733990633618133
132,27,3,12.77,3.233,0.8766974352068373
132,27,5,27.11,3.367,0.8712784339640214
0,28,1,14.39,3.367,0.8491062527124407
0,28,2,17.77,2.833,1.2118440598192077
0,28,3,10.56,3.033,0.9115867876082319
0,28,5,26.9,3.3,0.9473911101655905
12,28,1,14.15,3.3,0.8655412666486421
12,28,2,21.26,2.967,1.136645674512812
12,28,3,10.63,2.967,0.8810726925098765
12,28,5,25.74,3.167,0.9035560198966193
24,28,1,14.43,3.3,0.8607915131219394
24,28,2,20.81,3.233,1.2418661972230958
24,28,3,10.71,2.967,0.8290625236290928
24,28,5,27.38,3.5,0.8831125889647153
48,28,1,14.13,2.9,0.9264523843008554
48,28,2,18.11,2.833,1.225200174563669
48,28,3,8.34,2.9,0.9817034039226225
48,28,5,25.44,3.233,0.9872167092246911
60,28,1,14.85,2.9,0.9319158225493455
60,28,2,17.34,2.967,1.1702835009941492
60,28,3,7.08,2.967,0.8817649991306054
60,28,5,27.01,3.433,0.9420403087790746
108,28,1,9.36,2.7,0.7765790014809067
108,28,2,20.13,3.1,1.0582870504065165
108,28,3,9.19,3.167,0.732587676341563
108,28,5,28.74,3.5,0.8785481643862189
120,28,1,9.81,2.5,0.7978614697008527
120,28,2,19.69,2.967,1.1211460254472279
120,28,3,9.73,2.967,0.7696911942883057
120,28,5,29.85,3.3,0.8281722767961248
84,28,1,12.84,2.633,0.863411076137266
84,28,2,18.74,3.1,1.108385067507214
84,28,3,8.57,3.233,0.8231223476136289
84,28,5,29.33,3.433,0.8223145349323291
144,28,1,10.51,3.3,0.6088755788373235
144,28,2,18.72,2.967,0.878621051147586
144,28,3,9.91,3.367,0.8159138414523764
144,28,5,29.04,3.433,0.8135686397761384
72,28,1,15.07,2.767,0.898418715847637
72,28,2,17.87,2.9,1.1495145102798097
72,28,3,7.59,3.1,0.8498771179504695
72,28,5,29.5,3.633,0.8919584159109782
96,28,1,12.02,2.567,0.7472836520170311
96,28,2,18.97,3.167,1.0983840225934847
96,28,3,8.72,3.367,0.7520056619557816
96,28,5,30.11,3.433,0.8518068459000552
36,28,1,14.86,3.167,0.8890398616150392
36,28,2,18.42,2.9,1.2442539895207572
36,28,3,9.04,3.033,0.9491378120997068
36,28,5,26.44,3.167,0.896541089201178
132,28,1,9.6,3.233,0.6592644779526827
132,28,2,18.65,3.1,1.0341580713905776
132,28,3,9.48,3.1,0.8227889879206861
132,28,5,26.74,3.367,0.8289601204075707
156,28,1,11.72,3.433,0.7000411110432914
156,28,2,17.85,2.7,0.7185013954779174
156,28,3,10.48,3.3,0.8705343497720976
156,28,5,29.86,3.5,0.7991708591651443
168,28,1,13.42,2.9,0.7097855314651886
168,28,2,12.53,3.1,0.8952238733246827
168,28,3,9.62,3.1,0.8954123801522805
168,28,5,27.71,3.233,0.7890884084984366
36,29,1,12.67,3.167,0.6807272694297196
36,29,2,18.19,2.967,0.9378302626978416
36,29,3,9.83,2.5,1.0482923600852723
36,29,5,28.75,3.367,0.9683344874726862
48,29,1,12.35,2.967,0.680120106991111
48,29,2,19.07,3.033,0.9239523572102019
48,29,3,8.94,2.567,1.0357165782296927
48,29,5,28.47,3.367,1.1164304951193738
60,29,1,12.46,2.967,0.7135104745414499
60,29,2,19.47,2.967,0.9057503004928011
60,29,3,7.96,2.633,1.168777715271943
60,29,5,26.66,3.5,1.0922334591941387
72,29,1,12.27,2.7,0.6967053261617545
72,29,2,20.01,3.033,0.8769435724084063
72,29,3,7.95,2.7,0.9787154392421195
72,29,5,26.66,3.367,1.0766947068110906
0,29,1,15.6,2.7,0.7189301944930067
0,29,2,15.39,3.1,0.9483729846767271
0,29,3,10.96,2.9,1.0289443218617869
0,29,5,27.42,3.233,0.9407254133433671
180,28,1,13.71,2.967,0.732628265505358
180,28,2,13.73,2.833,0.9374488868334007
180,28,3,10.11,3.1,0.8270223970430043
180,28,5,29.95,3.3,0.9164762623632895
12,29,1,14.29,2.767,0.7044014666486865
12,29,2,16.48,2.9,1.0001291011530615
12,29,3,11.03,2.767,0.9746090429436698
12,29,5,25.01,3.367,0.9350736458603617
24,29,1,13.64,3.1,0.6881400716005219
24,29,2,21.6,2.967,0.9275897571588203
24,29,3,10.68,2.7,1.0980324750781758
24,29,5,22.95,3.9,0.9354142778152027
84,29,1,12.09,2.9,0.6865842593912358
84,29,2,20.78,3.033,0.8397783638683111
84,29,3,10.73,2.767,0.8879184625368359
84,29,5,26.68,3.5,1.091623473932361
96,29,1,12.46,2.633,0.7800014613310351
96,29,2,20.68,3.167,0.8197632427968448
96,29,3,10.68,2.967,0.8939035081449505
96,29,5,26.48,3.5,1.0769850022032392
180,29,1,13.8,2.833,0.916072071463925
180,29,2,18.85,2.567,0.8079546888955677
180,29,3,12.55,3.233,0.8930424807073565
180,29,5,27.94,3.5,0.9356637719491786
0,30,1,14.88,2.833,0.8692621974528136
0,30,2,13.34,2.767,0.8439526182231882
0,30,3,10.64,2.633,1.2059420261005214
0,30,5,25.82,3.767,0.7791095904514935
24,30,1,14.23,3.033,0.8599885526249378
24,30,2,22.2,2.767,0.9780091132421923
24,30,3,11.79,2.7,0.9541323377060386
24,30,5,22.18,4.1,0.7117556864470528
132,29,1,13.3,3.1,0.7600903846484892
132,29,2,24.32,3.167,0.8402776119515117
132,29,3,12.4,2.833,0.855108221097711
132,29,5,25.53,3.433,0.9578177432941347
168,29,1,13.79,2.9,0.8538004842237
168,29,2,17.04,2.5,0.9295986209796248
168,29,3,11.9,2.967,0.8845785550696231
168,29,5,26.96,3.5,0.9237578203801047
12,30,1,15.06,2.767,0.8767066307829128
12,30,2,18.66,2.767,0.9768801268044504
12,30,3,10.57,2.567,1.112986131746842
12,30,5,25.08,4.033,0.7204720299564106
120,29,1,11.17,2.7,0.6655792546891041
120,29,2,24.86,3.367,0.8305382312917458
120,29,3,12.43,2.9,0.8467215384692455
120,29,5,24.41,3.567,1.0378722573231745
144,29,1,13.13,2.9,0.777818411617894
144,29,2,22.34,3.3,0.8284399245777835
144,29,3,12.11,2.967,0.8407380709328123
144,29,5,25.11,3.5,0.9707373692365419
156,29,1,13.38,3.1,0.812325019760858
156,29,2,20.04,3.033,0.7738072717215452
156,29,3,11.98,3.033,0.8518136208345789
156,29,5,25.28,3.5,0.9051229438019075
108,29,1,10.49,2.767,0.6082722195584657
108,29,2,23.57,3.367,0.7798914969589874
108,29,3,12.23,2.833,0.895346046257931
108,29,5,26.03,3.433,1.0379063953493146
36,30,1,14.69,2.9,0.8282250889429238
36,30,2,22.4,2.767,1.0571122752797042
36,30,3,10.81,2.7,0.9006118544817147
36,30,5,23.39,4.1,0.8292547300139939
48,30,1,14.59,3.167,0.827135806621467
48,30,2,21.32,2.833,1.074760788685472
48,30,3,11.61,2.5,0.8363291120632695
48,30,5,21.83,3.9,0.7685539200380466
60,30,1,14.61,3.1,0.8327349269488133
60,30,2,21.44,3.033,1.0150509184638925
60,30,3,8.8,2.9,0.8714613747791479
60,30,5,23.16,3.967,0.7731451189351282
96,30,1,13.17,2.633,0.7339068511227004
96,30,2,18.42,2.967,1.136256311195865
96,30,3,9.83,2.633,1.150761775195592
96,30,5,25.87,3.633,0.7974526646550043
120,30,1,13.51,2.767,0.8127604894786313
120,30,2,16.01,3.233,1.068814686368642
120,30,3,10.32,2.567,1.3093840008652273
120,30,5,24.69,3.967,0.776331764630599
72,30,1,14.77,2.9,0.8080826160372466
72,30,2,20.19,2.9,1.0416664060158756
72,30,3,8.48,3.633,0.8134719459112387
72,30,5,23.72,3.967,0.7662408031885356
84,30,1,16.51,2.833,0.7302396172543556
84,30,2,18.66,2.967,1.0816691919631747
84,30,3,9.83,2.833,1.086844362618327
84,30,5,23.61,3.833,0.783943756836937
132,30,1,14.87,2.767,0.752648931824011
132,30,2,15.21,3.233,1.0188077951258505
132,30,3,11.16,2.767,1.1859534011632393
132,30,5,24.93,3.7,0.7841670580321907
156,30,1,15.61,2.9,0.8179847674115168
156,30,2,17.14,2.967,1.0228466515512316
156,30,3,10.98,2.833,1.120527644058924
156,30,5,22.78,3.833,0.7454156267641949
108,30,1,13.04,2.767,0.9007463067808474
108,30,2,17.34,3.167,1.104477441210128
108,30,3,9.99,2.567,1.2977268422717767
108,30,5,24.33,3.767,0.7739483084214234
144,30,1,13.92,2.9,0.7745041357529987
144,30,2,17.37,3.167,0.9630351599672273
144,30,3,11.13,2.833,1.1381023571193012
144,30,5,23.56,3.5,0.7792022341760113
180,30,1,15.13,2.833,0.8535876043189062
180,30,2,16.98,3.767,0.7349691261908365
180,30,3,12.1,3.033,0.9857562491230444
180,30,5,20.63,3.767,0.6372046196252452
168,30,1,12.81,2.967,0.8760591716592695
168,30,2,15.21,3.233,0.9798146217831767
168,30,3,10.74,2.9,1.0731294774519493
168,30,5,21.41,4.1,0.7071404452939712
