face,face_x_m,face_area_m2,n_pts,exc_max_m,exc_p99_m,frac_gt0,frac_gt0.2,area_gt0.2_m2,ymed_gt0.2,zmed_gt0.2,upper_left_frac_gt0.2,frac_gt0.3,area_gt0.3_m2,ymed_gt0.3,zmed_gt0.3,upper_left_frac_gt0.3,frac_gt0.5,area_gt0.5_m2,ymed_gt0.5,zmed_gt0.5,upper_left_frac_gt0.5,frac_gt0.8,area_gt0.8_m2,ymed_gt0.8,zmed_gt0.8,upper_left_frac_gt0.8
01,-0.204,57.12,300000,0.476,0.35,0.0403,0.02488,13.888,-4.84,0.82,0.0,0.01509,16.226,-4.97,0.61,0.0,0.0,,,,,0.0,,,,
02,1.634,68.39,300000,0.081,-0.067,0.0021,0.0,,,,,0.0,,,,,0.0,,,,,0.0,,,,
03,4.073,63.52,300000,0.403,0.186,0.0307,0.00861,11.233,-5.06,-0.31,0.0,0.00162,0.258,-5.15,-0.46,0.0,0.0,,,,,0.0,,,,
04,6.165,65.89,300000,0.797,0.028,0.014,0.00029,0.267,-4.6,-2.09,0.0,0.00027,0.069,-4.59,-2.1,0.0,0.00014,,,,,0.0,,,,
05,8.498,69.45,300000,0.919,-0.024,0.0078,0.00224,0.421,-4.51,-2.22,0.0,0.0012,0.488,-4.42,-2.45,0.0,0.00042,0.174,-4.53,-2.52,0.0,0.00012,,,,
06,11.306,69.56,300000,0.798,0.466,0.0571,0.0269,7.699,2.96,5.26,0.784,0.01895,8.692,2.86,5.34,0.883,0.00832,1.357,2.85,5.42,0.909,0.0,,,,
07,12.63,71.15,300000,1.084,0.743,0.0753,0.04895,2.784,2.72,5.42,0.747,0.0395,2.548,2.77,5.48,0.791,0.02469,2.603,2.84,5.59,0.869,0.00754,1.779,2.86,5.78,0.999
08,15.434,69.17,300000,0.506,0.146,0.0295,0.00709,5.338,3.11,5.12,0.958,0.00384,0.384,3.23,5.14,1.0,1e-05,,,,,0.0,,,,
09,16.91,68.68,300000,0.395,0.012,0.0111,0.00159,0.349,-4.77,-1.82,0.0,0.00055,0.117,-4.74,-1.88,0.0,0.0,,,,,0.0,,,,
10,18.234,71.47,300000,0.854,0.116,0.0194,0.00571,4.885,7.57,-1.76,0.0,0.00238,6.863,-4.35,-1.94,0.0,0.00045,0.627,-4.54,-2.46,0.0,3e-05,,,,
11,20.931,55.7,300000,0.562,0.125,0.0219,0.00592,1.415,6.12,3.3,0.988,0.00344,0.294,6.16,3.31,1.0,0.00048,0.129,6.29,3.3,1.0,0.0,,,,
12,22.204,65.35,300000,0.286,-0.043,0.0074,0.0016,1.46,7.62,-1.5,0.275,0.0,,,,,0.0,,,,,0.0,,,,
